
GccApplication1.elf:     file format elf32-avr

Sections:
Idx Name          Size      VMA       LMA       File off  Algn
  0 .data         0000002e  00800100  00001ab2  00001b46  2**0
                  CONTENTS, ALLOC, LOAD, DATA
  1 .text         00001ab2  00000000  00000000  00000094  2**1
                  CONTENTS, ALLOC, LOAD, READONLY, CODE
  2 .bss          00000006  0080012e  0080012e  00001b74  2**0
                  ALLOC
  3 .comment      0000005c  00000000  00000000  00001b74  2**0
                  CONTENTS, READONLY
  4 .note.gnu.avr.deviceinfo 00000040  00000000  00000000  00001bd0  2**2
                  CONTENTS, READONLY
  5 .debug_aranges 000000b8  00000000  00000000  00001c10  2**0
                  CONTENTS, READONLY, DEBUGGING
  6 .debug_info   00001280  00000000  00000000  00001cc8  2**0
                  CONTENTS, READONLY, DEBUGGING
  7 .debug_abbrev 00000a5d  00000000  00000000  00002f48  2**0
                  CONTENTS, READONLY, DEBUGGING
  8 .debug_line   00000a7f  00000000  00000000  000039a5  2**0
                  CONTENTS, READONLY, DEBUGGING
  9 .debug_frame  000001a0  00000000  00000000  00004424  2**2
                  CONTENTS, READONLY, DEBUGGING
 10 .debug_str    000005dd  00000000  00000000  000045c4  2**0
                  CONTENTS, READONLY, DEBUGGING
 11 .debug_loc    000008bb  00000000  00000000  00004ba1  2**0
                  CONTENTS, READONLY, DEBUGGING
 12 .debug_ranges 000000c0  00000000  00000000  0000545c  2**0
                  CONTENTS, READONLY, DEBUGGING

Disassembly of section .text:

00000000 <__vectors>:
       0:	0c 94 1a 01 	jmp	0x234	; 0x234 <__ctors_end>
       4:	0c 94 37 01 	jmp	0x26e	; 0x26e <__bad_interrupt>
       8:	0c 94 37 01 	jmp	0x26e	; 0x26e <__bad_interrupt>
       c:	0c 94 37 01 	jmp	0x26e	; 0x26e <__bad_interrupt>
      10:	0c 94 37 01 	jmp	0x26e	; 0x26e <__bad_interrupt>
      14:	0c 94 37 01 	jmp	0x26e	; 0x26e <__bad_interrupt>
      18:	0c 94 37 01 	jmp	0x26e	; 0x26e <__bad_interrupt>
      1c:	0c 94 37 01 	jmp	0x26e	; 0x26e <__bad_interrupt>
      20:	0c 94 37 01 	jmp	0x26e	; 0x26e <__bad_interrupt>
      24:	0c 94 37 01 	jmp	0x26e	; 0x26e <__bad_interrupt>
      28:	0c 94 37 01 	jmp	0x26e	; 0x26e <__bad_interrupt>
      2c:	0c 94 37 01 	jmp	0x26e	; 0x26e <__bad_interrupt>
      30:	0c 94 37 01 	jmp	0x26e	; 0x26e <__bad_interrupt>
      34:	0c 94 37 01 	jmp	0x26e	; 0x26e <__bad_interrupt>
      38:	0c 94 37 01 	jmp	0x26e	; 0x26e <__bad_interrupt>
      3c:	0c 94 37 01 	jmp	0x26e	; 0x26e <__bad_interrupt>
      40:	0c 94 73 01 	jmp	0x2e6	; 0x2e6 <__vector_16>
      44:	0c 94 37 01 	jmp	0x26e	; 0x26e <__bad_interrupt>
      48:	0c 94 37 01 	jmp	0x26e	; 0x26e <__bad_interrupt>
      4c:	0c 94 37 01 	jmp	0x26e	; 0x26e <__bad_interrupt>
      50:	0c 94 37 01 	jmp	0x26e	; 0x26e <__bad_interrupt>
      54:	0c 94 37 01 	jmp	0x26e	; 0x26e <__bad_interrupt>
      58:	0c 94 37 01 	jmp	0x26e	; 0x26e <__bad_interrupt>
      5c:	0c 94 37 01 	jmp	0x26e	; 0x26e <__bad_interrupt>
      60:	0c 94 37 01 	jmp	0x26e	; 0x26e <__bad_interrupt>
      64:	0c 94 37 01 	jmp	0x26e	; 0x26e <__bad_interrupt>
      68:	0c 94 37 01 	jmp	0x26e	; 0x26e <__bad_interrupt>
      6c:	0c 94 37 01 	jmp	0x26e	; 0x26e <__bad_interrupt>
      70:	0c 94 37 01 	jmp	0x26e	; 0x26e <__bad_interrupt>
      74:	0c 94 37 01 	jmp	0x26e	; 0x26e <__bad_interrupt>
      78:	0c 94 37 01 	jmp	0x26e	; 0x26e <__bad_interrupt>
      7c:	07 63       	ori	r16, 0x37	; 55
      7e:	42 36       	cpi	r20, 0x62	; 98
      80:	b7 9b       	sbis	0x16, 7	; 22
      82:	d8 a7       	std	Y+40, r29	; 0x28
      84:	1a 39       	cpi	r17, 0x9A	; 154
      86:	68 56       	subi	r22, 0x68	; 104
      88:	18 ae       	std	Y+56, r1	; 0x38
      8a:	ba ab       	std	Y+50, r27	; 0x32
      8c:	55 8c       	ldd	r5, Z+29	; 0x1d
      8e:	1d 3c       	cpi	r17, 0xCD	; 205
      90:	b7 cc       	rjmp	.-1682   	; 0xfffffa00 <__eeprom_end+0xff7efa00>
      92:	57 63       	ori	r21, 0x37	; 55
      94:	bd 6d       	ori	r27, 0xDD	; 221
      96:	ed fd       	.word	0xfded	; ????
      98:	75 3e       	cpi	r23, 0xE5	; 229
      9a:	f6 17       	cp	r31, r22
      9c:	72 31       	cpi	r23, 0x12	; 18
      9e:	bf 00       	.word	0x00bf	; ????
      a0:	00 00       	nop
      a2:	80 3f       	cpi	r24, 0xF0	; 240
      a4:	08 00       	.word	0x0008	; ????
      a6:	00 00       	nop
      a8:	be 92       	st	-X, r11
      aa:	24 49       	sbci	r18, 0x94	; 148
      ac:	12 3e       	cpi	r17, 0xE2	; 226
      ae:	ab aa       	std	Y+51, r10	; 0x33
      b0:	aa 2a       	or	r10, r26
      b2:	be cd       	rjmp	.-1156   	; 0xfffffc30 <__eeprom_end+0xff7efc30>
      b4:	cc cc       	rjmp	.-1640   	; 0xfffffa4e <__eeprom_end+0xff7efa4e>
      b6:	4c 3e       	cpi	r20, 0xEC	; 236
      b8:	00 00       	nop
      ba:	00 80       	ld	r0, Z
      bc:	be ab       	std	Y+54, r27	; 0x36
      be:	aa aa       	std	Y+50, r10	; 0x32
      c0:	aa 3e       	cpi	r26, 0xEA	; 234
      c2:	00 00       	nop
      c4:	00 00       	nop
      c6:	bf 00       	.word	0x00bf	; ????
      c8:	00 00       	nop
      ca:	80 3f       	cpi	r24, 0xF0	; 240
      cc:	00 00       	nop
      ce:	00 00       	nop
      d0:	00 08       	sbc	r0, r0
      d2:	41 78       	andi	r20, 0x81	; 129
      d4:	d3 bb       	out	0x13, r29	; 19
      d6:	43 87       	std	Z+11, r20	; 0x0b
      d8:	d1 13       	cpse	r29, r17
      da:	3d 19       	sub	r19, r13
      dc:	0e 3c       	cpi	r16, 0xCE	; 206
      de:	c3 bd       	out	0x23, r28	; 35
      e0:	42 82       	std	Z+2, r4	; 0x02
      e2:	ad 2b       	or	r26, r29
      e4:	3e 68       	ori	r19, 0x8E	; 142
      e6:	ec 82       	std	Y+4, r14	; 0x04
      e8:	76 be       	out	0x36, r7	; 54
      ea:	d9 8f       	std	Y+25, r29	; 0x19
      ec:	e1 a9       	ldd	r30, Z+49	; 0x31
      ee:	3e 4c       	sbci	r19, 0xCE	; 206
      f0:	80 ef       	ldi	r24, 0xF0	; 240
      f2:	ff be       	out	0x3f, r15	; 63
      f4:	01 c4       	rjmp	.+2050   	; 0x8f8 <__DATA_REGION_LENGTH__+0xf8>
      f6:	ff 7f       	andi	r31, 0xFF	; 255
      f8:	3f 00       	.word	0x003f	; ????
      fa:	00 00       	nop
	...

000000fe <__trampolines_end>:
      fe:	4e 41       	sbci	r20, 0x1E	; 30
     100:	4e 49       	Address 0x00000100 is out of bounds.
.word	0xffff	; ????

00000101 <pstr_inity>:
     101:	49 4e 49 54 59                                      INITY

00000106 <pstr_inf>:
     106:	49 4e 46                                            INF

00000109 <pwr_m10>:
     109:	cd cc cc 3d 0a d7 23 3c 17 b7 d1 38 77 cc 2b 32     ...=..#<...8w.+2
     119:	95 95 e6 24 1f b1 4f 0a                             ...$..O.

00000121 <pwr_p10>:
     121:	00 00 20 41 00 00 c8 42 00 40 1c 46 20 bc be 4c     .. A...B.@.F ..L
     131:	ca 1b 0e 5a ae c5 9d 74 00 40 7a 10 f3 5a 00 a0     ...Z...t.@z..Z..
     141:	72 4e 18 09 00 10 a5 d4 e8 00 00 e8 76 48 17 00     rN..........vH..
     151:	00 e4 0b 54 02 00 00 ca 9a 3b 00 00 00 e1 f5 05     ...T.....;......
     161:	00 00 80 96 98 00 00 00 40 42 0f 00 00 00 a0 86     ........@B......
     171:	01 00 00 00 10 27 00 00 00 00 e8 03 00 00 00 00     .....'..........
     181:	64 00 00 00 00 00 0a 00 00 00 00 00 01 00 00 00     d...............
     191:	00 00 2c 76 d8 88 dc 67 4f 08 23 df c1 df ae 59     ..,v...gO.#....Y
     1a1:	e1 b1 b7 96 e5 e3 e4 53 c6 3a e6 51 99 76 96 e8     .......S.:.Q.v..
     1b1:	e6 c2 84 26 eb 89 8c 9b 62 ed 40 7c 6f fc ef bc     ...&....b.@|o...
     1c1:	9c 9f 40 f2 ba a5 6f a5 f4 90 05 5a 2a f7 5c 93     ..@...o....Z*.\.
     1d1:	6b 6c f9 67 6d c1 1b fc e0 e4 0d 47 fe f5 20 e6     kl.gm......G.. .
     1e1:	b5 00 d0 ed 90 2e 03 00 94 35 77 05 00 80 84 1e     .........5w.....
     1f1:	08 00 00 20 4e 0a 00 00 00 c8 0c 33 33 33 33 0f     ... N......3333.
     201:	98 6e 12 83 11 41 ef 8d 21 14 89 3b e6 55 16 cf     .n...A..!..;.U..
     211:	fe e6 db 18 d1 84 4b 38 1b f7 7c 1d 90 1d a4 bb     ......K8..|.....
     221:	e4 24 20 32 84 72 5e 22 81 00 c9 f1 24 ec a1 e5     .$ 2.r^"....$...
     231:	3d 27 00                                            ='.

00000234 <__ctors_end>:
     234:	11 24       	eor	r1, r1
     236:	1f be       	out	0x3f, r1	; 63
     238:	cf ef       	ldi	r28, 0xFF	; 255
     23a:	d8 e0       	ldi	r29, 0x08	; 8
     23c:	de bf       	out	0x3e, r29	; 62
     23e:	cd bf       	out	0x3d, r28	; 61

00000240 <__do_copy_data>:
     240:	11 e0       	ldi	r17, 0x01	; 1
     242:	a0 e0       	ldi	r26, 0x00	; 0
     244:	b1 e0       	ldi	r27, 0x01	; 1
     246:	e2 eb       	ldi	r30, 0xB2	; 178
     248:	fa e1       	ldi	r31, 0x1A	; 26
     24a:	02 c0       	rjmp	.+4      	; 0x250 <__do_copy_data+0x10>
     24c:	05 90       	lpm	r0, Z+
     24e:	0d 92       	st	X+, r0
     250:	ae 32       	cpi	r26, 0x2E	; 46
     252:	b1 07       	cpc	r27, r17
     254:	d9 f7       	brne	.-10     	; 0x24c <__do_copy_data+0xc>

00000256 <__do_clear_bss>:
     256:	21 e0       	ldi	r18, 0x01	; 1
     258:	ae e2       	ldi	r26, 0x2E	; 46
     25a:	b1 e0       	ldi	r27, 0x01	; 1
     25c:	01 c0       	rjmp	.+2      	; 0x260 <.do_clear_bss_start>

0000025e <.do_clear_bss_loop>:
     25e:	1d 92       	st	X+, r1

00000260 <.do_clear_bss_start>:
     260:	a4 33       	cpi	r26, 0x34	; 52
     262:	b2 07       	cpc	r27, r18
     264:	e1 f7       	brne	.-8      	; 0x25e <.do_clear_bss_loop>
     266:	0e 94 a0 02 	call	0x540	; 0x540 <main>
     26a:	0c 94 57 0d 	jmp	0x1aae	; 0x1aae <_exit>

0000026e <__bad_interrupt>:
     26e:	0c 94 00 00 	jmp	0	; 0x0 <__vectors>

00000272 <timer1_delay_us>:
#include "hw_timer.h"

void timer1_delay_us(uint16_t us) {
	TCNT1 = 0; 
     272:	10 92 85 00 	sts	0x0085, r1	; 0x800085 <__TEXT_REGION_LENGTH__+0x7f8085>
     276:	10 92 84 00 	sts	0x0084, r1	; 0x800084 <__TEXT_REGION_LENGTH__+0x7f8084>
	TCCR1B = (1 << CS11);
     27a:	22 e0       	ldi	r18, 0x02	; 2
     27c:	20 93 81 00 	sts	0x0081, r18	; 0x800081 <__TEXT_REGION_LENGTH__+0x7f8081>
	
	while(TCNT1 < us); 
     280:	20 91 84 00 	lds	r18, 0x0084	; 0x800084 <__TEXT_REGION_LENGTH__+0x7f8084>
     284:	30 91 85 00 	lds	r19, 0x0085	; 0x800085 <__TEXT_REGION_LENGTH__+0x7f8085>
     288:	28 17       	cp	r18, r24
     28a:	39 07       	cpc	r19, r25
     28c:	c8 f3       	brcs	.-14     	; 0x280 <timer1_delay_us+0xe>
	
	TCCR1B = 0; 
     28e:	10 92 81 00 	sts	0x0081, r1	; 0x800081 <__TEXT_REGION_LENGTH__+0x7f8081>
     292:	08 95       	ret

00000294 <timer1_delay_ms>:
}

void timer1_delay_ms(uint16_t ms) {
     294:	0f 93       	push	r16
     296:	1f 93       	push	r17
     298:	cf 93       	push	r28
     29a:	df 93       	push	r29
     29c:	8c 01       	movw	r16, r24
	for(uint16_t i = 0; i < ms; i++) {
     29e:	c0 e0       	ldi	r28, 0x00	; 0
     2a0:	d0 e0       	ldi	r29, 0x00	; 0
     2a2:	05 c0       	rjmp	.+10     	; 0x2ae <timer1_delay_ms+0x1a>
		timer1_delay_us(1000); 
     2a4:	88 ee       	ldi	r24, 0xE8	; 232
     2a6:	93 e0       	ldi	r25, 0x03	; 3
     2a8:	0e 94 39 01 	call	0x272	; 0x272 <timer1_delay_us>
	
	TCCR1B = 0; 
}

void timer1_delay_ms(uint16_t ms) {
	for(uint16_t i = 0; i < ms; i++) {
     2ac:	21 96       	adiw	r28, 0x01	; 1
     2ae:	c0 17       	cp	r28, r16
     2b0:	d1 07       	cpc	r29, r17
     2b2:	c0 f3       	brcs	.-16     	; 0x2a4 <timer1_delay_ms+0x10>
		timer1_delay_us(1000); 
	}
     2b4:	df 91       	pop	r29
     2b6:	cf 91       	pop	r28
     2b8:	1f 91       	pop	r17
     2ba:	0f 91       	pop	r16
     2bc:	08 95       	ret

000002be <keypad_init>:
	{'4', '5', '6', '7'},
	{'0', '1', '2', '3'}
};

void keypad_init(void) {
	DDRA = 0x0F;  
     2be:	8f e0       	ldi	r24, 0x0F	; 15
     2c0:	81 b9       	out	0x01, r24	; 1
	PORTA = 0xFF; 
     2c2:	8f ef       	ldi	r24, 0xFF	; 255
     2c4:	82 b9       	out	0x02, r24	; 2

	DDRB &= ~((1 << PB0) | (1 << PB1) | (1 << PB2));
     2c6:	84 b1       	in	r24, 0x04	; 4
     2c8:	88 7f       	andi	r24, 0xF8	; 248
     2ca:	84 b9       	out	0x04, r24	; 4
	PORTB |= (1 << PB0) | (1 << PB1) | (1 << PB2);
     2cc:	85 b1       	in	r24, 0x05	; 5
     2ce:	87 60       	ori	r24, 0x07	; 7
     2d0:	85 b9       	out	0x05, r24	; 5
     2d2:	08 95       	ret

000002d4 <timer0_init>:
}

void timer0_init(void) {
	TCCR0A = (1 << WGM01);
     2d4:	82 e0       	ldi	r24, 0x02	; 2
     2d6:	84 bd       	out	0x24, r24	; 36
	TCCR0B = (1 << CS02) | (1 << CS00);
     2d8:	95 e0       	ldi	r25, 0x05	; 5
     2da:	95 bd       	out	0x25, r25	; 37
	OCR0A = 77;
     2dc:	9d e4       	ldi	r25, 0x4D	; 77
     2de:	97 bd       	out	0x27, r25	; 39
	TIMSK0 = (1 << OCIE0A);
     2e0:	80 93 6e 00 	sts	0x006E, r24	; 0x80006e <__TEXT_REGION_LENGTH__+0x7f806e>
     2e4:	08 95       	ret

000002e6 <__vector_16>:
}

ISR(TIMER0_COMPA_vect) {
     2e6:	1f 92       	push	r1
     2e8:	0f 92       	push	r0
     2ea:	0f b6       	in	r0, 0x3f	; 63
     2ec:	0f 92       	push	r0
     2ee:	11 24       	eor	r1, r1
     2f0:	2f 93       	push	r18
     2f2:	3f 93       	push	r19
     2f4:	4f 93       	push	r20
     2f6:	5f 93       	push	r21
     2f8:	6f 93       	push	r22
     2fa:	8f 93       	push	r24
     2fc:	9f 93       	push	r25
     2fe:	af 93       	push	r26
     300:	bf 93       	push	r27
     302:	ef 93       	push	r30
     304:	ff 93       	push	r31
	char detected_key = 0;
	

	if (!(PINB & (1 << PB2))) detected_key = 'C';
     306:	1a 9b       	sbis	0x03, 2	; 3
     308:	3a c0       	rjmp	.+116    	; 0x37e <__vector_16+0x98>
	else if (!(PINB & (1 << PB0))) detected_key = 'S';
     30a:	18 9b       	sbis	0x03, 0	; 3
     30c:	3a c0       	rjmp	.+116    	; 0x382 <__vector_16+0x9c>
	else if (!(PINB & (1 << PB1))) detected_key = '^';
     30e:	19 9b       	sbis	0x03, 1	; 3
     310:	3a c0       	rjmp	.+116    	; 0x386 <__vector_16+0xa0>
     312:	e0 e0       	ldi	r30, 0x00	; 0
     314:	f0 e0       	ldi	r31, 0x00	; 0
     316:	60 e0       	ldi	r22, 0x00	; 0
     318:	2e c0       	rjmp	.+92     	; 0x376 <__vector_16+0x90>
	else {
		for (int r = 0; r < 4; r++) {
			PORTA = 0xFF & ~(1 << r);
     31a:	81 e0       	ldi	r24, 0x01	; 1
     31c:	90 e0       	ldi	r25, 0x00	; 0
     31e:	0e 2e       	mov	r0, r30
     320:	02 c0       	rjmp	.+4      	; 0x326 <__vector_16+0x40>
     322:	88 0f       	add	r24, r24
     324:	99 1f       	adc	r25, r25
     326:	0a 94       	dec	r0
     328:	e2 f7       	brpl	.-8      	; 0x322 <__vector_16+0x3c>
     32a:	80 95       	com	r24
     32c:	82 b9       	out	0x02, r24	; 2
			asm volatile ("nop"); 
     32e:	00 00       	nop
			for (int c = 0; c < 4; c++) {
     330:	20 e0       	ldi	r18, 0x00	; 0
     332:	30 e0       	ldi	r19, 0x00	; 0
     334:	1a c0       	rjmp	.+52     	; 0x36a <__vector_16+0x84>
				if (!(PINA & (1 << (c + 4)))) {
     336:	80 b1       	in	r24, 0x00	; 0
     338:	90 e0       	ldi	r25, 0x00	; 0
     33a:	a9 01       	movw	r20, r18
     33c:	4c 5f       	subi	r20, 0xFC	; 252
     33e:	5f 4f       	sbci	r21, 0xFF	; 255
     340:	02 c0       	rjmp	.+4      	; 0x346 <__vector_16+0x60>
     342:	95 95       	asr	r25
     344:	87 95       	ror	r24
     346:	4a 95       	dec	r20
     348:	e2 f7       	brpl	.-8      	; 0x342 <__vector_16+0x5c>
     34a:	80 fd       	sbrc	r24, 0
     34c:	0c c0       	rjmp	.+24     	; 0x366 <__vector_16+0x80>
					detected_key = keys[r][c];
     34e:	cf 01       	movw	r24, r30
     350:	88 0f       	add	r24, r24
     352:	99 1f       	adc	r25, r25
     354:	88 0f       	add	r24, r24
     356:	99 1f       	adc	r25, r25
     358:	8f 5f       	subi	r24, 0xFF	; 255
     35a:	9e 4f       	sbci	r25, 0xFE	; 254
     35c:	dc 01       	movw	r26, r24
     35e:	a2 0f       	add	r26, r18
     360:	b3 1f       	adc	r27, r19
     362:	6c 91       	ld	r22, X
					break;
     364:	05 c0       	rjmp	.+10     	; 0x370 <__vector_16+0x8a>
	else if (!(PINB & (1 << PB1))) detected_key = '^';
	else {
		for (int r = 0; r < 4; r++) {
			PORTA = 0xFF & ~(1 << r);
			asm volatile ("nop"); 
			for (int c = 0; c < 4; c++) {
     366:	2f 5f       	subi	r18, 0xFF	; 255
     368:	3f 4f       	sbci	r19, 0xFF	; 255
     36a:	24 30       	cpi	r18, 0x04	; 4
     36c:	31 05       	cpc	r19, r1
     36e:	1c f3       	brlt	.-58     	; 0x336 <__vector_16+0x50>
				if (!(PINA & (1 << (c + 4)))) {
					detected_key = keys[r][c];
					break;
				}
			}
			if (detected_key) break;
     370:	61 11       	cpse	r22, r1
     372:	0a c0       	rjmp	.+20     	; 0x388 <__vector_16+0xa2>

	if (!(PINB & (1 << PB2))) detected_key = 'C';
	else if (!(PINB & (1 << PB0))) detected_key = 'S';
	else if (!(PINB & (1 << PB1))) detected_key = '^';
	else {
		for (int r = 0; r < 4; r++) {
     374:	31 96       	adiw	r30, 0x01	; 1
     376:	e4 30       	cpi	r30, 0x04	; 4
     378:	f1 05       	cpc	r31, r1
     37a:	7c f2       	brlt	.-98     	; 0x31a <__vector_16+0x34>
     37c:	05 c0       	rjmp	.+10     	; 0x388 <__vector_16+0xa2>

ISR(TIMER0_COMPA_vect) {
	char detected_key = 0;
	

	if (!(PINB & (1 << PB2))) detected_key = 'C';
     37e:	63 e4       	ldi	r22, 0x43	; 67
     380:	03 c0       	rjmp	.+6      	; 0x388 <__vector_16+0xa2>
	else if (!(PINB & (1 << PB0))) detected_key = 'S';
     382:	63 e5       	ldi	r22, 0x53	; 83
     384:	01 c0       	rjmp	.+2      	; 0x388 <__vector_16+0xa2>
	else if (!(PINB & (1 << PB1))) detected_key = '^';
     386:	6e e5       	ldi	r22, 0x5E	; 94

	static char last_key = 0;
	static uint8_t debounce_cnt = 0;
	static uint8_t key_released = 1;

	if (detected_key != 0) {
     388:	66 23       	and	r22, r22
     38a:	d1 f0       	breq	.+52     	; 0x3c0 <__vector_16+0xda>
		if (detected_key == last_key) {
     38c:	80 91 2f 01 	lds	r24, 0x012F	; 0x80012f <last_key.2220>
     390:	68 13       	cpse	r22, r24
     392:	13 c0       	rjmp	.+38     	; 0x3ba <__vector_16+0xd4>
			debounce_cnt++;
     394:	80 91 2e 01 	lds	r24, 0x012E	; 0x80012e <__data_end>
     398:	8f 5f       	subi	r24, 0xFF	; 255
     39a:	80 93 2e 01 	sts	0x012E, r24	; 0x80012e <__data_end>
			if (debounce_cnt >= 3 && key_released) { 
     39e:	83 30       	cpi	r24, 0x03	; 3
     3a0:	a0 f0       	brcs	.+40     	; 0x3ca <__vector_16+0xe4>
     3a2:	80 91 00 01 	lds	r24, 0x0100	; 0x800100 <__DATA_REGION_ORIGIN__>
     3a6:	88 23       	and	r24, r24
     3a8:	81 f0       	breq	.+32     	; 0x3ca <__vector_16+0xe4>
				current_key = detected_key;
     3aa:	60 93 30 01 	sts	0x0130, r22	; 0x800130 <current_key>
				flag_key_ready = 1;
     3ae:	81 e0       	ldi	r24, 0x01	; 1
     3b0:	80 93 31 01 	sts	0x0131, r24	; 0x800131 <flag_key_ready>
				key_released = 0; 
     3b4:	10 92 00 01 	sts	0x0100, r1	; 0x800100 <__DATA_REGION_ORIGIN__>
     3b8:	08 c0       	rjmp	.+16     	; 0x3ca <__vector_16+0xe4>
			}
			} else {
			debounce_cnt = 0;
     3ba:	10 92 2e 01 	sts	0x012E, r1	; 0x80012e <__data_end>
     3be:	05 c0       	rjmp	.+10     	; 0x3ca <__vector_16+0xe4>
		}
		} else {
		debounce_cnt = 0;
     3c0:	10 92 2e 01 	sts	0x012E, r1	; 0x80012e <__data_end>
		key_released = 1; 
     3c4:	81 e0       	ldi	r24, 0x01	; 1
     3c6:	80 93 00 01 	sts	0x0100, r24	; 0x800100 <__DATA_REGION_ORIGIN__>
	}
	last_key = detected_key;
     3ca:	60 93 2f 01 	sts	0x012F, r22	; 0x80012f <last_key.2220>
     3ce:	ff 91       	pop	r31
     3d0:	ef 91       	pop	r30
     3d2:	bf 91       	pop	r27
     3d4:	af 91       	pop	r26
     3d6:	9f 91       	pop	r25
     3d8:	8f 91       	pop	r24
     3da:	6f 91       	pop	r22
     3dc:	5f 91       	pop	r21
     3de:	4f 91       	pop	r20
     3e0:	3f 91       	pop	r19
     3e2:	2f 91       	pop	r18
     3e4:	0f 90       	pop	r0
     3e6:	0f be       	out	0x3f, r0	; 63
     3e8:	0f 90       	pop	r0
     3ea:	1f 90       	pop	r1
     3ec:	18 95       	reti

000003ee <lcd_cmd>:
#include "lcd.h"
#include "hw_timer.h" 

void lcd_cmd(char cmd) {
     3ee:	cf 93       	push	r28
     3f0:	c8 2f       	mov	r28, r24
	LCD_PORT = (LCD_PORT & 0x0F) | (cmd & 0xF0);
     3f2:	88 b1       	in	r24, 0x08	; 8
     3f4:	8f 70       	andi	r24, 0x0F	; 15
     3f6:	9c 2f       	mov	r25, r28
     3f8:	90 7f       	andi	r25, 0xF0	; 240
     3fa:	89 2b       	or	r24, r25
     3fc:	88 b9       	out	0x08, r24	; 8
	LCD_PORT &= ~(1 << RS);
     3fe:	88 b1       	in	r24, 0x08	; 8
     400:	8e 7f       	andi	r24, 0xFE	; 254
     402:	88 b9       	out	0x08, r24	; 8
	LCD_PORT |= (1 << EN);
     404:	88 b1       	in	r24, 0x08	; 8
     406:	82 60       	ori	r24, 0x02	; 2
     408:	88 b9       	out	0x08, r24	; 8
	timer1_delay_us(1);
     40a:	81 e0       	ldi	r24, 0x01	; 1
     40c:	90 e0       	ldi	r25, 0x00	; 0
     40e:	0e 94 39 01 	call	0x272	; 0x272 <timer1_delay_us>
	LCD_PORT &= ~(1 << EN);
     412:	88 b1       	in	r24, 0x08	; 8
     414:	8d 7f       	andi	r24, 0xFD	; 253
     416:	88 b9       	out	0x08, r24	; 8
	timer1_delay_us(200);
     418:	88 ec       	ldi	r24, 0xC8	; 200
     41a:	90 e0       	ldi	r25, 0x00	; 0
     41c:	0e 94 39 01 	call	0x272	; 0x272 <timer1_delay_us>

	LCD_PORT = (LCD_PORT & 0x0F) | ((cmd << 4) & 0xF0);
     420:	28 b1       	in	r18, 0x08	; 8
     422:	30 e1       	ldi	r19, 0x10	; 16
     424:	c3 9f       	mul	r28, r19
     426:	c0 01       	movw	r24, r0
     428:	11 24       	eor	r1, r1
     42a:	92 2f       	mov	r25, r18
     42c:	9f 70       	andi	r25, 0x0F	; 15
     42e:	89 2b       	or	r24, r25
     430:	88 b9       	out	0x08, r24	; 8
	LCD_PORT |= (1 << EN);
     432:	88 b1       	in	r24, 0x08	; 8
     434:	82 60       	ori	r24, 0x02	; 2
     436:	88 b9       	out	0x08, r24	; 8
	timer1_delay_us(1);
     438:	81 e0       	ldi	r24, 0x01	; 1
     43a:	90 e0       	ldi	r25, 0x00	; 0
     43c:	0e 94 39 01 	call	0x272	; 0x272 <timer1_delay_us>
	LCD_PORT &= ~(1 << EN);
     440:	88 b1       	in	r24, 0x08	; 8
     442:	8d 7f       	andi	r24, 0xFD	; 253
     444:	88 b9       	out	0x08, r24	; 8
	timer1_delay_ms(2);
     446:	82 e0       	ldi	r24, 0x02	; 2
     448:	90 e0       	ldi	r25, 0x00	; 0
     44a:	0e 94 4a 01 	call	0x294	; 0x294 <timer1_delay_ms>
}
     44e:	cf 91       	pop	r28
     450:	08 95       	ret

00000452 <lcd_data>:

void lcd_data(char data) {
     452:	cf 93       	push	r28
     454:	c8 2f       	mov	r28, r24
	LCD_PORT = (LCD_PORT & 0x0F) | (data & 0xF0);
     456:	88 b1       	in	r24, 0x08	; 8
     458:	8f 70       	andi	r24, 0x0F	; 15
     45a:	9c 2f       	mov	r25, r28
     45c:	90 7f       	andi	r25, 0xF0	; 240
     45e:	89 2b       	or	r24, r25
     460:	88 b9       	out	0x08, r24	; 8
	LCD_PORT |= (1 << RS);
     462:	88 b1       	in	r24, 0x08	; 8
     464:	81 60       	ori	r24, 0x01	; 1
     466:	88 b9       	out	0x08, r24	; 8
	LCD_PORT |= (1 << EN);
     468:	88 b1       	in	r24, 0x08	; 8
     46a:	82 60       	ori	r24, 0x02	; 2
     46c:	88 b9       	out	0x08, r24	; 8
	timer1_delay_us(1);
     46e:	81 e0       	ldi	r24, 0x01	; 1
     470:	90 e0       	ldi	r25, 0x00	; 0
     472:	0e 94 39 01 	call	0x272	; 0x272 <timer1_delay_us>
	LCD_PORT &= ~(1 << EN);
     476:	88 b1       	in	r24, 0x08	; 8
     478:	8d 7f       	andi	r24, 0xFD	; 253
     47a:	88 b9       	out	0x08, r24	; 8
	timer1_delay_us(200);
     47c:	88 ec       	ldi	r24, 0xC8	; 200
     47e:	90 e0       	ldi	r25, 0x00	; 0
     480:	0e 94 39 01 	call	0x272	; 0x272 <timer1_delay_us>

	LCD_PORT = (LCD_PORT & 0x0F) | ((data << 4) & 0xF0);
     484:	28 b1       	in	r18, 0x08	; 8
     486:	30 e1       	ldi	r19, 0x10	; 16
     488:	c3 9f       	mul	r28, r19
     48a:	c0 01       	movw	r24, r0
     48c:	11 24       	eor	r1, r1
     48e:	92 2f       	mov	r25, r18
     490:	9f 70       	andi	r25, 0x0F	; 15
     492:	89 2b       	or	r24, r25
     494:	88 b9       	out	0x08, r24	; 8
	LCD_PORT |= (1 << EN);
     496:	88 b1       	in	r24, 0x08	; 8
     498:	82 60       	ori	r24, 0x02	; 2
     49a:	88 b9       	out	0x08, r24	; 8
	timer1_delay_us(1);
     49c:	81 e0       	ldi	r24, 0x01	; 1
     49e:	90 e0       	ldi	r25, 0x00	; 0
     4a0:	0e 94 39 01 	call	0x272	; 0x272 <timer1_delay_us>
	LCD_PORT &= ~(1 << EN);
     4a4:	88 b1       	in	r24, 0x08	; 8
     4a6:	8d 7f       	andi	r24, 0xFD	; 253
     4a8:	88 b9       	out	0x08, r24	; 8
	timer1_delay_ms(2);
     4aa:	82 e0       	ldi	r24, 0x02	; 2
     4ac:	90 e0       	ldi	r25, 0x00	; 0
     4ae:	0e 94 4a 01 	call	0x294	; 0x294 <timer1_delay_ms>
}
     4b2:	cf 91       	pop	r28
     4b4:	08 95       	ret

000004b6 <lcd_init>:

void lcd_init(void) {
	LCD_DDR = 0xFF;
     4b6:	8f ef       	ldi	r24, 0xFF	; 255
     4b8:	87 b9       	out	0x07, r24	; 7
	timer1_delay_ms(20);
     4ba:	84 e1       	ldi	r24, 0x14	; 20
     4bc:	90 e0       	ldi	r25, 0x00	; 0
     4be:	0e 94 4a 01 	call	0x294	; 0x294 <timer1_delay_ms>
	lcd_cmd(LCD_RETURN_HOME);
     4c2:	82 e0       	ldi	r24, 0x02	; 2
     4c4:	0e 94 f7 01 	call	0x3ee	; 0x3ee <lcd_cmd>
	lcd_cmd(LCD_4BIT_2LINE);
     4c8:	88 e2       	ldi	r24, 0x28	; 40
     4ca:	0e 94 f7 01 	call	0x3ee	; 0x3ee <lcd_cmd>
	lcd_cmd(LCD_DISP_ON);
     4ce:	8c e0       	ldi	r24, 0x0C	; 12
     4d0:	0e 94 f7 01 	call	0x3ee	; 0x3ee <lcd_cmd>
	lcd_cmd(LCD_CLEAR);
     4d4:	81 e0       	ldi	r24, 0x01	; 1
     4d6:	0e 94 f7 01 	call	0x3ee	; 0x3ee <lcd_cmd>
	timer1_delay_ms(2);
     4da:	82 e0       	ldi	r24, 0x02	; 2
     4dc:	90 e0       	ldi	r25, 0x00	; 0
     4de:	0e 94 4a 01 	call	0x294	; 0x294 <timer1_delay_ms>
     4e2:	08 95       	ret

000004e4 <lcd_print>:
}

void lcd_print(const char *str) {
     4e4:	cf 93       	push	r28
     4e6:	df 93       	push	r29
     4e8:	ec 01       	movw	r28, r24
	while(*str) {
     4ea:	03 c0       	rjmp	.+6      	; 0x4f2 <lcd_print+0xe>
		lcd_data(*str++);
     4ec:	21 96       	adiw	r28, 0x01	; 1
     4ee:	0e 94 29 02 	call	0x452	; 0x452 <lcd_data>
	lcd_cmd(LCD_CLEAR);
	timer1_delay_ms(2);
}

void lcd_print(const char *str) {
	while(*str) {
     4f2:	88 81       	ld	r24, Y
     4f4:	81 11       	cpse	r24, r1
     4f6:	fa cf       	rjmp	.-12     	; 0x4ec <lcd_print+0x8>
		lcd_data(*str++);
	}
}
     4f8:	df 91       	pop	r29
     4fa:	cf 91       	pop	r28
     4fc:	08 95       	ret

000004fe <lcd_print_float>:

void lcd_print_float(float num) {
     4fe:	0f 93       	push	r16
     500:	1f 93       	push	r17
     502:	cf 93       	push	r28
     504:	df 93       	push	r29
     506:	cd b7       	in	r28, 0x3d	; 61
     508:	de b7       	in	r29, 0x3e	; 62
     50a:	60 97       	sbiw	r28, 0x10	; 16
     50c:	0f b6       	in	r0, 0x3f	; 63
     50e:	f8 94       	cli
     510:	de bf       	out	0x3e, r29	; 62
     512:	0f be       	out	0x3f, r0	; 63
     514:	cd bf       	out	0x3d, r28	; 61
	char str[16];
	//int int_part = (int)num;
	//int frac_part = (int)(fabs(num - int_part) * 1000);
	//sprintf(str, "%d.%03d", int_part, frac_part);
	
	dtostrf(num, 0, 6, str);
     516:	8e 01       	movw	r16, r28
     518:	0f 5f       	subi	r16, 0xFF	; 255
     51a:	1f 4f       	sbci	r17, 0xFF	; 255
     51c:	26 e0       	ldi	r18, 0x06	; 6
     51e:	40 e0       	ldi	r20, 0x00	; 0
     520:	0e 94 35 09 	call	0x126a	; 0x126a <dtostrf>
	
	lcd_print(str);
     524:	c8 01       	movw	r24, r16
     526:	0e 94 72 02 	call	0x4e4	; 0x4e4 <lcd_print>
     52a:	60 96       	adiw	r28, 0x10	; 16
     52c:	0f b6       	in	r0, 0x3f	; 63
     52e:	f8 94       	cli
     530:	de bf       	out	0x3e, r29	; 62
     532:	0f be       	out	0x3f, r0	; 63
     534:	cd bf       	out	0x3d, r28	; 61
     536:	df 91       	pop	r29
     538:	cf 91       	pop	r28
     53a:	1f 91       	pop	r17
     53c:	0f 91       	pop	r16
     53e:	08 95       	ret

00000540 <main>:
	STATE_INPUT_NUM1,
	STATE_INPUT_NUM2,
	STATE_CALCULATE
} CalcState_t;

int main(void) {
     540:	cf 93       	push	r28
     542:	df 93       	push	r29
     544:	cd b7       	in	r28, 0x3d	; 61
     546:	de b7       	in	r29, 0x3e	; 62
     548:	64 97       	sbiw	r28, 0x14	; 20
     54a:	0f b6       	in	r0, 0x3f	; 63
     54c:	f8 94       	cli
     54e:	de bf       	out	0x3e, r29	; 62
     550:	0f be       	out	0x3f, r0	; 63
     552:	cd bf       	out	0x3d, r28	; 61
	lcd_init();
     554:	0e 94 5b 02 	call	0x4b6	; 0x4b6 <lcd_init>
	keypad_init();
     558:	0e 94 5f 01 	call	0x2be	; 0x2be <keypad_init>
	timer0_init();
     55c:	0e 94 6a 01 	call	0x2d4	; 0x2d4 <timer0_init>
	
	sei();
     560:	78 94       	sei

	CalcState_t system_state = STATE_INIT;
	char buffer[16] = "";
     562:	1a 82       	std	Y+2, r1	; 0x02
     564:	19 82       	std	Y+1, r1	; 0x01
     566:	fe 01       	movw	r30, r28
     568:	33 96       	adiw	r30, 0x03	; 3
     56a:	8e e0       	ldi	r24, 0x0E	; 14
     56c:	df 01       	movw	r26, r30
     56e:	1d 92       	st	X+, r1
     570:	8a 95       	dec	r24
     572:	e9 f7       	brne	.-6      	; 0x56e <main+0x2e>
	uint8_t buf_idx = 0;
	float num1 = 0, num2 = 0, result = 0;
	char math_operator = 0;
     574:	d1 2c       	mov	r13, r1
	sei();

	CalcState_t system_state = STATE_INIT;
	char buffer[16] = "";
	uint8_t buf_idx = 0;
	float num1 = 0, num2 = 0, result = 0;
     576:	b1 2c       	mov	r11, r1
     578:	a1 2c       	mov	r10, r1
     57a:	71 2c       	mov	r7, r1
     57c:	c1 2c       	mov	r12, r1
     57e:	19 8a       	std	Y+17, r1	; 0x11
     580:	1a 8a       	std	Y+18, r1	; 0x12
     582:	1b 8a       	std	Y+19, r1	; 0x13
     584:	1c 8a       	std	Y+20, r1	; 0x14
     586:	61 2c       	mov	r6, r1
     588:	51 2c       	mov	r5, r1
     58a:	41 2c       	mov	r4, r1
     58c:	31 2c       	mov	r3, r1
	
	sei();

	CalcState_t system_state = STATE_INIT;
	char buffer[16] = "";
	uint8_t buf_idx = 0;
     58e:	91 2c       	mov	r9, r1
	keypad_init();
	timer0_init();
	
	sei();

	CalcState_t system_state = STATE_INIT;
     590:	10 e0       	ldi	r17, 0x00	; 0
     592:	07 c0       	rjmp	.+14     	; 0x5a2 <main+0x62>
				else if (key == '=') {
					if (buffer[0] != '\0') {
						if (strcmp(buffer, "-") == 0) num2 = 0; // Tránh l?i atof("-")
						else num2 = atof(buffer);
					}
					system_state = STATE_CALCULATE; 
     594:	13 e0       	ldi	r17, 0x03	; 3
     596:	05 c0       	rjmp	.+10     	; 0x5a2 <main+0x62>
						lcd_print(buffer);
					}
				}
				else if (key == '=') {
					if (buffer[0] != '\0') {
						if (strcmp(buffer, "-") == 0) num2 = 0; // Tránh l?i atof("-")
     598:	19 8a       	std	Y+17, r1	; 0x11
     59a:	1a 8a       	std	Y+18, r1	; 0x12
     59c:	1b 8a       	std	Y+19, r1	; 0x13
     59e:	1c 8a       	std	Y+20, r1	; 0x14
						else num2 = atof(buffer);
					}
					system_state = STATE_CALCULATE; 
     5a0:	13 e0       	ldi	r17, 0x03	; 3
	uint8_t buf_idx = 0;
	float num1 = 0, num2 = 0, result = 0;
	char math_operator = 0;

	while(1) {
		if (flag_key_ready) {
     5a2:	80 91 31 01 	lds	r24, 0x0131	; 0x800131 <flag_key_ready>
     5a6:	88 23       	and	r24, r24
     5a8:	e1 f3       	breq	.-8      	; 0x5a2 <main+0x62>
			char key = current_key;
     5aa:	00 91 30 01 	lds	r16, 0x0130	; 0x800130 <current_key>
			flag_key_ready = 0; 
     5ae:	10 92 31 01 	sts	0x0131, r1	; 0x800131 <flag_key_ready>

			if (key == 'C') {
     5b2:	03 34       	cpi	r16, 0x43	; 67
     5b4:	09 f4       	brne	.+2      	; 0x5b8 <main+0x78>
				system_state = STATE_INIT;
     5b6:	10 e0       	ldi	r17, 0x00	; 0
			}

			switch (system_state) {
     5b8:	11 30       	cpi	r17, 0x01	; 1
     5ba:	01 f1       	breq	.+64     	; 0x5fc <main+0xbc>
     5bc:	38 f0       	brcs	.+14     	; 0x5cc <main+0x8c>
     5be:	12 30       	cpi	r17, 0x02	; 2
     5c0:	09 f4       	brne	.+2      	; 0x5c4 <main+0x84>
     5c2:	bd c0       	rjmp	.+378    	; 0x73e <main+0x1fe>
     5c4:	13 30       	cpi	r17, 0x03	; 3
     5c6:	09 f4       	brne	.+2      	; 0x5ca <main+0x8a>
     5c8:	41 c1       	rjmp	.+642    	; 0x84c <__DATA_REGION_LENGTH__+0x4c>
     5ca:	eb cf       	rjmp	.-42     	; 0x5a2 <main+0x62>
				case STATE_INIT:
				num1 = 0; num2 = 0; result = 0; math_operator = 0;
				buf_idx = 0; buffer[0] = '\0';
     5cc:	19 82       	std	Y+1, r1	; 0x01
				lcd_cmd(LCD_CLEAR);
     5ce:	81 e0       	ldi	r24, 0x01	; 1
     5d0:	0e 94 f7 01 	call	0x3ee	; 0x3ee <lcd_cmd>
				lcd_print("Ready...");
     5d4:	81 e1       	ldi	r24, 0x11	; 17
     5d6:	91 e0       	ldi	r25, 0x01	; 1
     5d8:	0e 94 72 02 	call	0x4e4	; 0x4e4 <lcd_print>
				system_state = STATE_INIT;
			}

			switch (system_state) {
				case STATE_INIT:
				num1 = 0; num2 = 0; result = 0; math_operator = 0;
     5dc:	d1 2c       	mov	r13, r1
     5de:	b1 2c       	mov	r11, r1
     5e0:	a1 2c       	mov	r10, r1
     5e2:	71 2c       	mov	r7, r1
     5e4:	c1 2c       	mov	r12, r1
     5e6:	19 8a       	std	Y+17, r1	; 0x11
     5e8:	1a 8a       	std	Y+18, r1	; 0x12
     5ea:	1b 8a       	std	Y+19, r1	; 0x13
     5ec:	1c 8a       	std	Y+20, r1	; 0x14
     5ee:	61 2c       	mov	r6, r1
     5f0:	51 2c       	mov	r5, r1
     5f2:	41 2c       	mov	r4, r1
     5f4:	31 2c       	mov	r3, r1
				buf_idx = 0; buffer[0] = '\0';
     5f6:	91 2c       	mov	r9, r1
				lcd_cmd(LCD_CLEAR);
				lcd_print("Ready...");
				system_state = STATE_INPUT_NUM1;
     5f8:	11 e0       	ldi	r17, 0x01	; 1
				break;
     5fa:	d3 cf       	rjmp	.-90     	; 0x5a2 <main+0x62>

				case STATE_INPUT_NUM1:
				if (key == 'C') break;
     5fc:	03 34       	cpi	r16, 0x43	; 67
     5fe:	89 f2       	breq	.-94     	; 0x5a2 <main+0x62>
				
				if ((key >= '0' && key <= '9') || key == '.' || (key == '-' && buf_idx == 0)) {
     600:	80 ed       	ldi	r24, 0xD0	; 208
     602:	80 0f       	add	r24, r16
     604:	8a 30       	cpi	r24, 0x0A	; 10
     606:	30 f0       	brcs	.+12     	; 0x614 <main+0xd4>
     608:	0e 32       	cpi	r16, 0x2E	; 46
     60a:	21 f0       	breq	.+8      	; 0x614 <main+0xd4>
     60c:	0d 32       	cpi	r16, 0x2D	; 45
     60e:	39 f5       	brne	.+78     	; 0x65e <main+0x11e>
     610:	91 10       	cpse	r9, r1
     612:	25 c0       	rjmp	.+74     	; 0x65e <main+0x11e>
					if (buf_idx == 0 && key != '-') lcd_cmd(LCD_CLEAR);
     614:	91 10       	cpse	r9, r1
     616:	05 c0       	rjmp	.+10     	; 0x622 <main+0xe2>
     618:	0d 32       	cpi	r16, 0x2D	; 45
     61a:	19 f0       	breq	.+6      	; 0x622 <main+0xe2>
     61c:	81 e0       	ldi	r24, 0x01	; 1
     61e:	0e 94 f7 01 	call	0x3ee	; 0x3ee <lcd_cmd>
					if (buf_idx < 15) {
     622:	be e0       	ldi	r27, 0x0E	; 14
     624:	b9 15       	cp	r27, r9
     626:	08 f4       	brcc	.+2      	; 0x62a <main+0xea>
     628:	bc cf       	rjmp	.-136    	; 0x5a2 <main+0x62>
						buffer[buf_idx++] = key;
     62a:	ff 24       	eor	r15, r15
     62c:	f3 94       	inc	r15
     62e:	f9 0c       	add	r15, r9
     630:	e1 e0       	ldi	r30, 0x01	; 1
     632:	f0 e0       	ldi	r31, 0x00	; 0
     634:	ec 0f       	add	r30, r28
     636:	fd 1f       	adc	r31, r29
     638:	e9 0d       	add	r30, r9
     63a:	f1 1d       	adc	r31, r1
     63c:	00 83       	st	Z, r16
						buffer[buf_idx] = '\0';
     63e:	e1 e0       	ldi	r30, 0x01	; 1
     640:	f0 e0       	ldi	r31, 0x00	; 0
     642:	ec 0f       	add	r30, r28
     644:	fd 1f       	adc	r31, r29
     646:	ef 0d       	add	r30, r15
     648:	f1 1d       	adc	r31, r1
     64a:	10 82       	st	Z, r1
						lcd_cmd(LCD_CLEAR);
     64c:	81 e0       	ldi	r24, 0x01	; 1
     64e:	0e 94 f7 01 	call	0x3ee	; 0x3ee <lcd_cmd>
						lcd_print(buffer);
     652:	ce 01       	movw	r24, r28
     654:	01 96       	adiw	r24, 0x01	; 1
     656:	0e 94 72 02 	call	0x4e4	; 0x4e4 <lcd_print>
				if (key == 'C') break;
				
				if ((key >= '0' && key <= '9') || key == '.' || (key == '-' && buf_idx == 0)) {
					if (buf_idx == 0 && key != '-') lcd_cmd(LCD_CLEAR);
					if (buf_idx < 15) {
						buffer[buf_idx++] = key;
     65a:	9f 2c       	mov	r9, r15
     65c:	a2 cf       	rjmp	.-188    	; 0x5a2 <main+0x62>
						buffer[buf_idx] = '\0';
						lcd_cmd(LCD_CLEAR);
						lcd_print(buffer);
					}
				}
				else if (key == '+' || key == '-' || key == '*' || key == '/' || key == '^') {
     65e:	0b 32       	cpi	r16, 0x2B	; 43
     660:	41 f0       	breq	.+16     	; 0x672 <main+0x132>
     662:	0d 32       	cpi	r16, 0x2D	; 45
     664:	31 f0       	breq	.+12     	; 0x672 <main+0x132>
     666:	0a 32       	cpi	r16, 0x2A	; 42
     668:	21 f0       	breq	.+8      	; 0x672 <main+0x132>
     66a:	0f 32       	cpi	r16, 0x2F	; 47
     66c:	11 f0       	breq	.+4      	; 0x672 <main+0x132>
     66e:	0e 35       	cpi	r16, 0x5E	; 94
     670:	f9 f4       	brne	.+62     	; 0x6b0 <main+0x170>
					// CH? CHUY?N TR?NG THÁI n?u ?ã nh?p s? h?p l?
					// (Tránh tr??ng h?p ng??i dùng v?a b?m '-' xong l?i b?m '+')
					if (buf_idx > 0 && strcmp(buffer, "-") != 0) {
     672:	99 20       	and	r9, r9
     674:	09 f4       	brne	.+2      	; 0x678 <main+0x138>
     676:	95 cf       	rjmp	.-214    	; 0x5a2 <main+0x62>
     678:	6a e1       	ldi	r22, 0x1A	; 26
     67a:	71 e0       	ldi	r23, 0x01	; 1
     67c:	ce 01       	movw	r24, r28
     67e:	01 96       	adiw	r24, 0x01	; 1
     680:	0e 94 59 09 	call	0x12b2	; 0x12b2 <strcmp>
     684:	89 2b       	or	r24, r25
     686:	09 f4       	brne	.+2      	; 0x68a <main+0x14a>
     688:	8c cf       	rjmp	.-232    	; 0x5a2 <main+0x62>
						num1 = atof(buffer);
     68a:	ce 01       	movw	r24, r28
     68c:	01 96       	adiw	r24, 0x01	; 1
     68e:	0e 94 55 09 	call	0x12aa	; 0x12aa <atof>
     692:	66 2e       	mov	r6, r22
     694:	57 2e       	mov	r5, r23
     696:	48 2e       	mov	r4, r24
     698:	39 2e       	mov	r3, r25
						math_operator = key;
						buf_idx = 0; buffer[0] = '\0';
     69a:	19 82       	std	Y+1, r1	; 0x01
						lcd_cmd(LCD_CLEAR);
     69c:	81 e0       	ldi	r24, 0x01	; 1
     69e:	0e 94 f7 01 	call	0x3ee	; 0x3ee <lcd_cmd>
						lcd_data(math_operator);
     6a2:	80 2f       	mov	r24, r16
     6a4:	0e 94 29 02 	call	0x452	; 0x452 <lcd_data>
				else if (key == '+' || key == '-' || key == '*' || key == '/' || key == '^') {
					// CH? CHUY?N TR?NG THÁI n?u ?ã nh?p s? h?p l?
					// (Tránh tr??ng h?p ng??i dùng v?a b?m '-' xong l?i b?m '+')
					if (buf_idx > 0 && strcmp(buffer, "-") != 0) {
						num1 = atof(buffer);
						math_operator = key;
     6a8:	d0 2e       	mov	r13, r16
						buf_idx = 0; buffer[0] = '\0';
     6aa:	91 2c       	mov	r9, r1
						lcd_cmd(LCD_CLEAR);
						lcd_data(math_operator);
						system_state = STATE_INPUT_NUM2; // Chuy?n sang ch? s? th? 2
     6ac:	12 e0       	ldi	r17, 0x02	; 2
     6ae:	79 cf       	rjmp	.-270    	; 0x5a2 <main+0x62>
					}
				}
				// 3. Phím C?n b?c 2
				else if (key == 'S') {
     6b0:	03 35       	cpi	r16, 0x53	; 83
     6b2:	09 f0       	breq	.+2      	; 0x6b6 <main+0x176>
     6b4:	76 cf       	rjmp	.-276    	; 0x5a2 <main+0x62>
					if (buf_idx > 0 && strcmp(buffer, "-") != 0) num1 = atof(buffer);
     6b6:	99 20       	and	r9, r9
     6b8:	81 f0       	breq	.+32     	; 0x6da <main+0x19a>
     6ba:	6a e1       	ldi	r22, 0x1A	; 26
     6bc:	71 e0       	ldi	r23, 0x01	; 1
     6be:	ce 01       	movw	r24, r28
     6c0:	01 96       	adiw	r24, 0x01	; 1
     6c2:	0e 94 59 09 	call	0x12b2	; 0x12b2 <strcmp>
     6c6:	89 2b       	or	r24, r25
     6c8:	41 f0       	breq	.+16     	; 0x6da <main+0x19a>
     6ca:	ce 01       	movw	r24, r28
     6cc:	01 96       	adiw	r24, 0x01	; 1
     6ce:	0e 94 55 09 	call	0x12aa	; 0x12aa <atof>
     6d2:	66 2e       	mov	r6, r22
     6d4:	57 2e       	mov	r5, r23
     6d6:	48 2e       	mov	r4, r24
     6d8:	39 2e       	mov	r3, r25
					
					if (num1 < 0) {
     6da:	20 e0       	ldi	r18, 0x00	; 0
     6dc:	30 e0       	ldi	r19, 0x00	; 0
     6de:	a9 01       	movw	r20, r18
     6e0:	66 2d       	mov	r22, r6
     6e2:	75 2d       	mov	r23, r5
     6e4:	84 2d       	mov	r24, r4
     6e6:	93 2d       	mov	r25, r3
     6e8:	0e 94 97 05 	call	0xb2e	; 0xb2e <__cmpsf2>
     6ec:	88 23       	and	r24, r24
     6ee:	4c f4       	brge	.+18     	; 0x702 <main+0x1c2>
						lcd_cmd(LCD_CLEAR);
     6f0:	81 e0       	ldi	r24, 0x01	; 1
     6f2:	0e 94 f7 01 	call	0x3ee	; 0x3ee <lcd_cmd>
						lcd_print("Math Error");
     6f6:	8c e1       	ldi	r24, 0x1C	; 28
     6f8:	91 e0       	ldi	r25, 0x01	; 1
     6fa:	0e 94 72 02 	call	0x4e4	; 0x4e4 <lcd_print>
						system_state = STATE_INIT;
     6fe:	10 e0       	ldi	r17, 0x00	; 0
     700:	50 cf       	rjmp	.-352    	; 0x5a2 <main+0x62>
						} else {
						result = sqrt(num1);
     702:	66 2d       	mov	r22, r6
     704:	75 2d       	mov	r23, r5
     706:	84 2d       	mov	r24, r4
     708:	93 2d       	mov	r25, r3
     70a:	0e 94 b9 07 	call	0xf72	; 0xf72 <sqrt>
     70e:	b6 2e       	mov	r11, r22
     710:	a7 2e       	mov	r10, r23
     712:	78 2e       	mov	r7, r24
     714:	c9 2e       	mov	r12, r25
						lcd_cmd(LCD_SET_CURSOR_LINE2);
     716:	80 ec       	ldi	r24, 0xC0	; 192
     718:	0e 94 f7 01 	call	0x3ee	; 0x3ee <lcd_cmd>
						lcd_print("Ans= ");
     71c:	87 e2       	ldi	r24, 0x27	; 39
     71e:	91 e0       	ldi	r25, 0x01	; 1
     720:	0e 94 72 02 	call	0x4e4	; 0x4e4 <lcd_print>
						lcd_print_float(result);
     724:	6b 2d       	mov	r22, r11
     726:	7a 2d       	mov	r23, r10
     728:	87 2d       	mov	r24, r7
     72a:	9c 2d       	mov	r25, r12
     72c:	0e 94 7f 02 	call	0x4fe	; 0x4fe <lcd_print_float>
						num1 = result;
						buf_idx = 0; buffer[0] = '\0';
     730:	19 82       	std	Y+1, r1	; 0x01
						} else {
						result = sqrt(num1);
						lcd_cmd(LCD_SET_CURSOR_LINE2);
						lcd_print("Ans= ");
						lcd_print_float(result);
						num1 = result;
     732:	6b 2c       	mov	r6, r11
     734:	5a 2c       	mov	r5, r10
     736:	47 2c       	mov	r4, r7
     738:	3c 2c       	mov	r3, r12
						buf_idx = 0; buffer[0] = '\0';
     73a:	91 2c       	mov	r9, r1
     73c:	32 cf       	rjmp	.-412    	; 0x5a2 <main+0x62>
					}
				}
				break;

				case STATE_INPUT_NUM2:
				if (key == 'C') break;
     73e:	03 34       	cpi	r16, 0x43	; 67
     740:	09 f4       	brne	.+2      	; 0x744 <main+0x204>
     742:	2f cf       	rjmp	.-418    	; 0x5a2 <main+0x62>

				if ((key >= '0' && key <= '9') || key == '.' || (key == '-' && buf_idx == 0)) {
     744:	80 ed       	ldi	r24, 0xD0	; 208
     746:	80 0f       	add	r24, r16
     748:	8a 30       	cpi	r24, 0x0A	; 10
     74a:	30 f0       	brcs	.+12     	; 0x758 <main+0x218>
     74c:	0e 32       	cpi	r16, 0x2E	; 46
     74e:	21 f0       	breq	.+8      	; 0x758 <main+0x218>
     750:	0d 32       	cpi	r16, 0x2D	; 45
     752:	41 f5       	brne	.+80     	; 0x7a4 <main+0x264>
     754:	91 10       	cpse	r9, r1
     756:	26 c0       	rjmp	.+76     	; 0x7a4 <main+0x264>
					if (buf_idx == 0) lcd_cmd(LCD_CLEAR);
     758:	91 10       	cpse	r9, r1
     75a:	03 c0       	rjmp	.+6      	; 0x762 <main+0x222>
     75c:	81 e0       	ldi	r24, 0x01	; 1
     75e:	0e 94 f7 01 	call	0x3ee	; 0x3ee <lcd_cmd>
					if (buf_idx < 15) {
     762:	8e e0       	ldi	r24, 0x0E	; 14
     764:	89 15       	cp	r24, r9
     766:	08 f4       	brcc	.+2      	; 0x76a <main+0x22a>
     768:	1c cf       	rjmp	.-456    	; 0x5a2 <main+0x62>
						buffer[buf_idx++] = key;
     76a:	ff 24       	eor	r15, r15
     76c:	f3 94       	inc	r15
     76e:	f9 0c       	add	r15, r9
     770:	e1 e0       	ldi	r30, 0x01	; 1
     772:	f0 e0       	ldi	r31, 0x00	; 0
     774:	ec 0f       	add	r30, r28
     776:	fd 1f       	adc	r31, r29
     778:	e9 0d       	add	r30, r9
     77a:	f1 1d       	adc	r31, r1
     77c:	00 83       	st	Z, r16
						buffer[buf_idx] = '\0';
     77e:	e1 e0       	ldi	r30, 0x01	; 1
     780:	f0 e0       	ldi	r31, 0x00	; 0
     782:	ec 0f       	add	r30, r28
     784:	fd 1f       	adc	r31, r29
     786:	ef 0d       	add	r30, r15
     788:	f1 1d       	adc	r31, r1
     78a:	10 82       	st	Z, r1
						lcd_cmd(LCD_CLEAR);
     78c:	81 e0       	ldi	r24, 0x01	; 1
     78e:	0e 94 f7 01 	call	0x3ee	; 0x3ee <lcd_cmd>
						lcd_data(math_operator);
     792:	8d 2d       	mov	r24, r13
     794:	0e 94 29 02 	call	0x452	; 0x452 <lcd_data>
						lcd_print(buffer);
     798:	ce 01       	movw	r24, r28
     79a:	01 96       	adiw	r24, 0x01	; 1
     79c:	0e 94 72 02 	call	0x4e4	; 0x4e4 <lcd_print>
				if (key == 'C') break;

				if ((key >= '0' && key <= '9') || key == '.' || (key == '-' && buf_idx == 0)) {
					if (buf_idx == 0) lcd_cmd(LCD_CLEAR);
					if (buf_idx < 15) {
						buffer[buf_idx++] = key;
     7a0:	9f 2c       	mov	r9, r15
     7a2:	ff ce       	rjmp	.-514    	; 0x5a2 <main+0x62>
						lcd_cmd(LCD_CLEAR);
						lcd_data(math_operator);
						lcd_print(buffer);
					}
				}
				else if (key == '=') {
     7a4:	0d 33       	cpi	r16, 0x3D	; 61
     7a6:	b9 f4       	brne	.+46     	; 0x7d6 <main+0x296>
					if (buffer[0] != '\0') {
     7a8:	89 81       	ldd	r24, Y+1	; 0x01
     7aa:	88 23       	and	r24, r24
     7ac:	09 f4       	brne	.+2      	; 0x7b0 <main+0x270>
     7ae:	f2 ce       	rjmp	.-540    	; 0x594 <main+0x54>
						if (strcmp(buffer, "-") == 0) num2 = 0; // Tránh l?i atof("-")
     7b0:	6a e1       	ldi	r22, 0x1A	; 26
     7b2:	71 e0       	ldi	r23, 0x01	; 1
     7b4:	ce 01       	movw	r24, r28
     7b6:	01 96       	adiw	r24, 0x01	; 1
     7b8:	0e 94 59 09 	call	0x12b2	; 0x12b2 <strcmp>
     7bc:	89 2b       	or	r24, r25
     7be:	09 f4       	brne	.+2      	; 0x7c2 <main+0x282>
     7c0:	eb ce       	rjmp	.-554    	; 0x598 <main+0x58>
						else num2 = atof(buffer);
     7c2:	ce 01       	movw	r24, r28
     7c4:	01 96       	adiw	r24, 0x01	; 1
     7c6:	0e 94 55 09 	call	0x12aa	; 0x12aa <atof>
     7ca:	69 8b       	std	Y+17, r22	; 0x11
     7cc:	7a 8b       	std	Y+18, r23	; 0x12
     7ce:	8b 8b       	std	Y+19, r24	; 0x13
     7d0:	9c 8b       	std	Y+20, r25	; 0x14
					}
					system_state = STATE_CALCULATE; 
     7d2:	13 e0       	ldi	r17, 0x03	; 3
     7d4:	e6 ce       	rjmp	.-564    	; 0x5a2 <main+0x62>
				}
				else if (key == 'S') {
     7d6:	03 35       	cpi	r16, 0x53	; 83
     7d8:	09 f0       	breq	.+2      	; 0x7dc <main+0x29c>
     7da:	e3 ce       	rjmp	.-570    	; 0x5a2 <main+0x62>
					if (buffer[0] != '\0') num2 = atof(buffer); 
     7dc:	89 81       	ldd	r24, Y+1	; 0x01
     7de:	88 23       	and	r24, r24
     7e0:	41 f0       	breq	.+16     	; 0x7f2 <main+0x2b2>
     7e2:	ce 01       	movw	r24, r28
     7e4:	01 96       	adiw	r24, 0x01	; 1
     7e6:	0e 94 55 09 	call	0x12aa	; 0x12aa <atof>
     7ea:	69 8b       	std	Y+17, r22	; 0x11
     7ec:	7a 8b       	std	Y+18, r23	; 0x12
     7ee:	8b 8b       	std	Y+19, r24	; 0x13
     7f0:	9c 8b       	std	Y+20, r25	; 0x14
					
					if (num2 < 0) {
     7f2:	20 e0       	ldi	r18, 0x00	; 0
     7f4:	30 e0       	ldi	r19, 0x00	; 0
     7f6:	a9 01       	movw	r20, r18
     7f8:	69 89       	ldd	r22, Y+17	; 0x11
     7fa:	7a 89       	ldd	r23, Y+18	; 0x12
     7fc:	8b 89       	ldd	r24, Y+19	; 0x13
     7fe:	9c 89       	ldd	r25, Y+20	; 0x14
     800:	0e 94 97 05 	call	0xb2e	; 0xb2e <__cmpsf2>
     804:	88 23       	and	r24, r24
     806:	4c f4       	brge	.+18     	; 0x81a <__DATA_REGION_LENGTH__+0x1a>
						lcd_cmd(LCD_CLEAR);
     808:	81 e0       	ldi	r24, 0x01	; 1
     80a:	0e 94 f7 01 	call	0x3ee	; 0x3ee <lcd_cmd>
						lcd_print("Math Error");
     80e:	8c e1       	ldi	r24, 0x1C	; 28
     810:	91 e0       	ldi	r25, 0x01	; 1
     812:	0e 94 72 02 	call	0x4e4	; 0x4e4 <lcd_print>
						system_state = STATE_INIT;
     816:	10 e0       	ldi	r17, 0x00	; 0
     818:	c4 ce       	rjmp	.-632    	; 0x5a2 <main+0x62>
						} else {
						num2 = sqrt(num2); 
     81a:	69 89       	ldd	r22, Y+17	; 0x11
     81c:	7a 89       	ldd	r23, Y+18	; 0x12
     81e:	8b 89       	ldd	r24, Y+19	; 0x13
     820:	9c 89       	ldd	r25, Y+20	; 0x14
     822:	0e 94 b9 07 	call	0xf72	; 0xf72 <sqrt>
     826:	69 8b       	std	Y+17, r22	; 0x11
     828:	7a 8b       	std	Y+18, r23	; 0x12
     82a:	8b 8b       	std	Y+19, r24	; 0x13
     82c:	9c 8b       	std	Y+20, r25	; 0x14
						
						lcd_cmd(LCD_CLEAR);
     82e:	81 e0       	ldi	r24, 0x01	; 1
     830:	0e 94 f7 01 	call	0x3ee	; 0x3ee <lcd_cmd>
						lcd_data(math_operator); 
     834:	8d 2d       	mov	r24, r13
     836:	0e 94 29 02 	call	0x452	; 0x452 <lcd_data>
						lcd_print_float(num2);   
     83a:	69 89       	ldd	r22, Y+17	; 0x11
     83c:	7a 89       	ldd	r23, Y+18	; 0x12
     83e:	8b 89       	ldd	r24, Y+19	; 0x13
     840:	9c 89       	ldd	r25, Y+20	; 0x14
     842:	0e 94 7f 02 	call	0x4fe	; 0x4fe <lcd_print_float>
						
						buf_idx = 0; buffer[0] = '\0';
     846:	19 82       	std	Y+1, r1	; 0x01
     848:	91 2c       	mov	r9, r1
     84a:	ab ce       	rjmp	.-682    	; 0x5a2 <main+0x62>
					}
				}
				break;

				case STATE_CALCULATE:
				switch(math_operator) {
     84c:	ad e2       	ldi	r26, 0x2D	; 45
     84e:	da 16       	cp	r13, r26
     850:	01 f1       	breq	.+64     	; 0x892 <__DATA_REGION_LENGTH__+0x92>
     852:	ad 15       	cp	r26, r13
     854:	38 f0       	brcs	.+14     	; 0x864 <__DATA_REGION_LENGTH__+0x64>
     856:	ba e2       	ldi	r27, 0x2A	; 42
     858:	db 16       	cp	r13, r27
     85a:	51 f1       	breq	.+84     	; 0x8b0 <__DATA_REGION_LENGTH__+0xb0>
     85c:	8b e2       	ldi	r24, 0x2B	; 43
     85e:	d8 16       	cp	r13, r24
     860:	49 f0       	breq	.+18     	; 0x874 <__DATA_REGION_LENGTH__+0x74>
     862:	e3 c0       	rjmp	.+454    	; 0xa2a <__stack+0x12b>
     864:	af e2       	ldi	r26, 0x2F	; 47
     866:	da 16       	cp	r13, r26
     868:	09 f4       	brne	.+2      	; 0x86c <__DATA_REGION_LENGTH__+0x6c>
     86a:	bd c0       	rjmp	.+378    	; 0x9e6 <__stack+0xe7>
     86c:	be e5       	ldi	r27, 0x5E	; 94
     86e:	db 16       	cp	r13, r27
     870:	71 f1       	breq	.+92     	; 0x8ce <__DATA_REGION_LENGTH__+0xce>
     872:	db c0       	rjmp	.+438    	; 0xa2a <__stack+0x12b>
					case '+': result = num1 + num2; break;
     874:	29 89       	ldd	r18, Y+17	; 0x11
     876:	3a 89       	ldd	r19, Y+18	; 0x12
     878:	4b 89       	ldd	r20, Y+19	; 0x13
     87a:	5c 89       	ldd	r21, Y+20	; 0x14
     87c:	66 2d       	mov	r22, r6
     87e:	75 2d       	mov	r23, r5
     880:	84 2d       	mov	r24, r4
     882:	93 2d       	mov	r25, r3
     884:	0e 94 2b 05 	call	0xa56	; 0xa56 <__addsf3>
     888:	b6 2e       	mov	r11, r22
     88a:	a7 2e       	mov	r10, r23
     88c:	78 2e       	mov	r7, r24
     88e:	c9 2e       	mov	r12, r25
     890:	cc c0       	rjmp	.+408    	; 0xa2a <__stack+0x12b>
					case '-': result = num1 - num2; break;
     892:	29 89       	ldd	r18, Y+17	; 0x11
     894:	3a 89       	ldd	r19, Y+18	; 0x12
     896:	4b 89       	ldd	r20, Y+19	; 0x13
     898:	5c 89       	ldd	r21, Y+20	; 0x14
     89a:	66 2d       	mov	r22, r6
     89c:	75 2d       	mov	r23, r5
     89e:	84 2d       	mov	r24, r4
     8a0:	93 2d       	mov	r25, r3
     8a2:	0e 94 2a 05 	call	0xa54	; 0xa54 <__subsf3>
     8a6:	b6 2e       	mov	r11, r22
     8a8:	a7 2e       	mov	r10, r23
     8aa:	78 2e       	mov	r7, r24
     8ac:	c9 2e       	mov	r12, r25
     8ae:	bd c0       	rjmp	.+378    	; 0xa2a <__stack+0x12b>
					case '*': result = num1 * num2; break;
     8b0:	29 89       	ldd	r18, Y+17	; 0x11
     8b2:	3a 89       	ldd	r19, Y+18	; 0x12
     8b4:	4b 89       	ldd	r20, Y+19	; 0x13
     8b6:	5c 89       	ldd	r21, Y+20	; 0x14
     8b8:	66 2d       	mov	r22, r6
     8ba:	75 2d       	mov	r23, r5
     8bc:	84 2d       	mov	r24, r4
     8be:	93 2d       	mov	r25, r3
     8c0:	0e 94 f6 06 	call	0xdec	; 0xdec <__mulsf3>
     8c4:	b6 2e       	mov	r11, r22
     8c6:	a7 2e       	mov	r10, r23
     8c8:	78 2e       	mov	r7, r24
     8ca:	c9 2e       	mov	r12, r25
     8cc:	ae c0       	rjmp	.+348    	; 0xa2a <__stack+0x12b>
					case '^':
					if (num2 == (int)num2) {
     8ce:	69 89       	ldd	r22, Y+17	; 0x11
     8d0:	7a 89       	ldd	r23, Y+18	; 0x12
     8d2:	8b 89       	ldd	r24, Y+19	; 0x13
     8d4:	9c 89       	ldd	r25, Y+20	; 0x14
     8d6:	0e 94 0e 06 	call	0xc1c	; 0xc1c <__fixsfsi>
     8da:	7b 01       	movw	r14, r22
     8dc:	07 2e       	mov	r0, r23
     8de:	00 0c       	add	r0, r0
     8e0:	88 0b       	sbc	r24, r24
     8e2:	99 0b       	sbc	r25, r25
     8e4:	0e 94 46 06 	call	0xc8c	; 0xc8c <__floatsisf>
     8e8:	9b 01       	movw	r18, r22
     8ea:	ac 01       	movw	r20, r24
     8ec:	69 89       	ldd	r22, Y+17	; 0x11
     8ee:	7a 89       	ldd	r23, Y+18	; 0x12
     8f0:	8b 89       	ldd	r24, Y+19	; 0x13
     8f2:	9c 89       	ldd	r25, Y+20	; 0x14
     8f4:	0e 94 97 05 	call	0xb2e	; 0xb2e <__cmpsf2>
     8f8:	81 11       	cpse	r24, r1
     8fa:	52 c0       	rjmp	.+164    	; 0x9a0 <__stack+0xa1>
						// 1. N?u m? là s? nguyên: Cho phép c? s? âm, ch?y vòng l?p bình th??ng
						result = 1.0;
						int exponent = (int)num2;
						
						if (exponent > 0) {
     8fc:	1e 14       	cp	r1, r14
     8fe:	1f 04       	cpc	r1, r15
     900:	9c f0       	brlt	.+38     	; 0x928 <__stack+0x29>
     902:	21 c0       	rjmp	.+66     	; 0x946 <__stack+0x47>
							for (int i = 0; i < exponent; i++) result *= num1;
     904:	26 2d       	mov	r18, r6
     906:	35 2d       	mov	r19, r5
     908:	44 2d       	mov	r20, r4
     90a:	53 2d       	mov	r21, r3
     90c:	6b 2d       	mov	r22, r11
     90e:	7a 2d       	mov	r23, r10
     910:	87 2d       	mov	r24, r7
     912:	9c 2d       	mov	r25, r12
     914:	0e 94 f6 06 	call	0xdec	; 0xdec <__mulsf3>
     918:	b6 2e       	mov	r11, r22
     91a:	a7 2e       	mov	r10, r23
     91c:	78 2e       	mov	r7, r24
     91e:	c9 2e       	mov	r12, r25
     920:	8f ef       	ldi	r24, 0xFF	; 255
     922:	88 1a       	sub	r8, r24
     924:	98 0a       	sbc	r9, r24
     926:	0b c0       	rjmp	.+22     	; 0x93e <__stack+0x3f>
     928:	81 2c       	mov	r8, r1
     92a:	91 2c       	mov	r9, r1
     92c:	b1 2c       	mov	r11, r1
     92e:	a1 2c       	mov	r10, r1
     930:	68 94       	set
     932:	77 24       	eor	r7, r7
     934:	77 f8       	bld	r7, 7
     936:	0f 2e       	mov	r0, r31
     938:	ff e3       	ldi	r31, 0x3F	; 63
     93a:	cf 2e       	mov	r12, r31
     93c:	f0 2d       	mov	r31, r0
     93e:	8e 14       	cp	r8, r14
     940:	9f 04       	cpc	r9, r15
     942:	04 f3       	brlt	.-64     	; 0x904 <__stack+0x5>
     944:	72 c0       	rjmp	.+228    	; 0xa2a <__stack+0x12b>
						}
						else if (exponent < 0) {
     946:	ff 20       	and	r15, r15
     948:	e4 f0       	brlt	.+56     	; 0x982 <__stack+0x83>
					case '-': result = num1 - num2; break;
					case '*': result = num1 * num2; break;
					case '^':
					if (num2 == (int)num2) {
						// 1. N?u m? là s? nguyên: Cho phép c? s? âm, ch?y vòng l?p bình th??ng
						result = 1.0;
     94a:	b1 2c       	mov	r11, r1
     94c:	a1 2c       	mov	r10, r1
     94e:	68 94       	set
     950:	77 24       	eor	r7, r7
     952:	77 f8       	bld	r7, 7
     954:	0f 2e       	mov	r0, r31
     956:	ff e3       	ldi	r31, 0x3F	; 63
     958:	cf 2e       	mov	r12, r31
     95a:	f0 2d       	mov	r31, r0
     95c:	66 c0       	rjmp	.+204    	; 0xa2a <__stack+0x12b>
						
						if (exponent > 0) {
							for (int i = 0; i < exponent; i++) result *= num1;
						}
						else if (exponent < 0) {
							for (int i = 0; i > exponent; i--) result /= num1;
     95e:	26 2d       	mov	r18, r6
     960:	35 2d       	mov	r19, r5
     962:	44 2d       	mov	r20, r4
     964:	53 2d       	mov	r21, r3
     966:	6b 2d       	mov	r22, r11
     968:	7a 2d       	mov	r23, r10
     96a:	87 2d       	mov	r24, r7
     96c:	9c 2d       	mov	r25, r12
     96e:	0e 94 9c 05 	call	0xb38	; 0xb38 <__divsf3>
     972:	b6 2e       	mov	r11, r22
     974:	a7 2e       	mov	r10, r23
     976:	78 2e       	mov	r7, r24
     978:	c9 2e       	mov	r12, r25
     97a:	a1 e0       	ldi	r26, 0x01	; 1
     97c:	8a 1a       	sub	r8, r26
     97e:	91 08       	sbc	r9, r1
     980:	0b c0       	rjmp	.+22     	; 0x998 <__stack+0x99>
     982:	81 2c       	mov	r8, r1
     984:	91 2c       	mov	r9, r1
     986:	b1 2c       	mov	r11, r1
     988:	a1 2c       	mov	r10, r1
     98a:	68 94       	set
     98c:	77 24       	eor	r7, r7
     98e:	77 f8       	bld	r7, 7
     990:	0f 2e       	mov	r0, r31
     992:	ff e3       	ldi	r31, 0x3F	; 63
     994:	cf 2e       	mov	r12, r31
     996:	f0 2d       	mov	r31, r0
     998:	e8 14       	cp	r14, r8
     99a:	f9 04       	cpc	r15, r9
     99c:	04 f3       	brlt	.-64     	; 0x95e <__stack+0x5f>
     99e:	45 c0       	rjmp	.+138    	; 0xa2a <__stack+0x12b>
						}
						} else {
						// 2. N?u m? là s? th?p phân: B?T BU?C C? S? (num1) PH?I L?N H?N HO?C B?NG 0
						if (num1 < 0) {
     9a0:	20 e0       	ldi	r18, 0x00	; 0
     9a2:	30 e0       	ldi	r19, 0x00	; 0
     9a4:	a9 01       	movw	r20, r18
     9a6:	66 2d       	mov	r22, r6
     9a8:	75 2d       	mov	r23, r5
     9aa:	84 2d       	mov	r24, r4
     9ac:	93 2d       	mov	r25, r3
     9ae:	0e 94 97 05 	call	0xb2e	; 0xb2e <__cmpsf2>
     9b2:	88 23       	and	r24, r24
     9b4:	4c f4       	brge	.+18     	; 0x9c8 <__stack+0xc9>
							lcd_cmd(LCD_CLEAR);
     9b6:	81 e0       	ldi	r24, 0x01	; 1
     9b8:	0e 94 f7 01 	call	0x3ee	; 0x3ee <lcd_cmd>
							lcd_print("Math Error");
     9bc:	8c e1       	ldi	r24, 0x1C	; 28
     9be:	91 e0       	ldi	r25, 0x01	; 1
     9c0:	0e 94 72 02 	call	0x4e4	; 0x4e4 <lcd_print>
							system_state = STATE_INIT; // Reset máy
     9c4:	10 e0       	ldi	r17, 0x00	; 0
							goto skip_print; // Nh?y qua ph?n in k?t qu? ? d??i
     9c6:	ed cd       	rjmp	.-1062   	; 0x5a2 <main+0x62>
							} else {
							// N?u c? s? d??ng, dùng hàm pow bình th??ng
							result = pow(num1, num2);
     9c8:	29 89       	ldd	r18, Y+17	; 0x11
     9ca:	3a 89       	ldd	r19, Y+18	; 0x12
     9cc:	4b 89       	ldd	r20, Y+19	; 0x13
     9ce:	5c 89       	ldd	r21, Y+20	; 0x14
     9d0:	66 2d       	mov	r22, r6
     9d2:	75 2d       	mov	r23, r5
     9d4:	84 2d       	mov	r24, r4
     9d6:	93 2d       	mov	r25, r3
     9d8:	0e 94 63 07 	call	0xec6	; 0xec6 <pow>
     9dc:	b6 2e       	mov	r11, r22
     9de:	a7 2e       	mov	r10, r23
     9e0:	78 2e       	mov	r7, r24
     9e2:	c9 2e       	mov	r12, r25
     9e4:	22 c0       	rjmp	.+68     	; 0xa2a <__stack+0x12b>
						}
					}
					break;
					case '/':
					if (num2 == 0) {
     9e6:	20 e0       	ldi	r18, 0x00	; 0
     9e8:	30 e0       	ldi	r19, 0x00	; 0
     9ea:	a9 01       	movw	r20, r18
     9ec:	69 89       	ldd	r22, Y+17	; 0x11
     9ee:	7a 89       	ldd	r23, Y+18	; 0x12
     9f0:	8b 89       	ldd	r24, Y+19	; 0x13
     9f2:	9c 89       	ldd	r25, Y+20	; 0x14
     9f4:	0e 94 97 05 	call	0xb2e	; 0xb2e <__cmpsf2>
     9f8:	81 11       	cpse	r24, r1
     9fa:	09 c0       	rjmp	.+18     	; 0xa0e <__stack+0x10f>
						lcd_cmd(LCD_CLEAR);
     9fc:	81 e0       	ldi	r24, 0x01	; 1
     9fe:	0e 94 f7 01 	call	0x3ee	; 0x3ee <lcd_cmd>
						lcd_print("Math Error");
     a02:	8c e1       	ldi	r24, 0x1C	; 28
     a04:	91 e0       	ldi	r25, 0x01	; 1
     a06:	0e 94 72 02 	call	0x4e4	; 0x4e4 <lcd_print>
						system_state = STATE_INIT;
     a0a:	10 e0       	ldi	r17, 0x00	; 0
						goto skip_print;
     a0c:	ca cd       	rjmp	.-1132   	; 0x5a2 <main+0x62>
						} else {
						result = num1 / num2;
     a0e:	29 89       	ldd	r18, Y+17	; 0x11
     a10:	3a 89       	ldd	r19, Y+18	; 0x12
     a12:	4b 89       	ldd	r20, Y+19	; 0x13
     a14:	5c 89       	ldd	r21, Y+20	; 0x14
     a16:	66 2d       	mov	r22, r6
     a18:	75 2d       	mov	r23, r5
     a1a:	84 2d       	mov	r24, r4
     a1c:	93 2d       	mov	r25, r3
     a1e:	0e 94 9c 05 	call	0xb38	; 0xb38 <__divsf3>
     a22:	b6 2e       	mov	r11, r22
     a24:	a7 2e       	mov	r10, r23
     a26:	78 2e       	mov	r7, r24
     a28:	c9 2e       	mov	r12, r25
					}
					break;
				}
				
				lcd_cmd(LCD_SET_CURSOR_LINE2);
     a2a:	80 ec       	ldi	r24, 0xC0	; 192
     a2c:	0e 94 f7 01 	call	0x3ee	; 0x3ee <lcd_cmd>
				lcd_print("Ans= ");
     a30:	87 e2       	ldi	r24, 0x27	; 39
     a32:	91 e0       	ldi	r25, 0x01	; 1
     a34:	0e 94 72 02 	call	0x4e4	; 0x4e4 <lcd_print>
				lcd_print_float(result);
     a38:	6b 2d       	mov	r22, r11
     a3a:	7a 2d       	mov	r23, r10
     a3c:	87 2d       	mov	r24, r7
     a3e:	9c 2d       	mov	r25, r12
     a40:	0e 94 7f 02 	call	0x4fe	; 0x4fe <lcd_print_float>
				
				num1 = result;
				buf_idx = 0; buffer[0] = '\0';
     a44:	19 82       	std	Y+1, r1	; 0x01
				
				lcd_cmd(LCD_SET_CURSOR_LINE2);
				lcd_print("Ans= ");
				lcd_print_float(result);
				
				num1 = result;
     a46:	6b 2c       	mov	r6, r11
     a48:	5a 2c       	mov	r5, r10
     a4a:	47 2c       	mov	r4, r7
     a4c:	3c 2c       	mov	r3, r12
				buf_idx = 0; buffer[0] = '\0';
     a4e:	91 2c       	mov	r9, r1
				system_state = STATE_INPUT_NUM1;
     a50:	11 e0       	ldi	r17, 0x01	; 1
     a52:	a7 cd       	rjmp	.-1202   	; 0x5a2 <main+0x62>

00000a54 <__subsf3>:
     a54:	50 58       	subi	r21, 0x80	; 128

00000a56 <__addsf3>:
     a56:	bb 27       	eor	r27, r27
     a58:	aa 27       	eor	r26, r26
     a5a:	0e 94 42 05 	call	0xa84	; 0xa84 <__addsf3x>
     a5e:	0c 94 bc 06 	jmp	0xd78	; 0xd78 <__fp_round>
     a62:	0e 94 ae 06 	call	0xd5c	; 0xd5c <__fp_pscA>
     a66:	38 f0       	brcs	.+14     	; 0xa76 <__addsf3+0x20>
     a68:	0e 94 b5 06 	call	0xd6a	; 0xd6a <__fp_pscB>
     a6c:	20 f0       	brcs	.+8      	; 0xa76 <__addsf3+0x20>
     a6e:	39 f4       	brne	.+14     	; 0xa7e <__addsf3+0x28>
     a70:	9f 3f       	cpi	r25, 0xFF	; 255
     a72:	19 f4       	brne	.+6      	; 0xa7a <__addsf3+0x24>
     a74:	26 f4       	brtc	.+8      	; 0xa7e <__addsf3+0x28>
     a76:	0c 94 ab 06 	jmp	0xd56	; 0xd56 <__fp_nan>
     a7a:	0e f4       	brtc	.+2      	; 0xa7e <__addsf3+0x28>
     a7c:	e0 95       	com	r30
     a7e:	e7 fb       	bst	r30, 7
     a80:	0c 94 a5 06 	jmp	0xd4a	; 0xd4a <__fp_inf>

00000a84 <__addsf3x>:
     a84:	e9 2f       	mov	r30, r25
     a86:	0e 94 cd 06 	call	0xd9a	; 0xd9a <__fp_split3>
     a8a:	58 f3       	brcs	.-42     	; 0xa62 <__addsf3+0xc>
     a8c:	ba 17       	cp	r27, r26
     a8e:	62 07       	cpc	r22, r18
     a90:	73 07       	cpc	r23, r19
     a92:	84 07       	cpc	r24, r20
     a94:	95 07       	cpc	r25, r21
     a96:	20 f0       	brcs	.+8      	; 0xaa0 <__addsf3x+0x1c>
     a98:	79 f4       	brne	.+30     	; 0xab8 <__addsf3x+0x34>
     a9a:	a6 f5       	brtc	.+104    	; 0xb04 <__addsf3x+0x80>
     a9c:	0c 94 ef 06 	jmp	0xdde	; 0xdde <__fp_zero>
     aa0:	0e f4       	brtc	.+2      	; 0xaa4 <__addsf3x+0x20>
     aa2:	e0 95       	com	r30
     aa4:	0b 2e       	mov	r0, r27
     aa6:	ba 2f       	mov	r27, r26
     aa8:	a0 2d       	mov	r26, r0
     aaa:	0b 01       	movw	r0, r22
     aac:	b9 01       	movw	r22, r18
     aae:	90 01       	movw	r18, r0
     ab0:	0c 01       	movw	r0, r24
     ab2:	ca 01       	movw	r24, r20
     ab4:	a0 01       	movw	r20, r0
     ab6:	11 24       	eor	r1, r1
     ab8:	ff 27       	eor	r31, r31
     aba:	59 1b       	sub	r21, r25
     abc:	99 f0       	breq	.+38     	; 0xae4 <__addsf3x+0x60>
     abe:	59 3f       	cpi	r21, 0xF9	; 249
     ac0:	50 f4       	brcc	.+20     	; 0xad6 <__addsf3x+0x52>
     ac2:	50 3e       	cpi	r21, 0xE0	; 224
     ac4:	68 f1       	brcs	.+90     	; 0xb20 <__addsf3x+0x9c>
     ac6:	1a 16       	cp	r1, r26
     ac8:	f0 40       	sbci	r31, 0x00	; 0
     aca:	a2 2f       	mov	r26, r18
     acc:	23 2f       	mov	r18, r19
     ace:	34 2f       	mov	r19, r20
     ad0:	44 27       	eor	r20, r20
     ad2:	58 5f       	subi	r21, 0xF8	; 248
     ad4:	f3 cf       	rjmp	.-26     	; 0xabc <__addsf3x+0x38>
     ad6:	46 95       	lsr	r20
     ad8:	37 95       	ror	r19
     ada:	27 95       	ror	r18
     adc:	a7 95       	ror	r26
     ade:	f0 40       	sbci	r31, 0x00	; 0
     ae0:	53 95       	inc	r21
     ae2:	c9 f7       	brne	.-14     	; 0xad6 <__addsf3x+0x52>
     ae4:	7e f4       	brtc	.+30     	; 0xb04 <__addsf3x+0x80>
     ae6:	1f 16       	cp	r1, r31
     ae8:	ba 0b       	sbc	r27, r26
     aea:	62 0b       	sbc	r22, r18
     aec:	73 0b       	sbc	r23, r19
     aee:	84 0b       	sbc	r24, r20
     af0:	ba f0       	brmi	.+46     	; 0xb20 <__addsf3x+0x9c>
     af2:	91 50       	subi	r25, 0x01	; 1
     af4:	a1 f0       	breq	.+40     	; 0xb1e <__addsf3x+0x9a>
     af6:	ff 0f       	add	r31, r31
     af8:	bb 1f       	adc	r27, r27
     afa:	66 1f       	adc	r22, r22
     afc:	77 1f       	adc	r23, r23
     afe:	88 1f       	adc	r24, r24
     b00:	c2 f7       	brpl	.-16     	; 0xaf2 <__addsf3x+0x6e>
     b02:	0e c0       	rjmp	.+28     	; 0xb20 <__addsf3x+0x9c>
     b04:	ba 0f       	add	r27, r26
     b06:	62 1f       	adc	r22, r18
     b08:	73 1f       	adc	r23, r19
     b0a:	84 1f       	adc	r24, r20
     b0c:	48 f4       	brcc	.+18     	; 0xb20 <__addsf3x+0x9c>
     b0e:	87 95       	ror	r24
     b10:	77 95       	ror	r23
     b12:	67 95       	ror	r22
     b14:	b7 95       	ror	r27
     b16:	f7 95       	ror	r31
     b18:	9e 3f       	cpi	r25, 0xFE	; 254
     b1a:	08 f0       	brcs	.+2      	; 0xb1e <__addsf3x+0x9a>
     b1c:	b0 cf       	rjmp	.-160    	; 0xa7e <__addsf3+0x28>
     b1e:	93 95       	inc	r25
     b20:	88 0f       	add	r24, r24
     b22:	08 f0       	brcs	.+2      	; 0xb26 <__addsf3x+0xa2>
     b24:	99 27       	eor	r25, r25
     b26:	ee 0f       	add	r30, r30
     b28:	97 95       	ror	r25
     b2a:	87 95       	ror	r24
     b2c:	08 95       	ret

00000b2e <__cmpsf2>:
     b2e:	0e 94 81 06 	call	0xd02	; 0xd02 <__fp_cmp>
     b32:	08 f4       	brcc	.+2      	; 0xb36 <__cmpsf2+0x8>
     b34:	81 e0       	ldi	r24, 0x01	; 1
     b36:	08 95       	ret

00000b38 <__divsf3>:
     b38:	0e 94 b0 05 	call	0xb60	; 0xb60 <__divsf3x>
     b3c:	0c 94 bc 06 	jmp	0xd78	; 0xd78 <__fp_round>
     b40:	0e 94 b5 06 	call	0xd6a	; 0xd6a <__fp_pscB>
     b44:	58 f0       	brcs	.+22     	; 0xb5c <__divsf3+0x24>
     b46:	0e 94 ae 06 	call	0xd5c	; 0xd5c <__fp_pscA>
     b4a:	40 f0       	brcs	.+16     	; 0xb5c <__divsf3+0x24>
     b4c:	29 f4       	brne	.+10     	; 0xb58 <__divsf3+0x20>
     b4e:	5f 3f       	cpi	r21, 0xFF	; 255
     b50:	29 f0       	breq	.+10     	; 0xb5c <__divsf3+0x24>
     b52:	0c 94 a5 06 	jmp	0xd4a	; 0xd4a <__fp_inf>
     b56:	51 11       	cpse	r21, r1
     b58:	0c 94 f0 06 	jmp	0xde0	; 0xde0 <__fp_szero>
     b5c:	0c 94 ab 06 	jmp	0xd56	; 0xd56 <__fp_nan>

00000b60 <__divsf3x>:
     b60:	0e 94 cd 06 	call	0xd9a	; 0xd9a <__fp_split3>
     b64:	68 f3       	brcs	.-38     	; 0xb40 <__divsf3+0x8>

00000b66 <__divsf3_pse>:
     b66:	99 23       	and	r25, r25
     b68:	b1 f3       	breq	.-20     	; 0xb56 <__divsf3+0x1e>
     b6a:	55 23       	and	r21, r21
     b6c:	91 f3       	breq	.-28     	; 0xb52 <__divsf3+0x1a>
     b6e:	95 1b       	sub	r25, r21
     b70:	55 0b       	sbc	r21, r21
     b72:	bb 27       	eor	r27, r27
     b74:	aa 27       	eor	r26, r26
     b76:	62 17       	cp	r22, r18
     b78:	73 07       	cpc	r23, r19
     b7a:	84 07       	cpc	r24, r20
     b7c:	38 f0       	brcs	.+14     	; 0xb8c <__divsf3_pse+0x26>
     b7e:	9f 5f       	subi	r25, 0xFF	; 255
     b80:	5f 4f       	sbci	r21, 0xFF	; 255
     b82:	22 0f       	add	r18, r18
     b84:	33 1f       	adc	r19, r19
     b86:	44 1f       	adc	r20, r20
     b88:	aa 1f       	adc	r26, r26
     b8a:	a9 f3       	breq	.-22     	; 0xb76 <__divsf3_pse+0x10>
     b8c:	35 d0       	rcall	.+106    	; 0xbf8 <__divsf3_pse+0x92>
     b8e:	0e 2e       	mov	r0, r30
     b90:	3a f0       	brmi	.+14     	; 0xba0 <__divsf3_pse+0x3a>
     b92:	e0 e8       	ldi	r30, 0x80	; 128
     b94:	32 d0       	rcall	.+100    	; 0xbfa <__divsf3_pse+0x94>
     b96:	91 50       	subi	r25, 0x01	; 1
     b98:	50 40       	sbci	r21, 0x00	; 0
     b9a:	e6 95       	lsr	r30
     b9c:	00 1c       	adc	r0, r0
     b9e:	ca f7       	brpl	.-14     	; 0xb92 <__divsf3_pse+0x2c>
     ba0:	2b d0       	rcall	.+86     	; 0xbf8 <__divsf3_pse+0x92>
     ba2:	fe 2f       	mov	r31, r30
     ba4:	29 d0       	rcall	.+82     	; 0xbf8 <__divsf3_pse+0x92>
     ba6:	66 0f       	add	r22, r22
     ba8:	77 1f       	adc	r23, r23
     baa:	88 1f       	adc	r24, r24
     bac:	bb 1f       	adc	r27, r27
     bae:	26 17       	cp	r18, r22
     bb0:	37 07       	cpc	r19, r23
     bb2:	48 07       	cpc	r20, r24
     bb4:	ab 07       	cpc	r26, r27
     bb6:	b0 e8       	ldi	r27, 0x80	; 128
     bb8:	09 f0       	breq	.+2      	; 0xbbc <__divsf3_pse+0x56>
     bba:	bb 0b       	sbc	r27, r27
     bbc:	80 2d       	mov	r24, r0
     bbe:	bf 01       	movw	r22, r30
     bc0:	ff 27       	eor	r31, r31
     bc2:	93 58       	subi	r25, 0x83	; 131
     bc4:	5f 4f       	sbci	r21, 0xFF	; 255
     bc6:	3a f0       	brmi	.+14     	; 0xbd6 <__divsf3_pse+0x70>
     bc8:	9e 3f       	cpi	r25, 0xFE	; 254
     bca:	51 05       	cpc	r21, r1
     bcc:	78 f0       	brcs	.+30     	; 0xbec <__divsf3_pse+0x86>
     bce:	0c 94 a5 06 	jmp	0xd4a	; 0xd4a <__fp_inf>
     bd2:	0c 94 f0 06 	jmp	0xde0	; 0xde0 <__fp_szero>
     bd6:	5f 3f       	cpi	r21, 0xFF	; 255
     bd8:	e4 f3       	brlt	.-8      	; 0xbd2 <__divsf3_pse+0x6c>
     bda:	98 3e       	cpi	r25, 0xE8	; 232
     bdc:	d4 f3       	brlt	.-12     	; 0xbd2 <__divsf3_pse+0x6c>
     bde:	86 95       	lsr	r24
     be0:	77 95       	ror	r23
     be2:	67 95       	ror	r22
     be4:	b7 95       	ror	r27
     be6:	f7 95       	ror	r31
     be8:	9f 5f       	subi	r25, 0xFF	; 255
     bea:	c9 f7       	brne	.-14     	; 0xbde <__divsf3_pse+0x78>
     bec:	88 0f       	add	r24, r24
     bee:	91 1d       	adc	r25, r1
     bf0:	96 95       	lsr	r25
     bf2:	87 95       	ror	r24
     bf4:	97 f9       	bld	r25, 7
     bf6:	08 95       	ret
     bf8:	e1 e0       	ldi	r30, 0x01	; 1
     bfa:	66 0f       	add	r22, r22
     bfc:	77 1f       	adc	r23, r23
     bfe:	88 1f       	adc	r24, r24
     c00:	bb 1f       	adc	r27, r27
     c02:	62 17       	cp	r22, r18
     c04:	73 07       	cpc	r23, r19
     c06:	84 07       	cpc	r24, r20
     c08:	ba 07       	cpc	r27, r26
     c0a:	20 f0       	brcs	.+8      	; 0xc14 <__divsf3_pse+0xae>
     c0c:	62 1b       	sub	r22, r18
     c0e:	73 0b       	sbc	r23, r19
     c10:	84 0b       	sbc	r24, r20
     c12:	ba 0b       	sbc	r27, r26
     c14:	ee 1f       	adc	r30, r30
     c16:	88 f7       	brcc	.-30     	; 0xbfa <__divsf3_pse+0x94>
     c18:	e0 95       	com	r30
     c1a:	08 95       	ret

00000c1c <__fixsfsi>:
     c1c:	0e 94 15 06 	call	0xc2a	; 0xc2a <__fixunssfsi>
     c20:	68 94       	set
     c22:	b1 11       	cpse	r27, r1
     c24:	0c 94 f0 06 	jmp	0xde0	; 0xde0 <__fp_szero>
     c28:	08 95       	ret

00000c2a <__fixunssfsi>:
     c2a:	0e 94 d5 06 	call	0xdaa	; 0xdaa <__fp_splitA>
     c2e:	88 f0       	brcs	.+34     	; 0xc52 <__fixunssfsi+0x28>
     c30:	9f 57       	subi	r25, 0x7F	; 127
     c32:	98 f0       	brcs	.+38     	; 0xc5a <__fixunssfsi+0x30>
     c34:	b9 2f       	mov	r27, r25
     c36:	99 27       	eor	r25, r25
     c38:	b7 51       	subi	r27, 0x17	; 23
     c3a:	b0 f0       	brcs	.+44     	; 0xc68 <__fixunssfsi+0x3e>
     c3c:	e1 f0       	breq	.+56     	; 0xc76 <__fixunssfsi+0x4c>
     c3e:	66 0f       	add	r22, r22
     c40:	77 1f       	adc	r23, r23
     c42:	88 1f       	adc	r24, r24
     c44:	99 1f       	adc	r25, r25
     c46:	1a f0       	brmi	.+6      	; 0xc4e <__fixunssfsi+0x24>
     c48:	ba 95       	dec	r27
     c4a:	c9 f7       	brne	.-14     	; 0xc3e <__fixunssfsi+0x14>
     c4c:	14 c0       	rjmp	.+40     	; 0xc76 <__fixunssfsi+0x4c>
     c4e:	b1 30       	cpi	r27, 0x01	; 1
     c50:	91 f0       	breq	.+36     	; 0xc76 <__fixunssfsi+0x4c>
     c52:	0e 94 ef 06 	call	0xdde	; 0xdde <__fp_zero>
     c56:	b1 e0       	ldi	r27, 0x01	; 1
     c58:	08 95       	ret
     c5a:	0c 94 ef 06 	jmp	0xdde	; 0xdde <__fp_zero>
     c5e:	67 2f       	mov	r22, r23
     c60:	78 2f       	mov	r23, r24
     c62:	88 27       	eor	r24, r24
     c64:	b8 5f       	subi	r27, 0xF8	; 248
     c66:	39 f0       	breq	.+14     	; 0xc76 <__fixunssfsi+0x4c>
     c68:	b9 3f       	cpi	r27, 0xF9	; 249
     c6a:	cc f3       	brlt	.-14     	; 0xc5e <__fixunssfsi+0x34>
     c6c:	86 95       	lsr	r24
     c6e:	77 95       	ror	r23
     c70:	67 95       	ror	r22
     c72:	b3 95       	inc	r27
     c74:	d9 f7       	brne	.-10     	; 0xc6c <__fixunssfsi+0x42>
     c76:	3e f4       	brtc	.+14     	; 0xc86 <__fixunssfsi+0x5c>
     c78:	90 95       	com	r25
     c7a:	80 95       	com	r24
     c7c:	70 95       	com	r23
     c7e:	61 95       	neg	r22
     c80:	7f 4f       	sbci	r23, 0xFF	; 255
     c82:	8f 4f       	sbci	r24, 0xFF	; 255
     c84:	9f 4f       	sbci	r25, 0xFF	; 255
     c86:	08 95       	ret

00000c88 <__floatunsisf>:
     c88:	e8 94       	clt
     c8a:	09 c0       	rjmp	.+18     	; 0xc9e <__floatsisf+0x12>

00000c8c <__floatsisf>:
     c8c:	97 fb       	bst	r25, 7
     c8e:	3e f4       	brtc	.+14     	; 0xc9e <__floatsisf+0x12>
     c90:	90 95       	com	r25
     c92:	80 95       	com	r24
     c94:	70 95       	com	r23
     c96:	61 95       	neg	r22
     c98:	7f 4f       	sbci	r23, 0xFF	; 255
     c9a:	8f 4f       	sbci	r24, 0xFF	; 255
     c9c:	9f 4f       	sbci	r25, 0xFF	; 255
     c9e:	99 23       	and	r25, r25
     ca0:	a9 f0       	breq	.+42     	; 0xccc <__floatsisf+0x40>
     ca2:	f9 2f       	mov	r31, r25
     ca4:	96 e9       	ldi	r25, 0x96	; 150
     ca6:	bb 27       	eor	r27, r27
     ca8:	93 95       	inc	r25
     caa:	f6 95       	lsr	r31
     cac:	87 95       	ror	r24
     cae:	77 95       	ror	r23
     cb0:	67 95       	ror	r22
     cb2:	b7 95       	ror	r27
     cb4:	f1 11       	cpse	r31, r1
     cb6:	f8 cf       	rjmp	.-16     	; 0xca8 <__floatsisf+0x1c>
     cb8:	fa f4       	brpl	.+62     	; 0xcf8 <__floatsisf+0x6c>
     cba:	bb 0f       	add	r27, r27
     cbc:	11 f4       	brne	.+4      	; 0xcc2 <__floatsisf+0x36>
     cbe:	60 ff       	sbrs	r22, 0
     cc0:	1b c0       	rjmp	.+54     	; 0xcf8 <__floatsisf+0x6c>
     cc2:	6f 5f       	subi	r22, 0xFF	; 255
     cc4:	7f 4f       	sbci	r23, 0xFF	; 255
     cc6:	8f 4f       	sbci	r24, 0xFF	; 255
     cc8:	9f 4f       	sbci	r25, 0xFF	; 255
     cca:	16 c0       	rjmp	.+44     	; 0xcf8 <__floatsisf+0x6c>
     ccc:	88 23       	and	r24, r24
     cce:	11 f0       	breq	.+4      	; 0xcd4 <__floatsisf+0x48>
     cd0:	96 e9       	ldi	r25, 0x96	; 150
     cd2:	11 c0       	rjmp	.+34     	; 0xcf6 <__floatsisf+0x6a>
     cd4:	77 23       	and	r23, r23
     cd6:	21 f0       	breq	.+8      	; 0xce0 <__floatsisf+0x54>
     cd8:	9e e8       	ldi	r25, 0x8E	; 142
     cda:	87 2f       	mov	r24, r23
     cdc:	76 2f       	mov	r23, r22
     cde:	05 c0       	rjmp	.+10     	; 0xcea <__floatsisf+0x5e>
     ce0:	66 23       	and	r22, r22
     ce2:	71 f0       	breq	.+28     	; 0xd00 <__floatsisf+0x74>
     ce4:	96 e8       	ldi	r25, 0x86	; 134
     ce6:	86 2f       	mov	r24, r22
     ce8:	70 e0       	ldi	r23, 0x00	; 0
     cea:	60 e0       	ldi	r22, 0x00	; 0
     cec:	2a f0       	brmi	.+10     	; 0xcf8 <__floatsisf+0x6c>
     cee:	9a 95       	dec	r25
     cf0:	66 0f       	add	r22, r22
     cf2:	77 1f       	adc	r23, r23
     cf4:	88 1f       	adc	r24, r24
     cf6:	da f7       	brpl	.-10     	; 0xcee <__floatsisf+0x62>
     cf8:	88 0f       	add	r24, r24
     cfa:	96 95       	lsr	r25
     cfc:	87 95       	ror	r24
     cfe:	97 f9       	bld	r25, 7
     d00:	08 95       	ret

00000d02 <__fp_cmp>:
     d02:	99 0f       	add	r25, r25
     d04:	00 08       	sbc	r0, r0
     d06:	55 0f       	add	r21, r21
     d08:	aa 0b       	sbc	r26, r26
     d0a:	e0 e8       	ldi	r30, 0x80	; 128
     d0c:	fe ef       	ldi	r31, 0xFE	; 254
     d0e:	16 16       	cp	r1, r22
     d10:	17 06       	cpc	r1, r23
     d12:	e8 07       	cpc	r30, r24
     d14:	f9 07       	cpc	r31, r25
     d16:	c0 f0       	brcs	.+48     	; 0xd48 <__fp_cmp+0x46>
     d18:	12 16       	cp	r1, r18
     d1a:	13 06       	cpc	r1, r19
     d1c:	e4 07       	cpc	r30, r20
     d1e:	f5 07       	cpc	r31, r21
     d20:	98 f0       	brcs	.+38     	; 0xd48 <__fp_cmp+0x46>
     d22:	62 1b       	sub	r22, r18
     d24:	73 0b       	sbc	r23, r19
     d26:	84 0b       	sbc	r24, r20
     d28:	95 0b       	sbc	r25, r21
     d2a:	39 f4       	brne	.+14     	; 0xd3a <__fp_cmp+0x38>
     d2c:	0a 26       	eor	r0, r26
     d2e:	61 f0       	breq	.+24     	; 0xd48 <__fp_cmp+0x46>
     d30:	23 2b       	or	r18, r19
     d32:	24 2b       	or	r18, r20
     d34:	25 2b       	or	r18, r21
     d36:	21 f4       	brne	.+8      	; 0xd40 <__fp_cmp+0x3e>
     d38:	08 95       	ret
     d3a:	0a 26       	eor	r0, r26
     d3c:	09 f4       	brne	.+2      	; 0xd40 <__fp_cmp+0x3e>
     d3e:	a1 40       	sbci	r26, 0x01	; 1
     d40:	a6 95       	lsr	r26
     d42:	8f ef       	ldi	r24, 0xFF	; 255
     d44:	81 1d       	adc	r24, r1
     d46:	81 1d       	adc	r24, r1
     d48:	08 95       	ret

00000d4a <__fp_inf>:
     d4a:	97 f9       	bld	r25, 7
     d4c:	9f 67       	ori	r25, 0x7F	; 127
     d4e:	80 e8       	ldi	r24, 0x80	; 128
     d50:	70 e0       	ldi	r23, 0x00	; 0
     d52:	60 e0       	ldi	r22, 0x00	; 0
     d54:	08 95       	ret

00000d56 <__fp_nan>:
     d56:	9f ef       	ldi	r25, 0xFF	; 255
     d58:	80 ec       	ldi	r24, 0xC0	; 192
     d5a:	08 95       	ret

00000d5c <__fp_pscA>:
     d5c:	00 24       	eor	r0, r0
     d5e:	0a 94       	dec	r0
     d60:	16 16       	cp	r1, r22
     d62:	17 06       	cpc	r1, r23
     d64:	18 06       	cpc	r1, r24
     d66:	09 06       	cpc	r0, r25
     d68:	08 95       	ret

00000d6a <__fp_pscB>:
     d6a:	00 24       	eor	r0, r0
     d6c:	0a 94       	dec	r0
     d6e:	12 16       	cp	r1, r18
     d70:	13 06       	cpc	r1, r19
     d72:	14 06       	cpc	r1, r20
     d74:	05 06       	cpc	r0, r21
     d76:	08 95       	ret

00000d78 <__fp_round>:
     d78:	09 2e       	mov	r0, r25
     d7a:	03 94       	inc	r0
     d7c:	00 0c       	add	r0, r0
     d7e:	11 f4       	brne	.+4      	; 0xd84 <__fp_round+0xc>
     d80:	88 23       	and	r24, r24
     d82:	52 f0       	brmi	.+20     	; 0xd98 <__fp_round+0x20>
     d84:	bb 0f       	add	r27, r27
     d86:	40 f4       	brcc	.+16     	; 0xd98 <__fp_round+0x20>
     d88:	bf 2b       	or	r27, r31
     d8a:	11 f4       	brne	.+4      	; 0xd90 <__fp_round+0x18>
     d8c:	60 ff       	sbrs	r22, 0
     d8e:	04 c0       	rjmp	.+8      	; 0xd98 <__fp_round+0x20>
     d90:	6f 5f       	subi	r22, 0xFF	; 255
     d92:	7f 4f       	sbci	r23, 0xFF	; 255
     d94:	8f 4f       	sbci	r24, 0xFF	; 255
     d96:	9f 4f       	sbci	r25, 0xFF	; 255
     d98:	08 95       	ret

00000d9a <__fp_split3>:
     d9a:	57 fd       	sbrc	r21, 7
     d9c:	90 58       	subi	r25, 0x80	; 128
     d9e:	44 0f       	add	r20, r20
     da0:	55 1f       	adc	r21, r21
     da2:	59 f0       	breq	.+22     	; 0xdba <__fp_splitA+0x10>
     da4:	5f 3f       	cpi	r21, 0xFF	; 255
     da6:	71 f0       	breq	.+28     	; 0xdc4 <__fp_splitA+0x1a>
     da8:	47 95       	ror	r20

00000daa <__fp_splitA>:
     daa:	88 0f       	add	r24, r24
     dac:	97 fb       	bst	r25, 7
     dae:	99 1f       	adc	r25, r25
     db0:	61 f0       	breq	.+24     	; 0xdca <__fp_splitA+0x20>
     db2:	9f 3f       	cpi	r25, 0xFF	; 255
     db4:	79 f0       	breq	.+30     	; 0xdd4 <__fp_splitA+0x2a>
     db6:	87 95       	ror	r24
     db8:	08 95       	ret
     dba:	12 16       	cp	r1, r18
     dbc:	13 06       	cpc	r1, r19
     dbe:	14 06       	cpc	r1, r20
     dc0:	55 1f       	adc	r21, r21
     dc2:	f2 cf       	rjmp	.-28     	; 0xda8 <__fp_split3+0xe>
     dc4:	46 95       	lsr	r20
     dc6:	f1 df       	rcall	.-30     	; 0xdaa <__fp_splitA>
     dc8:	08 c0       	rjmp	.+16     	; 0xdda <__fp_splitA+0x30>
     dca:	16 16       	cp	r1, r22
     dcc:	17 06       	cpc	r1, r23
     dce:	18 06       	cpc	r1, r24
     dd0:	99 1f       	adc	r25, r25
     dd2:	f1 cf       	rjmp	.-30     	; 0xdb6 <__fp_splitA+0xc>
     dd4:	86 95       	lsr	r24
     dd6:	71 05       	cpc	r23, r1
     dd8:	61 05       	cpc	r22, r1
     dda:	08 94       	sec
     ddc:	08 95       	ret

00000dde <__fp_zero>:
     dde:	e8 94       	clt

00000de0 <__fp_szero>:
     de0:	bb 27       	eor	r27, r27
     de2:	66 27       	eor	r22, r22
     de4:	77 27       	eor	r23, r23
     de6:	cb 01       	movw	r24, r22
     de8:	97 f9       	bld	r25, 7
     dea:	08 95       	ret

00000dec <__mulsf3>:
     dec:	0e 94 09 07 	call	0xe12	; 0xe12 <__mulsf3x>
     df0:	0c 94 bc 06 	jmp	0xd78	; 0xd78 <__fp_round>
     df4:	0e 94 ae 06 	call	0xd5c	; 0xd5c <__fp_pscA>
     df8:	38 f0       	brcs	.+14     	; 0xe08 <__mulsf3+0x1c>
     dfa:	0e 94 b5 06 	call	0xd6a	; 0xd6a <__fp_pscB>
     dfe:	20 f0       	brcs	.+8      	; 0xe08 <__mulsf3+0x1c>
     e00:	95 23       	and	r25, r21
     e02:	11 f0       	breq	.+4      	; 0xe08 <__mulsf3+0x1c>
     e04:	0c 94 a5 06 	jmp	0xd4a	; 0xd4a <__fp_inf>
     e08:	0c 94 ab 06 	jmp	0xd56	; 0xd56 <__fp_nan>
     e0c:	11 24       	eor	r1, r1
     e0e:	0c 94 f0 06 	jmp	0xde0	; 0xde0 <__fp_szero>

00000e12 <__mulsf3x>:
     e12:	0e 94 cd 06 	call	0xd9a	; 0xd9a <__fp_split3>
     e16:	70 f3       	brcs	.-36     	; 0xdf4 <__mulsf3+0x8>

00000e18 <__mulsf3_pse>:
     e18:	95 9f       	mul	r25, r21
     e1a:	c1 f3       	breq	.-16     	; 0xe0c <__mulsf3+0x20>
     e1c:	95 0f       	add	r25, r21
     e1e:	50 e0       	ldi	r21, 0x00	; 0
     e20:	55 1f       	adc	r21, r21
     e22:	62 9f       	mul	r22, r18
     e24:	f0 01       	movw	r30, r0
     e26:	72 9f       	mul	r23, r18
     e28:	bb 27       	eor	r27, r27
     e2a:	f0 0d       	add	r31, r0
     e2c:	b1 1d       	adc	r27, r1
     e2e:	63 9f       	mul	r22, r19
     e30:	aa 27       	eor	r26, r26
     e32:	f0 0d       	add	r31, r0
     e34:	b1 1d       	adc	r27, r1
     e36:	aa 1f       	adc	r26, r26
     e38:	64 9f       	mul	r22, r20
     e3a:	66 27       	eor	r22, r22
     e3c:	b0 0d       	add	r27, r0
     e3e:	a1 1d       	adc	r26, r1
     e40:	66 1f       	adc	r22, r22
     e42:	82 9f       	mul	r24, r18
     e44:	22 27       	eor	r18, r18
     e46:	b0 0d       	add	r27, r0
     e48:	a1 1d       	adc	r26, r1
     e4a:	62 1f       	adc	r22, r18
     e4c:	73 9f       	mul	r23, r19
     e4e:	b0 0d       	add	r27, r0
     e50:	a1 1d       	adc	r26, r1
     e52:	62 1f       	adc	r22, r18
     e54:	83 9f       	mul	r24, r19
     e56:	a0 0d       	add	r26, r0
     e58:	61 1d       	adc	r22, r1
     e5a:	22 1f       	adc	r18, r18
     e5c:	74 9f       	mul	r23, r20
     e5e:	33 27       	eor	r19, r19
     e60:	a0 0d       	add	r26, r0
     e62:	61 1d       	adc	r22, r1
     e64:	23 1f       	adc	r18, r19
     e66:	84 9f       	mul	r24, r20
     e68:	60 0d       	add	r22, r0
     e6a:	21 1d       	adc	r18, r1
     e6c:	82 2f       	mov	r24, r18
     e6e:	76 2f       	mov	r23, r22
     e70:	6a 2f       	mov	r22, r26
     e72:	11 24       	eor	r1, r1
     e74:	9f 57       	subi	r25, 0x7F	; 127
     e76:	50 40       	sbci	r21, 0x00	; 0
     e78:	9a f0       	brmi	.+38     	; 0xea0 <__mulsf3_pse+0x88>
     e7a:	f1 f0       	breq	.+60     	; 0xeb8 <__mulsf3_pse+0xa0>
     e7c:	88 23       	and	r24, r24
     e7e:	4a f0       	brmi	.+18     	; 0xe92 <__mulsf3_pse+0x7a>
     e80:	ee 0f       	add	r30, r30
     e82:	ff 1f       	adc	r31, r31
     e84:	bb 1f       	adc	r27, r27
     e86:	66 1f       	adc	r22, r22
     e88:	77 1f       	adc	r23, r23
     e8a:	88 1f       	adc	r24, r24
     e8c:	91 50       	subi	r25, 0x01	; 1
     e8e:	50 40       	sbci	r21, 0x00	; 0
     e90:	a9 f7       	brne	.-22     	; 0xe7c <__mulsf3_pse+0x64>
     e92:	9e 3f       	cpi	r25, 0xFE	; 254
     e94:	51 05       	cpc	r21, r1
     e96:	80 f0       	brcs	.+32     	; 0xeb8 <__mulsf3_pse+0xa0>
     e98:	0c 94 a5 06 	jmp	0xd4a	; 0xd4a <__fp_inf>
     e9c:	0c 94 f0 06 	jmp	0xde0	; 0xde0 <__fp_szero>
     ea0:	5f 3f       	cpi	r21, 0xFF	; 255
     ea2:	e4 f3       	brlt	.-8      	; 0xe9c <__mulsf3_pse+0x84>
     ea4:	98 3e       	cpi	r25, 0xE8	; 232
     ea6:	d4 f3       	brlt	.-12     	; 0xe9c <__mulsf3_pse+0x84>
     ea8:	86 95       	lsr	r24
     eaa:	77 95       	ror	r23
     eac:	67 95       	ror	r22
     eae:	b7 95       	ror	r27
     eb0:	f7 95       	ror	r31
     eb2:	e7 95       	ror	r30
     eb4:	9f 5f       	subi	r25, 0xFF	; 255
     eb6:	c1 f7       	brne	.-16     	; 0xea8 <__mulsf3_pse+0x90>
     eb8:	fe 2b       	or	r31, r30
     eba:	88 0f       	add	r24, r24
     ebc:	91 1d       	adc	r25, r1
     ebe:	96 95       	lsr	r25
     ec0:	87 95       	ror	r24
     ec2:	97 f9       	bld	r25, 7
     ec4:	08 95       	ret

00000ec6 <pow>:
     ec6:	fa 01       	movw	r30, r20
     ec8:	ee 0f       	add	r30, r30
     eca:	ff 1f       	adc	r31, r31
     ecc:	30 96       	adiw	r30, 0x00	; 0
     ece:	21 05       	cpc	r18, r1
     ed0:	31 05       	cpc	r19, r1
     ed2:	a1 f1       	breq	.+104    	; 0xf3c <pow+0x76>
     ed4:	61 15       	cp	r22, r1
     ed6:	71 05       	cpc	r23, r1
     ed8:	61 f4       	brne	.+24     	; 0xef2 <pow+0x2c>
     eda:	80 38       	cpi	r24, 0x80	; 128
     edc:	bf e3       	ldi	r27, 0x3F	; 63
     ede:	9b 07       	cpc	r25, r27
     ee0:	49 f1       	breq	.+82     	; 0xf34 <pow+0x6e>
     ee2:	68 94       	set
     ee4:	90 38       	cpi	r25, 0x80	; 128
     ee6:	81 05       	cpc	r24, r1
     ee8:	61 f0       	breq	.+24     	; 0xf02 <pow+0x3c>
     eea:	80 38       	cpi	r24, 0x80	; 128
     eec:	bf ef       	ldi	r27, 0xFF	; 255
     eee:	9b 07       	cpc	r25, r27
     ef0:	41 f0       	breq	.+16     	; 0xf02 <pow+0x3c>
     ef2:	99 23       	and	r25, r25
     ef4:	4a f5       	brpl	.+82     	; 0xf48 <pow+0x82>
     ef6:	ff 3f       	cpi	r31, 0xFF	; 255
     ef8:	e1 05       	cpc	r30, r1
     efa:	31 05       	cpc	r19, r1
     efc:	21 05       	cpc	r18, r1
     efe:	19 f1       	breq	.+70     	; 0xf46 <pow+0x80>
     f00:	e8 94       	clt
     f02:	08 94       	sec
     f04:	e7 95       	ror	r30
     f06:	d9 01       	movw	r26, r18
     f08:	aa 23       	and	r26, r26
     f0a:	29 f4       	brne	.+10     	; 0xf16 <pow+0x50>
     f0c:	ab 2f       	mov	r26, r27
     f0e:	be 2f       	mov	r27, r30
     f10:	f8 5f       	subi	r31, 0xF8	; 248
     f12:	d0 f3       	brcs	.-12     	; 0xf08 <pow+0x42>
     f14:	10 c0       	rjmp	.+32     	; 0xf36 <pow+0x70>
     f16:	ff 5f       	subi	r31, 0xFF	; 255
     f18:	70 f4       	brcc	.+28     	; 0xf36 <pow+0x70>
     f1a:	a6 95       	lsr	r26
     f1c:	e0 f7       	brcc	.-8      	; 0xf16 <pow+0x50>
     f1e:	f7 39       	cpi	r31, 0x97	; 151
     f20:	50 f0       	brcs	.+20     	; 0xf36 <pow+0x70>
     f22:	19 f0       	breq	.+6      	; 0xf2a <pow+0x64>
     f24:	ff 3a       	cpi	r31, 0xAF	; 175
     f26:	38 f4       	brcc	.+14     	; 0xf36 <pow+0x70>
     f28:	9f 77       	andi	r25, 0x7F	; 127
     f2a:	9f 93       	push	r25
     f2c:	0d d0       	rcall	.+26     	; 0xf48 <pow+0x82>
     f2e:	0f 90       	pop	r0
     f30:	07 fc       	sbrc	r0, 7
     f32:	90 58       	subi	r25, 0x80	; 128
     f34:	08 95       	ret
     f36:	46 f0       	brts	.+16     	; 0xf48 <pow+0x82>
     f38:	0c 94 ab 06 	jmp	0xd56	; 0xd56 <__fp_nan>
     f3c:	60 e0       	ldi	r22, 0x00	; 0
     f3e:	70 e0       	ldi	r23, 0x00	; 0
     f40:	80 e8       	ldi	r24, 0x80	; 128
     f42:	9f e3       	ldi	r25, 0x3F	; 63
     f44:	08 95       	ret
     f46:	4f e7       	ldi	r20, 0x7F	; 127
     f48:	9f 77       	andi	r25, 0x7F	; 127
     f4a:	5f 93       	push	r21
     f4c:	4f 93       	push	r20
     f4e:	3f 93       	push	r19
     f50:	2f 93       	push	r18
     f52:	0e 94 b9 08 	call	0x1172	; 0x1172 <log>
     f56:	2f 91       	pop	r18
     f58:	3f 91       	pop	r19
     f5a:	4f 91       	pop	r20
     f5c:	5f 91       	pop	r21
     f5e:	0e 94 f6 06 	call	0xdec	; 0xdec <__mulsf3>
     f62:	0c 94 01 08 	jmp	0x1002	; 0x1002 <exp>
     f66:	19 f4       	brne	.+6      	; 0xf6e <pow+0xa8>
     f68:	16 f4       	brtc	.+4      	; 0xf6e <pow+0xa8>
     f6a:	0c 94 ab 06 	jmp	0xd56	; 0xd56 <__fp_nan>
     f6e:	0c 94 33 08 	jmp	0x1066	; 0x1066 <__fp_mpack>

00000f72 <sqrt>:
     f72:	0e 94 d5 06 	call	0xdaa	; 0xdaa <__fp_splitA>
     f76:	b8 f3       	brcs	.-18     	; 0xf66 <pow+0xa0>
     f78:	99 23       	and	r25, r25
     f7a:	c9 f3       	breq	.-14     	; 0xf6e <pow+0xa8>
     f7c:	b6 f3       	brts	.-20     	; 0xf6a <pow+0xa4>
     f7e:	9f 57       	subi	r25, 0x7F	; 127
     f80:	55 0b       	sbc	r21, r21
     f82:	87 ff       	sbrs	r24, 7
     f84:	0e 94 41 08 	call	0x1082	; 0x1082 <__fp_norm2>
     f88:	00 24       	eor	r0, r0
     f8a:	a0 e6       	ldi	r26, 0x60	; 96
     f8c:	40 ea       	ldi	r20, 0xA0	; 160
     f8e:	90 01       	movw	r18, r0
     f90:	80 58       	subi	r24, 0x80	; 128
     f92:	56 95       	lsr	r21
     f94:	97 95       	ror	r25
     f96:	28 f4       	brcc	.+10     	; 0xfa2 <sqrt+0x30>
     f98:	80 5c       	subi	r24, 0xC0	; 192
     f9a:	66 0f       	add	r22, r22
     f9c:	77 1f       	adc	r23, r23
     f9e:	88 1f       	adc	r24, r24
     fa0:	20 f0       	brcs	.+8      	; 0xfaa <sqrt+0x38>
     fa2:	26 17       	cp	r18, r22
     fa4:	37 07       	cpc	r19, r23
     fa6:	48 07       	cpc	r20, r24
     fa8:	30 f4       	brcc	.+12     	; 0xfb6 <sqrt+0x44>
     faa:	62 1b       	sub	r22, r18
     fac:	73 0b       	sbc	r23, r19
     fae:	84 0b       	sbc	r24, r20
     fb0:	20 29       	or	r18, r0
     fb2:	31 29       	or	r19, r1
     fb4:	4a 2b       	or	r20, r26
     fb6:	a6 95       	lsr	r26
     fb8:	17 94       	ror	r1
     fba:	07 94       	ror	r0
     fbc:	20 25       	eor	r18, r0
     fbe:	31 25       	eor	r19, r1
     fc0:	4a 27       	eor	r20, r26
     fc2:	58 f7       	brcc	.-42     	; 0xf9a <sqrt+0x28>
     fc4:	66 0f       	add	r22, r22
     fc6:	77 1f       	adc	r23, r23
     fc8:	88 1f       	adc	r24, r24
     fca:	20 f0       	brcs	.+8      	; 0xfd4 <sqrt+0x62>
     fcc:	26 17       	cp	r18, r22
     fce:	37 07       	cpc	r19, r23
     fd0:	48 07       	cpc	r20, r24
     fd2:	30 f4       	brcc	.+12     	; 0xfe0 <sqrt+0x6e>
     fd4:	62 0b       	sbc	r22, r18
     fd6:	73 0b       	sbc	r23, r19
     fd8:	84 0b       	sbc	r24, r20
     fda:	20 0d       	add	r18, r0
     fdc:	31 1d       	adc	r19, r1
     fde:	41 1d       	adc	r20, r1
     fe0:	a0 95       	com	r26
     fe2:	81 f7       	brne	.-32     	; 0xfc4 <sqrt+0x52>
     fe4:	b9 01       	movw	r22, r18
     fe6:	84 2f       	mov	r24, r20
     fe8:	91 58       	subi	r25, 0x81	; 129
     fea:	88 0f       	add	r24, r24
     fec:	96 95       	lsr	r25
     fee:	87 95       	ror	r24
     ff0:	08 95       	ret
     ff2:	29 f4       	brne	.+10     	; 0xffe <sqrt+0x8c>
     ff4:	16 f0       	brts	.+4      	; 0xffa <sqrt+0x88>
     ff6:	0c 94 a5 06 	jmp	0xd4a	; 0xd4a <__fp_inf>
     ffa:	0c 94 ef 06 	jmp	0xdde	; 0xdde <__fp_zero>
     ffe:	0c 94 ab 06 	jmp	0xd56	; 0xd56 <__fp_nan>

00001002 <exp>:
    1002:	0e 94 d5 06 	call	0xdaa	; 0xdaa <__fp_splitA>
    1006:	a8 f3       	brcs	.-22     	; 0xff2 <sqrt+0x80>
    1008:	96 38       	cpi	r25, 0x86	; 134
    100a:	a0 f7       	brcc	.-24     	; 0xff4 <sqrt+0x82>
    100c:	07 f8       	bld	r0, 7
    100e:	0f 92       	push	r0
    1010:	e8 94       	clt
    1012:	2b e3       	ldi	r18, 0x3B	; 59
    1014:	3a ea       	ldi	r19, 0xAA	; 170
    1016:	48 eb       	ldi	r20, 0xB8	; 184
    1018:	5f e7       	ldi	r21, 0x7F	; 127
    101a:	0e 94 0c 07 	call	0xe18	; 0xe18 <__mulsf3_pse>
    101e:	0f 92       	push	r0
    1020:	0f 92       	push	r0
    1022:	0f 92       	push	r0
    1024:	4d b7       	in	r20, 0x3d	; 61
    1026:	5e b7       	in	r21, 0x3e	; 62
    1028:	0f 92       	push	r0
    102a:	0e 94 01 09 	call	0x1202	; 0x1202 <modf>
    102e:	ec e7       	ldi	r30, 0x7C	; 124
    1030:	f0 e0       	ldi	r31, 0x00	; 0
    1032:	0e 94 48 08 	call	0x1090	; 0x1090 <__fp_powser>
    1036:	4f 91       	pop	r20
    1038:	5f 91       	pop	r21
    103a:	ef 91       	pop	r30
    103c:	ff 91       	pop	r31
    103e:	e5 95       	asr	r30
    1040:	ee 1f       	adc	r30, r30
    1042:	ff 1f       	adc	r31, r31
    1044:	49 f0       	breq	.+18     	; 0x1058 <exp+0x56>
    1046:	fe 57       	subi	r31, 0x7E	; 126
    1048:	e0 68       	ori	r30, 0x80	; 128
    104a:	44 27       	eor	r20, r20
    104c:	ee 0f       	add	r30, r30
    104e:	44 1f       	adc	r20, r20
    1050:	fa 95       	dec	r31
    1052:	e1 f7       	brne	.-8      	; 0x104c <exp+0x4a>
    1054:	41 95       	neg	r20
    1056:	55 0b       	sbc	r21, r21
    1058:	0e 94 7b 08 	call	0x10f6	; 0x10f6 <ldexp>
    105c:	0f 90       	pop	r0
    105e:	07 fe       	sbrs	r0, 7
    1060:	0c 94 6f 08 	jmp	0x10de	; 0x10de <inverse>
    1064:	08 95       	ret

00001066 <__fp_mpack>:
    1066:	9f 3f       	cpi	r25, 0xFF	; 255
    1068:	31 f0       	breq	.+12     	; 0x1076 <__fp_mpack_finite+0xc>

0000106a <__fp_mpack_finite>:
    106a:	91 50       	subi	r25, 0x01	; 1
    106c:	20 f4       	brcc	.+8      	; 0x1076 <__fp_mpack_finite+0xc>
    106e:	87 95       	ror	r24
    1070:	77 95       	ror	r23
    1072:	67 95       	ror	r22
    1074:	b7 95       	ror	r27
    1076:	88 0f       	add	r24, r24
    1078:	91 1d       	adc	r25, r1
    107a:	96 95       	lsr	r25
    107c:	87 95       	ror	r24
    107e:	97 f9       	bld	r25, 7
    1080:	08 95       	ret

00001082 <__fp_norm2>:
    1082:	91 50       	subi	r25, 0x01	; 1
    1084:	50 40       	sbci	r21, 0x00	; 0
    1086:	66 0f       	add	r22, r22
    1088:	77 1f       	adc	r23, r23
    108a:	88 1f       	adc	r24, r24
    108c:	d2 f7       	brpl	.-12     	; 0x1082 <__fp_norm2>
    108e:	08 95       	ret

00001090 <__fp_powser>:
    1090:	df 93       	push	r29
    1092:	cf 93       	push	r28
    1094:	1f 93       	push	r17
    1096:	0f 93       	push	r16
    1098:	ff 92       	push	r15
    109a:	ef 92       	push	r14
    109c:	df 92       	push	r13
    109e:	7b 01       	movw	r14, r22
    10a0:	8c 01       	movw	r16, r24
    10a2:	68 94       	set
    10a4:	06 c0       	rjmp	.+12     	; 0x10b2 <__fp_powser+0x22>
    10a6:	da 2e       	mov	r13, r26
    10a8:	ef 01       	movw	r28, r30
    10aa:	0e 94 09 07 	call	0xe12	; 0xe12 <__mulsf3x>
    10ae:	fe 01       	movw	r30, r28
    10b0:	e8 94       	clt
    10b2:	a5 91       	lpm	r26, Z+
    10b4:	25 91       	lpm	r18, Z+
    10b6:	35 91       	lpm	r19, Z+
    10b8:	45 91       	lpm	r20, Z+
    10ba:	55 91       	lpm	r21, Z+
    10bc:	a6 f3       	brts	.-24     	; 0x10a6 <__fp_powser+0x16>
    10be:	ef 01       	movw	r28, r30
    10c0:	0e 94 42 05 	call	0xa84	; 0xa84 <__addsf3x>
    10c4:	fe 01       	movw	r30, r28
    10c6:	97 01       	movw	r18, r14
    10c8:	a8 01       	movw	r20, r16
    10ca:	da 94       	dec	r13
    10cc:	69 f7       	brne	.-38     	; 0x10a8 <__fp_powser+0x18>
    10ce:	df 90       	pop	r13
    10d0:	ef 90       	pop	r14
    10d2:	ff 90       	pop	r15
    10d4:	0f 91       	pop	r16
    10d6:	1f 91       	pop	r17
    10d8:	cf 91       	pop	r28
    10da:	df 91       	pop	r29
    10dc:	08 95       	ret

000010de <inverse>:
    10de:	9b 01       	movw	r18, r22
    10e0:	ac 01       	movw	r20, r24
    10e2:	60 e0       	ldi	r22, 0x00	; 0
    10e4:	70 e0       	ldi	r23, 0x00	; 0
    10e6:	80 e8       	ldi	r24, 0x80	; 128
    10e8:	9f e3       	ldi	r25, 0x3F	; 63
    10ea:	0c 94 9c 05 	jmp	0xb38	; 0xb38 <__divsf3>
    10ee:	0c 94 a5 06 	jmp	0xd4a	; 0xd4a <__fp_inf>
    10f2:	0c 94 33 08 	jmp	0x1066	; 0x1066 <__fp_mpack>

000010f6 <ldexp>:
    10f6:	0e 94 d5 06 	call	0xdaa	; 0xdaa <__fp_splitA>
    10fa:	d8 f3       	brcs	.-10     	; 0x10f2 <inverse+0x14>
    10fc:	99 23       	and	r25, r25
    10fe:	c9 f3       	breq	.-14     	; 0x10f2 <inverse+0x14>
    1100:	94 0f       	add	r25, r20
    1102:	51 1d       	adc	r21, r1
    1104:	a3 f3       	brvs	.-24     	; 0x10ee <inverse+0x10>
    1106:	91 50       	subi	r25, 0x01	; 1
    1108:	50 40       	sbci	r21, 0x00	; 0
    110a:	94 f0       	brlt	.+36     	; 0x1130 <ldexp+0x3a>
    110c:	59 f0       	breq	.+22     	; 0x1124 <ldexp+0x2e>
    110e:	88 23       	and	r24, r24
    1110:	32 f0       	brmi	.+12     	; 0x111e <ldexp+0x28>
    1112:	66 0f       	add	r22, r22
    1114:	77 1f       	adc	r23, r23
    1116:	88 1f       	adc	r24, r24
    1118:	91 50       	subi	r25, 0x01	; 1
    111a:	50 40       	sbci	r21, 0x00	; 0
    111c:	c1 f7       	brne	.-16     	; 0x110e <ldexp+0x18>
    111e:	9e 3f       	cpi	r25, 0xFE	; 254
    1120:	51 05       	cpc	r21, r1
    1122:	2c f7       	brge	.-54     	; 0x10ee <inverse+0x10>
    1124:	88 0f       	add	r24, r24
    1126:	91 1d       	adc	r25, r1
    1128:	96 95       	lsr	r25
    112a:	87 95       	ror	r24
    112c:	97 f9       	bld	r25, 7
    112e:	08 95       	ret
    1130:	5f 3f       	cpi	r21, 0xFF	; 255
    1132:	ac f0       	brlt	.+42     	; 0x115e <ldexp+0x68>
    1134:	98 3e       	cpi	r25, 0xE8	; 232
    1136:	9c f0       	brlt	.+38     	; 0x115e <ldexp+0x68>
    1138:	bb 27       	eor	r27, r27
    113a:	86 95       	lsr	r24
    113c:	77 95       	ror	r23
    113e:	67 95       	ror	r22
    1140:	b7 95       	ror	r27
    1142:	08 f4       	brcc	.+2      	; 0x1146 <ldexp+0x50>
    1144:	b1 60       	ori	r27, 0x01	; 1
    1146:	93 95       	inc	r25
    1148:	c1 f7       	brne	.-16     	; 0x113a <ldexp+0x44>
    114a:	bb 0f       	add	r27, r27
    114c:	58 f7       	brcc	.-42     	; 0x1124 <ldexp+0x2e>
    114e:	11 f4       	brne	.+4      	; 0x1154 <ldexp+0x5e>
    1150:	60 ff       	sbrs	r22, 0
    1152:	e8 cf       	rjmp	.-48     	; 0x1124 <ldexp+0x2e>
    1154:	6f 5f       	subi	r22, 0xFF	; 255
    1156:	7f 4f       	sbci	r23, 0xFF	; 255
    1158:	8f 4f       	sbci	r24, 0xFF	; 255
    115a:	9f 4f       	sbci	r25, 0xFF	; 255
    115c:	e3 cf       	rjmp	.-58     	; 0x1124 <ldexp+0x2e>
    115e:	0c 94 f0 06 	jmp	0xde0	; 0xde0 <__fp_szero>
    1162:	16 f0       	brts	.+4      	; 0x1168 <ldexp+0x72>
    1164:	0c 94 33 08 	jmp	0x1066	; 0x1066 <__fp_mpack>
    1168:	0c 94 ab 06 	jmp	0xd56	; 0xd56 <__fp_nan>
    116c:	68 94       	set
    116e:	0c 94 a5 06 	jmp	0xd4a	; 0xd4a <__fp_inf>

00001172 <log>:
    1172:	0e 94 d5 06 	call	0xdaa	; 0xdaa <__fp_splitA>
    1176:	a8 f3       	brcs	.-22     	; 0x1162 <ldexp+0x6c>
    1178:	99 23       	and	r25, r25
    117a:	c1 f3       	breq	.-16     	; 0x116c <ldexp+0x76>
    117c:	ae f3       	brts	.-22     	; 0x1168 <ldexp+0x72>
    117e:	df 93       	push	r29
    1180:	cf 93       	push	r28
    1182:	1f 93       	push	r17
    1184:	0f 93       	push	r16
    1186:	ff 92       	push	r15
    1188:	c9 2f       	mov	r28, r25
    118a:	dd 27       	eor	r29, r29
    118c:	88 23       	and	r24, r24
    118e:	2a f0       	brmi	.+10     	; 0x119a <log+0x28>
    1190:	21 97       	sbiw	r28, 0x01	; 1
    1192:	66 0f       	add	r22, r22
    1194:	77 1f       	adc	r23, r23
    1196:	88 1f       	adc	r24, r24
    1198:	da f7       	brpl	.-10     	; 0x1190 <log+0x1e>
    119a:	20 e0       	ldi	r18, 0x00	; 0
    119c:	30 e0       	ldi	r19, 0x00	; 0
    119e:	40 e8       	ldi	r20, 0x80	; 128
    11a0:	5f eb       	ldi	r21, 0xBF	; 191
    11a2:	9f e3       	ldi	r25, 0x3F	; 63
    11a4:	88 39       	cpi	r24, 0x98	; 152
    11a6:	20 f0       	brcs	.+8      	; 0x11b0 <log+0x3e>
    11a8:	80 3e       	cpi	r24, 0xE0	; 224
    11aa:	38 f0       	brcs	.+14     	; 0x11ba <log+0x48>
    11ac:	21 96       	adiw	r28, 0x01	; 1
    11ae:	8f 77       	andi	r24, 0x7F	; 127
    11b0:	0e 94 2b 05 	call	0xa56	; 0xa56 <__addsf3>
    11b4:	e4 ea       	ldi	r30, 0xA4	; 164
    11b6:	f0 e0       	ldi	r31, 0x00	; 0
    11b8:	04 c0       	rjmp	.+8      	; 0x11c2 <log+0x50>
    11ba:	0e 94 2b 05 	call	0xa56	; 0xa56 <__addsf3>
    11be:	e1 ed       	ldi	r30, 0xD1	; 209
    11c0:	f0 e0       	ldi	r31, 0x00	; 0
    11c2:	0e 94 48 08 	call	0x1090	; 0x1090 <__fp_powser>
    11c6:	8b 01       	movw	r16, r22
    11c8:	be 01       	movw	r22, r28
    11ca:	ec 01       	movw	r28, r24
    11cc:	fb 2e       	mov	r15, r27
    11ce:	6f 57       	subi	r22, 0x7F	; 127
    11d0:	71 09       	sbc	r23, r1
    11d2:	75 95       	asr	r23
    11d4:	77 1f       	adc	r23, r23
    11d6:	88 0b       	sbc	r24, r24
    11d8:	99 0b       	sbc	r25, r25
    11da:	0e 94 46 06 	call	0xc8c	; 0xc8c <__floatsisf>
    11de:	28 e1       	ldi	r18, 0x18	; 24
    11e0:	32 e7       	ldi	r19, 0x72	; 114
    11e2:	41 e3       	ldi	r20, 0x31	; 49
    11e4:	5f e3       	ldi	r21, 0x3F	; 63
    11e6:	0e 94 09 07 	call	0xe12	; 0xe12 <__mulsf3x>
    11ea:	af 2d       	mov	r26, r15
    11ec:	98 01       	movw	r18, r16
    11ee:	ae 01       	movw	r20, r28
    11f0:	ff 90       	pop	r15
    11f2:	0f 91       	pop	r16
    11f4:	1f 91       	pop	r17
    11f6:	cf 91       	pop	r28
    11f8:	df 91       	pop	r29
    11fa:	0e 94 42 05 	call	0xa84	; 0xa84 <__addsf3x>
    11fe:	0c 94 bc 06 	jmp	0xd78	; 0xd78 <__fp_round>

00001202 <modf>:
    1202:	fa 01       	movw	r30, r20
    1204:	dc 01       	movw	r26, r24
    1206:	aa 0f       	add	r26, r26
    1208:	bb 1f       	adc	r27, r27
    120a:	9b 01       	movw	r18, r22
    120c:	ac 01       	movw	r20, r24
    120e:	bf 57       	subi	r27, 0x7F	; 127
    1210:	28 f4       	brcc	.+10     	; 0x121c <modf+0x1a>
    1212:	22 27       	eor	r18, r18
    1214:	33 27       	eor	r19, r19
    1216:	44 27       	eor	r20, r20
    1218:	50 78       	andi	r21, 0x80	; 128
    121a:	20 c0       	rjmp	.+64     	; 0x125c <modf+0x5a>
    121c:	b7 51       	subi	r27, 0x17	; 23
    121e:	90 f4       	brcc	.+36     	; 0x1244 <modf+0x42>
    1220:	ab 2f       	mov	r26, r27
    1222:	00 24       	eor	r0, r0
    1224:	46 95       	lsr	r20
    1226:	37 95       	ror	r19
    1228:	27 95       	ror	r18
    122a:	01 1c       	adc	r0, r1
    122c:	a3 95       	inc	r26
    122e:	d2 f3       	brmi	.-12     	; 0x1224 <modf+0x22>
    1230:	00 20       	and	r0, r0
    1232:	71 f0       	breq	.+28     	; 0x1250 <modf+0x4e>
    1234:	22 0f       	add	r18, r18
    1236:	33 1f       	adc	r19, r19
    1238:	44 1f       	adc	r20, r20
    123a:	b3 95       	inc	r27
    123c:	da f3       	brmi	.-10     	; 0x1234 <modf+0x32>
    123e:	0e d0       	rcall	.+28     	; 0x125c <modf+0x5a>
    1240:	0c 94 2a 05 	jmp	0xa54	; 0xa54 <__subsf3>
    1244:	61 30       	cpi	r22, 0x01	; 1
    1246:	71 05       	cpc	r23, r1
    1248:	a0 e8       	ldi	r26, 0x80	; 128
    124a:	8a 07       	cpc	r24, r26
    124c:	b9 46       	sbci	r27, 0x69	; 105
    124e:	30 f4       	brcc	.+12     	; 0x125c <modf+0x5a>
    1250:	9b 01       	movw	r18, r22
    1252:	ac 01       	movw	r20, r24
    1254:	66 27       	eor	r22, r22
    1256:	77 27       	eor	r23, r23
    1258:	88 27       	eor	r24, r24
    125a:	90 78       	andi	r25, 0x80	; 128
    125c:	30 96       	adiw	r30, 0x00	; 0
    125e:	21 f0       	breq	.+8      	; 0x1268 <modf+0x66>
    1260:	20 83       	st	Z, r18
    1262:	31 83       	std	Z+1, r19	; 0x01
    1264:	42 83       	std	Z+2, r20	; 0x02
    1266:	53 83       	std	Z+3, r21	; 0x03
    1268:	08 95       	ret

0000126a <dtostrf>:
    126a:	ef 92       	push	r14
    126c:	0f 93       	push	r16
    126e:	1f 93       	push	r17
    1270:	cf 93       	push	r28
    1272:	df 93       	push	r29
    1274:	e8 01       	movw	r28, r16
    1276:	47 fd       	sbrc	r20, 7
    1278:	02 c0       	rjmp	.+4      	; 0x127e <dtostrf+0x14>
    127a:	34 e0       	ldi	r19, 0x04	; 4
    127c:	01 c0       	rjmp	.+2      	; 0x1280 <dtostrf+0x16>
    127e:	34 e1       	ldi	r19, 0x14	; 20
    1280:	04 2e       	mov	r0, r20
    1282:	00 0c       	add	r0, r0
    1284:	55 0b       	sbc	r21, r21
    1286:	57 ff       	sbrs	r21, 7
    1288:	03 c0       	rjmp	.+6      	; 0x1290 <dtostrf+0x26>
    128a:	51 95       	neg	r21
    128c:	41 95       	neg	r20
    128e:	51 09       	sbc	r21, r1
    1290:	e3 2e       	mov	r14, r19
    1292:	02 2f       	mov	r16, r18
    1294:	24 2f       	mov	r18, r20
    1296:	ae 01       	movw	r20, r28
    1298:	0e 94 62 09 	call	0x12c4	; 0x12c4 <dtoa_prf>
    129c:	ce 01       	movw	r24, r28
    129e:	df 91       	pop	r29
    12a0:	cf 91       	pop	r28
    12a2:	1f 91       	pop	r17
    12a4:	0f 91       	pop	r16
    12a6:	ef 90       	pop	r14
    12a8:	08 95       	ret

000012aa <atof>:
    12aa:	66 27       	eor	r22, r22
    12ac:	77 27       	eor	r23, r23
    12ae:	0c 94 bc 0a 	jmp	0x1578	; 0x1578 <strtod>

000012b2 <strcmp>:
    12b2:	fb 01       	movw	r30, r22
    12b4:	dc 01       	movw	r26, r24
    12b6:	8d 91       	ld	r24, X+
    12b8:	01 90       	ld	r0, Z+
    12ba:	80 19       	sub	r24, r0
    12bc:	01 10       	cpse	r0, r1
    12be:	d9 f3       	breq	.-10     	; 0x12b6 <strcmp+0x4>
    12c0:	99 0b       	sbc	r25, r25
    12c2:	08 95       	ret

000012c4 <dtoa_prf>:
    12c4:	a9 e0       	ldi	r26, 0x09	; 9
    12c6:	b0 e0       	ldi	r27, 0x00	; 0
    12c8:	e8 e6       	ldi	r30, 0x68	; 104
    12ca:	f9 e0       	ldi	r31, 0x09	; 9
    12cc:	0c 94 17 0d 	jmp	0x1a2e	; 0x1a2e <__prologue_saves__+0xc>
    12d0:	6a 01       	movw	r12, r20
    12d2:	12 2f       	mov	r17, r18
    12d4:	b0 2e       	mov	r11, r16
    12d6:	2b e3       	ldi	r18, 0x3B	; 59
    12d8:	20 17       	cp	r18, r16
    12da:	20 f0       	brcs	.+8      	; 0x12e4 <dtoa_prf+0x20>
    12dc:	ff 24       	eor	r15, r15
    12de:	f3 94       	inc	r15
    12e0:	f0 0e       	add	r15, r16
    12e2:	02 c0       	rjmp	.+4      	; 0x12e8 <dtoa_prf+0x24>
    12e4:	2c e3       	ldi	r18, 0x3C	; 60
    12e6:	f2 2e       	mov	r15, r18
    12e8:	0f 2d       	mov	r16, r15
    12ea:	27 e0       	ldi	r18, 0x07	; 7
    12ec:	ae 01       	movw	r20, r28
    12ee:	4f 5f       	subi	r20, 0xFF	; 255
    12f0:	5f 4f       	sbci	r21, 0xFF	; 255
    12f2:	0e 94 0a 0c 	call	0x1814	; 0x1814 <__ftoa_engine>
    12f6:	bc 01       	movw	r22, r24
    12f8:	49 81       	ldd	r20, Y+1	; 0x01
    12fa:	84 2f       	mov	r24, r20
    12fc:	89 70       	andi	r24, 0x09	; 9
    12fe:	81 30       	cpi	r24, 0x01	; 1
    1300:	31 f0       	breq	.+12     	; 0x130e <dtoa_prf+0x4a>
    1302:	e1 fc       	sbrc	r14, 1
    1304:	06 c0       	rjmp	.+12     	; 0x1312 <dtoa_prf+0x4e>
    1306:	e0 fe       	sbrs	r14, 0
    1308:	06 c0       	rjmp	.+12     	; 0x1316 <dtoa_prf+0x52>
    130a:	90 e2       	ldi	r25, 0x20	; 32
    130c:	05 c0       	rjmp	.+10     	; 0x1318 <dtoa_prf+0x54>
    130e:	9d e2       	ldi	r25, 0x2D	; 45
    1310:	03 c0       	rjmp	.+6      	; 0x1318 <dtoa_prf+0x54>
    1312:	9b e2       	ldi	r25, 0x2B	; 43
    1314:	01 c0       	rjmp	.+2      	; 0x1318 <dtoa_prf+0x54>
    1316:	90 e0       	ldi	r25, 0x00	; 0
    1318:	5e 2d       	mov	r21, r14
    131a:	50 71       	andi	r21, 0x10	; 16
    131c:	43 ff       	sbrs	r20, 3
    131e:	3c c0       	rjmp	.+120    	; 0x1398 <dtoa_prf+0xd4>
    1320:	91 11       	cpse	r25, r1
    1322:	02 c0       	rjmp	.+4      	; 0x1328 <dtoa_prf+0x64>
    1324:	83 e0       	ldi	r24, 0x03	; 3
    1326:	01 c0       	rjmp	.+2      	; 0x132a <dtoa_prf+0x66>
    1328:	84 e0       	ldi	r24, 0x04	; 4
    132a:	81 17       	cp	r24, r17
    132c:	18 f4       	brcc	.+6      	; 0x1334 <dtoa_prf+0x70>
    132e:	21 2f       	mov	r18, r17
    1330:	28 1b       	sub	r18, r24
    1332:	01 c0       	rjmp	.+2      	; 0x1336 <dtoa_prf+0x72>
    1334:	20 e0       	ldi	r18, 0x00	; 0
    1336:	51 11       	cpse	r21, r1
    1338:	0b c0       	rjmp	.+22     	; 0x1350 <dtoa_prf+0x8c>
    133a:	f6 01       	movw	r30, r12
    133c:	82 2f       	mov	r24, r18
    133e:	30 e2       	ldi	r19, 0x20	; 32
    1340:	88 23       	and	r24, r24
    1342:	19 f0       	breq	.+6      	; 0x134a <dtoa_prf+0x86>
    1344:	31 93       	st	Z+, r19
    1346:	81 50       	subi	r24, 0x01	; 1
    1348:	fb cf       	rjmp	.-10     	; 0x1340 <dtoa_prf+0x7c>
    134a:	c2 0e       	add	r12, r18
    134c:	d1 1c       	adc	r13, r1
    134e:	20 e0       	ldi	r18, 0x00	; 0
    1350:	99 23       	and	r25, r25
    1352:	29 f0       	breq	.+10     	; 0x135e <dtoa_prf+0x9a>
    1354:	d6 01       	movw	r26, r12
    1356:	9c 93       	st	X, r25
    1358:	f6 01       	movw	r30, r12
    135a:	31 96       	adiw	r30, 0x01	; 1
    135c:	6f 01       	movw	r12, r30
    135e:	c6 01       	movw	r24, r12
    1360:	03 96       	adiw	r24, 0x03	; 3
    1362:	e2 fe       	sbrs	r14, 2
    1364:	0a c0       	rjmp	.+20     	; 0x137a <dtoa_prf+0xb6>
    1366:	3e e4       	ldi	r19, 0x4E	; 78
    1368:	d6 01       	movw	r26, r12
    136a:	3c 93       	st	X, r19
    136c:	41 e4       	ldi	r20, 0x41	; 65
    136e:	11 96       	adiw	r26, 0x01	; 1
    1370:	4c 93       	st	X, r20
    1372:	11 97       	sbiw	r26, 0x01	; 1
    1374:	12 96       	adiw	r26, 0x02	; 2
    1376:	3c 93       	st	X, r19
    1378:	06 c0       	rjmp	.+12     	; 0x1386 <dtoa_prf+0xc2>
    137a:	3e e6       	ldi	r19, 0x6E	; 110
    137c:	f6 01       	movw	r30, r12
    137e:	30 83       	st	Z, r19
    1380:	41 e6       	ldi	r20, 0x61	; 97
    1382:	41 83       	std	Z+1, r20	; 0x01
    1384:	32 83       	std	Z+2, r19	; 0x02
    1386:	fc 01       	movw	r30, r24
    1388:	32 2f       	mov	r19, r18
    138a:	40 e2       	ldi	r20, 0x20	; 32
    138c:	33 23       	and	r19, r19
    138e:	09 f4       	brne	.+2      	; 0x1392 <dtoa_prf+0xce>
    1390:	42 c0       	rjmp	.+132    	; 0x1416 <dtoa_prf+0x152>
    1392:	41 93       	st	Z+, r20
    1394:	31 50       	subi	r19, 0x01	; 1
    1396:	fa cf       	rjmp	.-12     	; 0x138c <dtoa_prf+0xc8>
    1398:	42 ff       	sbrs	r20, 2
    139a:	44 c0       	rjmp	.+136    	; 0x1424 <dtoa_prf+0x160>
    139c:	91 11       	cpse	r25, r1
    139e:	02 c0       	rjmp	.+4      	; 0x13a4 <dtoa_prf+0xe0>
    13a0:	83 e0       	ldi	r24, 0x03	; 3
    13a2:	01 c0       	rjmp	.+2      	; 0x13a6 <dtoa_prf+0xe2>
    13a4:	84 e0       	ldi	r24, 0x04	; 4
    13a6:	81 17       	cp	r24, r17
    13a8:	18 f4       	brcc	.+6      	; 0x13b0 <dtoa_prf+0xec>
    13aa:	21 2f       	mov	r18, r17
    13ac:	28 1b       	sub	r18, r24
    13ae:	01 c0       	rjmp	.+2      	; 0x13b2 <dtoa_prf+0xee>
    13b0:	20 e0       	ldi	r18, 0x00	; 0
    13b2:	51 11       	cpse	r21, r1
    13b4:	0b c0       	rjmp	.+22     	; 0x13cc <dtoa_prf+0x108>
    13b6:	f6 01       	movw	r30, r12
    13b8:	82 2f       	mov	r24, r18
    13ba:	30 e2       	ldi	r19, 0x20	; 32
    13bc:	88 23       	and	r24, r24
    13be:	19 f0       	breq	.+6      	; 0x13c6 <dtoa_prf+0x102>
    13c0:	31 93       	st	Z+, r19
    13c2:	81 50       	subi	r24, 0x01	; 1
    13c4:	fb cf       	rjmp	.-10     	; 0x13bc <dtoa_prf+0xf8>
    13c6:	c2 0e       	add	r12, r18
    13c8:	d1 1c       	adc	r13, r1
    13ca:	20 e0       	ldi	r18, 0x00	; 0
    13cc:	99 23       	and	r25, r25
    13ce:	29 f0       	breq	.+10     	; 0x13da <dtoa_prf+0x116>
    13d0:	d6 01       	movw	r26, r12
    13d2:	9c 93       	st	X, r25
    13d4:	f6 01       	movw	r30, r12
    13d6:	31 96       	adiw	r30, 0x01	; 1
    13d8:	6f 01       	movw	r12, r30
    13da:	c6 01       	movw	r24, r12
    13dc:	03 96       	adiw	r24, 0x03	; 3
    13de:	e2 fe       	sbrs	r14, 2
    13e0:	0b c0       	rjmp	.+22     	; 0x13f8 <dtoa_prf+0x134>
    13e2:	39 e4       	ldi	r19, 0x49	; 73
    13e4:	d6 01       	movw	r26, r12
    13e6:	3c 93       	st	X, r19
    13e8:	3e e4       	ldi	r19, 0x4E	; 78
    13ea:	11 96       	adiw	r26, 0x01	; 1
    13ec:	3c 93       	st	X, r19
    13ee:	11 97       	sbiw	r26, 0x01	; 1
    13f0:	36 e4       	ldi	r19, 0x46	; 70
    13f2:	12 96       	adiw	r26, 0x02	; 2
    13f4:	3c 93       	st	X, r19
    13f6:	07 c0       	rjmp	.+14     	; 0x1406 <dtoa_prf+0x142>
    13f8:	39 e6       	ldi	r19, 0x69	; 105
    13fa:	f6 01       	movw	r30, r12
    13fc:	30 83       	st	Z, r19
    13fe:	3e e6       	ldi	r19, 0x6E	; 110
    1400:	31 83       	std	Z+1, r19	; 0x01
    1402:	36 e6       	ldi	r19, 0x66	; 102
    1404:	32 83       	std	Z+2, r19	; 0x02
    1406:	fc 01       	movw	r30, r24
    1408:	32 2f       	mov	r19, r18
    140a:	40 e2       	ldi	r20, 0x20	; 32
    140c:	33 23       	and	r19, r19
    140e:	19 f0       	breq	.+6      	; 0x1416 <dtoa_prf+0x152>
    1410:	41 93       	st	Z+, r20
    1412:	31 50       	subi	r19, 0x01	; 1
    1414:	fb cf       	rjmp	.-10     	; 0x140c <dtoa_prf+0x148>
    1416:	fc 01       	movw	r30, r24
    1418:	e2 0f       	add	r30, r18
    141a:	f1 1d       	adc	r31, r1
    141c:	10 82       	st	Z, r1
    141e:	8e ef       	ldi	r24, 0xFE	; 254
    1420:	9f ef       	ldi	r25, 0xFF	; 255
    1422:	a6 c0       	rjmp	.+332    	; 0x1570 <dtoa_prf+0x2ac>
    1424:	21 e0       	ldi	r18, 0x01	; 1
    1426:	30 e0       	ldi	r19, 0x00	; 0
    1428:	91 11       	cpse	r25, r1
    142a:	02 c0       	rjmp	.+4      	; 0x1430 <dtoa_prf+0x16c>
    142c:	20 e0       	ldi	r18, 0x00	; 0
    142e:	30 e0       	ldi	r19, 0x00	; 0
    1430:	16 16       	cp	r1, r22
    1432:	17 06       	cpc	r1, r23
    1434:	1c f4       	brge	.+6      	; 0x143c <dtoa_prf+0x178>
    1436:	fb 01       	movw	r30, r22
    1438:	31 96       	adiw	r30, 0x01	; 1
    143a:	02 c0       	rjmp	.+4      	; 0x1440 <dtoa_prf+0x17c>
    143c:	e1 e0       	ldi	r30, 0x01	; 1
    143e:	f0 e0       	ldi	r31, 0x00	; 0
    1440:	2e 0f       	add	r18, r30
    1442:	3f 1f       	adc	r19, r31
    1444:	bb 20       	and	r11, r11
    1446:	21 f0       	breq	.+8      	; 0x1450 <dtoa_prf+0x18c>
    1448:	eb 2d       	mov	r30, r11
    144a:	f0 e0       	ldi	r31, 0x00	; 0
    144c:	31 96       	adiw	r30, 0x01	; 1
    144e:	02 c0       	rjmp	.+4      	; 0x1454 <dtoa_prf+0x190>
    1450:	e0 e0       	ldi	r30, 0x00	; 0
    1452:	f0 e0       	ldi	r31, 0x00	; 0
    1454:	2e 0f       	add	r18, r30
    1456:	3f 1f       	adc	r19, r31
    1458:	e1 2f       	mov	r30, r17
    145a:	f0 e0       	ldi	r31, 0x00	; 0
    145c:	2e 17       	cp	r18, r30
    145e:	3f 07       	cpc	r19, r31
    1460:	1c f4       	brge	.+6      	; 0x1468 <dtoa_prf+0x1a4>
    1462:	12 1b       	sub	r17, r18
    1464:	21 2f       	mov	r18, r17
    1466:	01 c0       	rjmp	.+2      	; 0x146a <dtoa_prf+0x1a6>
    1468:	20 e0       	ldi	r18, 0x00	; 0
    146a:	8e 2d       	mov	r24, r14
    146c:	88 71       	andi	r24, 0x18	; 24
    146e:	59 f4       	brne	.+22     	; 0x1486 <dtoa_prf+0x1c2>
    1470:	f6 01       	movw	r30, r12
    1472:	82 2f       	mov	r24, r18
    1474:	30 e2       	ldi	r19, 0x20	; 32
    1476:	88 23       	and	r24, r24
    1478:	19 f0       	breq	.+6      	; 0x1480 <dtoa_prf+0x1bc>
    147a:	31 93       	st	Z+, r19
    147c:	81 50       	subi	r24, 0x01	; 1
    147e:	fb cf       	rjmp	.-10     	; 0x1476 <dtoa_prf+0x1b2>
    1480:	c2 0e       	add	r12, r18
    1482:	d1 1c       	adc	r13, r1
    1484:	20 e0       	ldi	r18, 0x00	; 0
    1486:	99 23       	and	r25, r25
    1488:	29 f0       	breq	.+10     	; 0x1494 <dtoa_prf+0x1d0>
    148a:	d6 01       	movw	r26, r12
    148c:	9c 93       	st	X, r25
    148e:	f6 01       	movw	r30, r12
    1490:	31 96       	adiw	r30, 0x01	; 1
    1492:	6f 01       	movw	r12, r30
    1494:	51 11       	cpse	r21, r1
    1496:	0b c0       	rjmp	.+22     	; 0x14ae <dtoa_prf+0x1ea>
    1498:	f6 01       	movw	r30, r12
    149a:	82 2f       	mov	r24, r18
    149c:	90 e3       	ldi	r25, 0x30	; 48
    149e:	88 23       	and	r24, r24
    14a0:	19 f0       	breq	.+6      	; 0x14a8 <dtoa_prf+0x1e4>
    14a2:	91 93       	st	Z+, r25
    14a4:	81 50       	subi	r24, 0x01	; 1
    14a6:	fb cf       	rjmp	.-10     	; 0x149e <dtoa_prf+0x1da>
    14a8:	c2 0e       	add	r12, r18
    14aa:	d1 1c       	adc	r13, r1
    14ac:	20 e0       	ldi	r18, 0x00	; 0
    14ae:	0f 2d       	mov	r16, r15
    14b0:	06 0f       	add	r16, r22
    14b2:	9a 81       	ldd	r25, Y+2	; 0x02
    14b4:	34 2f       	mov	r19, r20
    14b6:	30 71       	andi	r19, 0x10	; 16
    14b8:	44 ff       	sbrs	r20, 4
    14ba:	03 c0       	rjmp	.+6      	; 0x14c2 <dtoa_prf+0x1fe>
    14bc:	91 33       	cpi	r25, 0x31	; 49
    14be:	09 f4       	brne	.+2      	; 0x14c2 <dtoa_prf+0x1fe>
    14c0:	01 50       	subi	r16, 0x01	; 1
    14c2:	10 16       	cp	r1, r16
    14c4:	24 f4       	brge	.+8      	; 0x14ce <dtoa_prf+0x20a>
    14c6:	09 30       	cpi	r16, 0x09	; 9
    14c8:	18 f0       	brcs	.+6      	; 0x14d0 <dtoa_prf+0x20c>
    14ca:	08 e0       	ldi	r16, 0x08	; 8
    14cc:	01 c0       	rjmp	.+2      	; 0x14d0 <dtoa_prf+0x20c>
    14ce:	01 e0       	ldi	r16, 0x01	; 1
    14d0:	ab 01       	movw	r20, r22
    14d2:	77 ff       	sbrs	r23, 7
    14d4:	02 c0       	rjmp	.+4      	; 0x14da <dtoa_prf+0x216>
    14d6:	40 e0       	ldi	r20, 0x00	; 0
    14d8:	50 e0       	ldi	r21, 0x00	; 0
    14da:	fb 01       	movw	r30, r22
    14dc:	e4 1b       	sub	r30, r20
    14de:	f5 0b       	sbc	r31, r21
    14e0:	a1 e0       	ldi	r26, 0x01	; 1
    14e2:	b0 e0       	ldi	r27, 0x00	; 0
    14e4:	ac 0f       	add	r26, r28
    14e6:	bd 1f       	adc	r27, r29
    14e8:	ea 0f       	add	r30, r26
    14ea:	fb 1f       	adc	r31, r27
    14ec:	8e e2       	ldi	r24, 0x2E	; 46
    14ee:	a8 2e       	mov	r10, r24
    14f0:	4b 01       	movw	r8, r22
    14f2:	80 1a       	sub	r8, r16
    14f4:	91 08       	sbc	r9, r1
    14f6:	0b 2d       	mov	r16, r11
    14f8:	10 e0       	ldi	r17, 0x00	; 0
    14fa:	11 95       	neg	r17
    14fc:	01 95       	neg	r16
    14fe:	11 09       	sbc	r17, r1
    1500:	4f 3f       	cpi	r20, 0xFF	; 255
    1502:	bf ef       	ldi	r27, 0xFF	; 255
    1504:	5b 07       	cpc	r21, r27
    1506:	21 f4       	brne	.+8      	; 0x1510 <dtoa_prf+0x24c>
    1508:	d6 01       	movw	r26, r12
    150a:	ac 92       	st	X, r10
    150c:	11 96       	adiw	r26, 0x01	; 1
    150e:	6d 01       	movw	r12, r26
    1510:	64 17       	cp	r22, r20
    1512:	75 07       	cpc	r23, r21
    1514:	2c f0       	brlt	.+10     	; 0x1520 <dtoa_prf+0x25c>
    1516:	84 16       	cp	r8, r20
    1518:	95 06       	cpc	r9, r21
    151a:	14 f4       	brge	.+4      	; 0x1520 <dtoa_prf+0x25c>
    151c:	81 81       	ldd	r24, Z+1	; 0x01
    151e:	01 c0       	rjmp	.+2      	; 0x1522 <dtoa_prf+0x25e>
    1520:	80 e3       	ldi	r24, 0x30	; 48
    1522:	41 50       	subi	r20, 0x01	; 1
    1524:	51 09       	sbc	r21, r1
    1526:	31 96       	adiw	r30, 0x01	; 1
    1528:	d6 01       	movw	r26, r12
    152a:	11 96       	adiw	r26, 0x01	; 1
    152c:	7d 01       	movw	r14, r26
    152e:	40 17       	cp	r20, r16
    1530:	51 07       	cpc	r21, r17
    1532:	24 f0       	brlt	.+8      	; 0x153c <dtoa_prf+0x278>
    1534:	d6 01       	movw	r26, r12
    1536:	8c 93       	st	X, r24
    1538:	67 01       	movw	r12, r14
    153a:	e2 cf       	rjmp	.-60     	; 0x1500 <dtoa_prf+0x23c>
    153c:	64 17       	cp	r22, r20
    153e:	75 07       	cpc	r23, r21
    1540:	39 f4       	brne	.+14     	; 0x1550 <dtoa_prf+0x28c>
    1542:	96 33       	cpi	r25, 0x36	; 54
    1544:	20 f4       	brcc	.+8      	; 0x154e <dtoa_prf+0x28a>
    1546:	95 33       	cpi	r25, 0x35	; 53
    1548:	19 f4       	brne	.+6      	; 0x1550 <dtoa_prf+0x28c>
    154a:	31 11       	cpse	r19, r1
    154c:	01 c0       	rjmp	.+2      	; 0x1550 <dtoa_prf+0x28c>
    154e:	81 e3       	ldi	r24, 0x31	; 49
    1550:	f6 01       	movw	r30, r12
    1552:	80 83       	st	Z, r24
    1554:	f7 01       	movw	r30, r14
    1556:	82 2f       	mov	r24, r18
    1558:	90 e2       	ldi	r25, 0x20	; 32
    155a:	88 23       	and	r24, r24
    155c:	19 f0       	breq	.+6      	; 0x1564 <dtoa_prf+0x2a0>
    155e:	91 93       	st	Z+, r25
    1560:	81 50       	subi	r24, 0x01	; 1
    1562:	fb cf       	rjmp	.-10     	; 0x155a <dtoa_prf+0x296>
    1564:	f7 01       	movw	r30, r14
    1566:	e2 0f       	add	r30, r18
    1568:	f1 1d       	adc	r31, r1
    156a:	10 82       	st	Z, r1
    156c:	80 e0       	ldi	r24, 0x00	; 0
    156e:	90 e0       	ldi	r25, 0x00	; 0
    1570:	29 96       	adiw	r28, 0x09	; 9
    1572:	ec e0       	ldi	r30, 0x0C	; 12
    1574:	0c 94 33 0d 	jmp	0x1a66	; 0x1a66 <__epilogue_restores__+0xc>

00001578 <strtod>:
    1578:	a0 e0       	ldi	r26, 0x00	; 0
    157a:	b0 e0       	ldi	r27, 0x00	; 0
    157c:	e2 ec       	ldi	r30, 0xC2	; 194
    157e:	fa e0       	ldi	r31, 0x0A	; 10
    1580:	0c 94 17 0d 	jmp	0x1a2e	; 0x1a2e <__prologue_saves__+0xc>
    1584:	ec 01       	movw	r28, r24
    1586:	6b 01       	movw	r12, r22
    1588:	61 15       	cp	r22, r1
    158a:	71 05       	cpc	r23, r1
    158c:	19 f0       	breq	.+6      	; 0x1594 <strtod+0x1c>
    158e:	fb 01       	movw	r30, r22
    1590:	91 83       	std	Z+1, r25	; 0x01
    1592:	80 83       	st	Z, r24
    1594:	7e 01       	movw	r14, r28
    1596:	ff ef       	ldi	r31, 0xFF	; 255
    1598:	ef 1a       	sub	r14, r31
    159a:	ff 0a       	sbc	r15, r31
    159c:	08 81       	ld	r16, Y
    159e:	80 2f       	mov	r24, r16
    15a0:	90 e0       	ldi	r25, 0x00	; 0
    15a2:	0e 94 e2 0c 	call	0x19c4	; 0x19c4 <isspace>
    15a6:	89 2b       	or	r24, r25
    15a8:	11 f0       	breq	.+4      	; 0x15ae <strtod+0x36>
    15aa:	e7 01       	movw	r28, r14
    15ac:	f3 cf       	rjmp	.-26     	; 0x1594 <strtod+0x1c>
    15ae:	0d 32       	cpi	r16, 0x2D	; 45
    15b0:	39 f4       	brne	.+14     	; 0x15c0 <strtod+0x48>
    15b2:	7e 01       	movw	r14, r28
    15b4:	82 e0       	ldi	r24, 0x02	; 2
    15b6:	e8 0e       	add	r14, r24
    15b8:	f1 1c       	adc	r15, r1
    15ba:	09 81       	ldd	r16, Y+1	; 0x01
    15bc:	11 e0       	ldi	r17, 0x01	; 1
    15be:	08 c0       	rjmp	.+16     	; 0x15d0 <strtod+0x58>
    15c0:	0b 32       	cpi	r16, 0x2B	; 43
    15c2:	29 f4       	brne	.+10     	; 0x15ce <strtod+0x56>
    15c4:	7e 01       	movw	r14, r28
    15c6:	92 e0       	ldi	r25, 0x02	; 2
    15c8:	e9 0e       	add	r14, r25
    15ca:	f1 1c       	adc	r15, r1
    15cc:	09 81       	ldd	r16, Y+1	; 0x01
    15ce:	10 e0       	ldi	r17, 0x00	; 0
    15d0:	e7 01       	movw	r28, r14
    15d2:	21 97       	sbiw	r28, 0x01	; 1
    15d4:	43 e0       	ldi	r20, 0x03	; 3
    15d6:	50 e0       	ldi	r21, 0x00	; 0
    15d8:	66 e0       	ldi	r22, 0x06	; 6
    15da:	71 e0       	ldi	r23, 0x01	; 1
    15dc:	ce 01       	movw	r24, r28
    15de:	0e 94 eb 0c 	call	0x19d6	; 0x19d6 <strncasecmp_P>
    15e2:	89 2b       	or	r24, r25
    15e4:	c1 f4       	brne	.+48     	; 0x1616 <strtod+0x9e>
    15e6:	23 96       	adiw	r28, 0x03	; 3
    15e8:	45 e0       	ldi	r20, 0x05	; 5
    15ea:	50 e0       	ldi	r21, 0x00	; 0
    15ec:	61 e0       	ldi	r22, 0x01	; 1
    15ee:	71 e0       	ldi	r23, 0x01	; 1
    15f0:	ce 01       	movw	r24, r28
    15f2:	0e 94 eb 0c 	call	0x19d6	; 0x19d6 <strncasecmp_P>
    15f6:	89 2b       	or	r24, r25
    15f8:	09 f4       	brne	.+2      	; 0x15fc <strtod+0x84>
    15fa:	25 96       	adiw	r28, 0x05	; 5
    15fc:	c1 14       	cp	r12, r1
    15fe:	d1 04       	cpc	r13, r1
    1600:	19 f0       	breq	.+6      	; 0x1608 <strtod+0x90>
    1602:	f6 01       	movw	r30, r12
    1604:	d1 83       	std	Z+1, r29	; 0x01
    1606:	c0 83       	st	Z, r28
    1608:	11 11       	cpse	r17, r1
    160a:	f6 c0       	rjmp	.+492    	; 0x17f8 <strtod+0x280>
    160c:	60 e0       	ldi	r22, 0x00	; 0
    160e:	70 e0       	ldi	r23, 0x00	; 0
    1610:	80 e8       	ldi	r24, 0x80	; 128
    1612:	9f e7       	ldi	r25, 0x7F	; 127
    1614:	fa c0       	rjmp	.+500    	; 0x180a <strtod+0x292>
    1616:	43 e0       	ldi	r20, 0x03	; 3
    1618:	50 e0       	ldi	r21, 0x00	; 0
    161a:	6e ef       	ldi	r22, 0xFE	; 254
    161c:	70 e0       	ldi	r23, 0x00	; 0
    161e:	ce 01       	movw	r24, r28
    1620:	0e 94 eb 0c 	call	0x19d6	; 0x19d6 <strncasecmp_P>
    1624:	89 2b       	or	r24, r25
    1626:	59 f4       	brne	.+22     	; 0x163e <strtod+0xc6>
    1628:	c1 14       	cp	r12, r1
    162a:	d1 04       	cpc	r13, r1
    162c:	09 f4       	brne	.+2      	; 0x1630 <strtod+0xb8>
    162e:	e9 c0       	rjmp	.+466    	; 0x1802 <strtod+0x28a>
    1630:	f2 e0       	ldi	r31, 0x02	; 2
    1632:	ef 0e       	add	r14, r31
    1634:	f1 1c       	adc	r15, r1
    1636:	f6 01       	movw	r30, r12
    1638:	f1 82       	std	Z+1, r15	; 0x01
    163a:	e0 82       	st	Z, r14
    163c:	e2 c0       	rjmp	.+452    	; 0x1802 <strtod+0x28a>
    163e:	20 e0       	ldi	r18, 0x00	; 0
    1640:	30 e0       	ldi	r19, 0x00	; 0
    1642:	a9 01       	movw	r20, r18
    1644:	c0 e0       	ldi	r28, 0x00	; 0
    1646:	d0 e0       	ldi	r29, 0x00	; 0
    1648:	f7 01       	movw	r30, r14
    164a:	80 ed       	ldi	r24, 0xD0	; 208
    164c:	a8 2e       	mov	r10, r24
    164e:	a0 0e       	add	r10, r16
    1650:	89 e0       	ldi	r24, 0x09	; 9
    1652:	8a 15       	cp	r24, r10
    1654:	30 f1       	brcs	.+76     	; 0x16a2 <strtod+0x12a>
    1656:	91 2f       	mov	r25, r17
    1658:	92 60       	ori	r25, 0x02	; 2
    165a:	b9 2e       	mov	r11, r25
    165c:	81 2f       	mov	r24, r17
    165e:	88 70       	andi	r24, 0x08	; 8
    1660:	12 ff       	sbrs	r17, 2
    1662:	04 c0       	rjmp	.+8      	; 0x166c <strtod+0xf4>
    1664:	81 11       	cpse	r24, r1
    1666:	24 c0       	rjmp	.+72     	; 0x16b0 <strtod+0x138>
    1668:	21 96       	adiw	r28, 0x01	; 1
    166a:	22 c0       	rjmp	.+68     	; 0x16b0 <strtod+0x138>
    166c:	81 11       	cpse	r24, r1
    166e:	21 97       	sbiw	r28, 0x01	; 1
    1670:	a5 e0       	ldi	r26, 0x05	; 5
    1672:	b0 e0       	ldi	r27, 0x00	; 0
    1674:	0e 94 06 0d 	call	0x1a0c	; 0x1a0c <__muluhisi3>
    1678:	dc 01       	movw	r26, r24
    167a:	cb 01       	movw	r24, r22
    167c:	88 0f       	add	r24, r24
    167e:	99 1f       	adc	r25, r25
    1680:	aa 1f       	adc	r26, r26
    1682:	bb 1f       	adc	r27, r27
    1684:	9c 01       	movw	r18, r24
    1686:	ad 01       	movw	r20, r26
    1688:	2a 0d       	add	r18, r10
    168a:	31 1d       	adc	r19, r1
    168c:	41 1d       	adc	r20, r1
    168e:	51 1d       	adc	r21, r1
    1690:	28 39       	cpi	r18, 0x98	; 152
    1692:	89 e9       	ldi	r24, 0x99	; 153
    1694:	38 07       	cpc	r19, r24
    1696:	48 07       	cpc	r20, r24
    1698:	89 e1       	ldi	r24, 0x19	; 25
    169a:	58 07       	cpc	r21, r24
    169c:	48 f0       	brcs	.+18     	; 0x16b0 <strtod+0x138>
    169e:	16 60       	ori	r17, 0x06	; 6
    16a0:	06 c0       	rjmp	.+12     	; 0x16ae <strtod+0x136>
    16a2:	9e ef       	ldi	r25, 0xFE	; 254
    16a4:	a9 12       	cpse	r10, r25
    16a6:	0a c0       	rjmp	.+20     	; 0x16bc <strtod+0x144>
    16a8:	13 fd       	sbrc	r17, 3
    16aa:	40 c0       	rjmp	.+128    	; 0x172c <strtod+0x1b4>
    16ac:	18 60       	ori	r17, 0x08	; 8
    16ae:	b1 2e       	mov	r11, r17
    16b0:	8f ef       	ldi	r24, 0xFF	; 255
    16b2:	e8 1a       	sub	r14, r24
    16b4:	f8 0a       	sbc	r15, r24
    16b6:	00 81       	ld	r16, Z
    16b8:	1b 2d       	mov	r17, r11
    16ba:	c6 cf       	rjmp	.-116    	; 0x1648 <strtod+0xd0>
    16bc:	80 2f       	mov	r24, r16
    16be:	8f 7d       	andi	r24, 0xDF	; 223
    16c0:	85 34       	cpi	r24, 0x45	; 69
    16c2:	a1 f5       	brne	.+104    	; 0x172c <strtod+0x1b4>
    16c4:	80 81       	ld	r24, Z
    16c6:	8d 32       	cpi	r24, 0x2D	; 45
    16c8:	11 f4       	brne	.+4      	; 0x16ce <strtod+0x156>
    16ca:	10 61       	ori	r17, 0x10	; 16
    16cc:	06 c0       	rjmp	.+12     	; 0x16da <strtod+0x162>
    16ce:	8b 32       	cpi	r24, 0x2B	; 43
    16d0:	21 f0       	breq	.+8      	; 0x16da <strtod+0x162>
    16d2:	31 96       	adiw	r30, 0x01	; 1
    16d4:	61 e0       	ldi	r22, 0x01	; 1
    16d6:	70 e0       	ldi	r23, 0x00	; 0
    16d8:	04 c0       	rjmp	.+8      	; 0x16e2 <strtod+0x16a>
    16da:	81 81       	ldd	r24, Z+1	; 0x01
    16dc:	32 96       	adiw	r30, 0x02	; 2
    16de:	62 e0       	ldi	r22, 0x02	; 2
    16e0:	70 e0       	ldi	r23, 0x00	; 0
    16e2:	80 53       	subi	r24, 0x30	; 48
    16e4:	8a 30       	cpi	r24, 0x0A	; 10
    16e6:	18 f0       	brcs	.+6      	; 0x16ee <strtod+0x176>
    16e8:	e6 1b       	sub	r30, r22
    16ea:	f7 0b       	sbc	r31, r23
    16ec:	1f c0       	rjmp	.+62     	; 0x172c <strtod+0x1b4>
    16ee:	60 e0       	ldi	r22, 0x00	; 0
    16f0:	70 e0       	ldi	r23, 0x00	; 0
    16f2:	60 38       	cpi	r22, 0x80	; 128
    16f4:	9c e0       	ldi	r25, 0x0C	; 12
    16f6:	79 07       	cpc	r23, r25
    16f8:	5c f4       	brge	.+22     	; 0x1710 <strtod+0x198>
    16fa:	db 01       	movw	r26, r22
    16fc:	aa 0f       	add	r26, r26
    16fe:	bb 1f       	adc	r27, r27
    1700:	aa 0f       	add	r26, r26
    1702:	bb 1f       	adc	r27, r27
    1704:	6a 0f       	add	r22, r26
    1706:	7b 1f       	adc	r23, r27
    1708:	66 0f       	add	r22, r22
    170a:	77 1f       	adc	r23, r23
    170c:	68 0f       	add	r22, r24
    170e:	71 1d       	adc	r23, r1
    1710:	31 96       	adiw	r30, 0x01	; 1
    1712:	df 01       	movw	r26, r30
    1714:	11 97       	sbiw	r26, 0x01	; 1
    1716:	8c 91       	ld	r24, X
    1718:	80 53       	subi	r24, 0x30	; 48
    171a:	8a 30       	cpi	r24, 0x0A	; 10
    171c:	50 f3       	brcs	.-44     	; 0x16f2 <strtod+0x17a>
    171e:	14 ff       	sbrs	r17, 4
    1720:	03 c0       	rjmp	.+6      	; 0x1728 <strtod+0x1b0>
    1722:	71 95       	neg	r23
    1724:	61 95       	neg	r22
    1726:	71 09       	sbc	r23, r1
    1728:	c6 0f       	add	r28, r22
    172a:	d7 1f       	adc	r29, r23
    172c:	11 ff       	sbrs	r17, 1
    172e:	08 c0       	rjmp	.+16     	; 0x1740 <strtod+0x1c8>
    1730:	c1 14       	cp	r12, r1
    1732:	d1 04       	cpc	r13, r1
    1734:	29 f0       	breq	.+10     	; 0x1740 <strtod+0x1c8>
    1736:	cf 01       	movw	r24, r30
    1738:	01 97       	sbiw	r24, 0x01	; 1
    173a:	f6 01       	movw	r30, r12
    173c:	91 83       	std	Z+1, r25	; 0x01
    173e:	80 83       	st	Z, r24
    1740:	ca 01       	movw	r24, r20
    1742:	b9 01       	movw	r22, r18
    1744:	0e 94 44 06 	call	0xc88	; 0xc88 <__floatunsisf>
    1748:	21 2f       	mov	r18, r17
    174a:	23 70       	andi	r18, 0x03	; 3
    174c:	23 30       	cpi	r18, 0x03	; 3
    174e:	19 f0       	breq	.+6      	; 0x1756 <strtod+0x1de>
    1750:	4b 01       	movw	r8, r22
    1752:	5c 01       	movw	r10, r24
    1754:	06 c0       	rjmp	.+12     	; 0x1762 <strtod+0x1ea>
    1756:	4b 01       	movw	r8, r22
    1758:	5c 01       	movw	r10, r24
    175a:	b7 fa       	bst	r11, 7
    175c:	b0 94       	com	r11
    175e:	b7 f8       	bld	r11, 7
    1760:	b0 94       	com	r11
    1762:	20 e0       	ldi	r18, 0x00	; 0
    1764:	30 e0       	ldi	r19, 0x00	; 0
    1766:	a9 01       	movw	r20, r18
    1768:	c5 01       	movw	r24, r10
    176a:	b4 01       	movw	r22, r8
    176c:	0e 94 97 05 	call	0xb2e	; 0xb2e <__cmpsf2>
    1770:	88 23       	and	r24, r24
    1772:	09 f4       	brne	.+2      	; 0x1776 <strtod+0x1fe>
    1774:	3e c0       	rjmp	.+124    	; 0x17f2 <strtod+0x27a>
    1776:	d7 ff       	sbrs	r29, 7
    1778:	06 c0       	rjmp	.+12     	; 0x1786 <strtod+0x20e>
    177a:	d1 95       	neg	r29
    177c:	c1 95       	neg	r28
    177e:	d1 09       	sbc	r29, r1
    1780:	0d e1       	ldi	r16, 0x1D	; 29
    1782:	11 e0       	ldi	r17, 0x01	; 1
    1784:	02 c0       	rjmp	.+4      	; 0x178a <strtod+0x212>
    1786:	05 e3       	ldi	r16, 0x35	; 53
    1788:	11 e0       	ldi	r17, 0x01	; 1
    178a:	68 01       	movw	r12, r16
    178c:	f8 e1       	ldi	r31, 0x18	; 24
    178e:	cf 1a       	sub	r12, r31
    1790:	d1 08       	sbc	r13, r1
    1792:	90 e2       	ldi	r25, 0x20	; 32
    1794:	e9 2e       	mov	r14, r25
    1796:	f1 2c       	mov	r15, r1
    1798:	ce 15       	cp	r28, r14
    179a:	df 05       	cpc	r29, r15
    179c:	74 f0       	brlt	.+28     	; 0x17ba <strtod+0x242>
    179e:	f8 01       	movw	r30, r16
    17a0:	25 91       	lpm	r18, Z+
    17a2:	35 91       	lpm	r19, Z+
    17a4:	45 91       	lpm	r20, Z+
    17a6:	54 91       	lpm	r21, Z
    17a8:	c5 01       	movw	r24, r10
    17aa:	b4 01       	movw	r22, r8
    17ac:	0e 94 f6 06 	call	0xdec	; 0xdec <__mulsf3>
    17b0:	4b 01       	movw	r8, r22
    17b2:	5c 01       	movw	r10, r24
    17b4:	ce 19       	sub	r28, r14
    17b6:	df 09       	sbc	r29, r15
    17b8:	ef cf       	rjmp	.-34     	; 0x1798 <strtod+0x220>
    17ba:	04 50       	subi	r16, 0x04	; 4
    17bc:	11 09       	sbc	r17, r1
    17be:	f5 94       	asr	r15
    17c0:	e7 94       	ror	r14
    17c2:	0c 15       	cp	r16, r12
    17c4:	1d 05       	cpc	r17, r13
    17c6:	41 f7       	brne	.-48     	; 0x1798 <strtod+0x220>
    17c8:	8a 2d       	mov	r24, r10
    17ca:	88 0f       	add	r24, r24
    17cc:	8b 2d       	mov	r24, r11
    17ce:	88 1f       	adc	r24, r24
    17d0:	8f 3f       	cpi	r24, 0xFF	; 255
    17d2:	49 f0       	breq	.+18     	; 0x17e6 <strtod+0x26e>
    17d4:	20 e0       	ldi	r18, 0x00	; 0
    17d6:	30 e0       	ldi	r19, 0x00	; 0
    17d8:	a9 01       	movw	r20, r18
    17da:	c5 01       	movw	r24, r10
    17dc:	b4 01       	movw	r22, r8
    17de:	0e 94 97 05 	call	0xb2e	; 0xb2e <__cmpsf2>
    17e2:	81 11       	cpse	r24, r1
    17e4:	06 c0       	rjmp	.+12     	; 0x17f2 <strtod+0x27a>
    17e6:	82 e2       	ldi	r24, 0x22	; 34
    17e8:	90 e0       	ldi	r25, 0x00	; 0
    17ea:	90 93 33 01 	sts	0x0133, r25	; 0x800133 <errno+0x1>
    17ee:	80 93 32 01 	sts	0x0132, r24	; 0x800132 <errno>
    17f2:	c5 01       	movw	r24, r10
    17f4:	b4 01       	movw	r22, r8
    17f6:	09 c0       	rjmp	.+18     	; 0x180a <strtod+0x292>
    17f8:	60 e0       	ldi	r22, 0x00	; 0
    17fa:	70 e0       	ldi	r23, 0x00	; 0
    17fc:	80 e8       	ldi	r24, 0x80	; 128
    17fe:	9f ef       	ldi	r25, 0xFF	; 255
    1800:	04 c0       	rjmp	.+8      	; 0x180a <strtod+0x292>
    1802:	60 e0       	ldi	r22, 0x00	; 0
    1804:	70 e0       	ldi	r23, 0x00	; 0
    1806:	80 ec       	ldi	r24, 0xC0	; 192
    1808:	9f e7       	ldi	r25, 0x7F	; 127
    180a:	cd b7       	in	r28, 0x3d	; 61
    180c:	de b7       	in	r29, 0x3e	; 62
    180e:	ec e0       	ldi	r30, 0x0C	; 12
    1810:	0c 94 33 0d 	jmp	0x1a66	; 0x1a66 <__epilogue_restores__+0xc>

00001814 <__ftoa_engine>:
    1814:	28 30       	cpi	r18, 0x08	; 8
    1816:	08 f0       	brcs	.+2      	; 0x181a <__ftoa_engine+0x6>
    1818:	27 e0       	ldi	r18, 0x07	; 7
    181a:	33 27       	eor	r19, r19
    181c:	da 01       	movw	r26, r20
    181e:	99 0f       	add	r25, r25
    1820:	31 1d       	adc	r19, r1
    1822:	87 fd       	sbrc	r24, 7
    1824:	91 60       	ori	r25, 0x01	; 1
    1826:	00 96       	adiw	r24, 0x00	; 0
    1828:	61 05       	cpc	r22, r1
    182a:	71 05       	cpc	r23, r1
    182c:	39 f4       	brne	.+14     	; 0x183c <__ftoa_engine+0x28>
    182e:	32 60       	ori	r19, 0x02	; 2
    1830:	2e 5f       	subi	r18, 0xFE	; 254
    1832:	3d 93       	st	X+, r19
    1834:	30 e3       	ldi	r19, 0x30	; 48
    1836:	2a 95       	dec	r18
    1838:	e1 f7       	brne	.-8      	; 0x1832 <__ftoa_engine+0x1e>
    183a:	08 95       	ret
    183c:	9f 3f       	cpi	r25, 0xFF	; 255
    183e:	30 f0       	brcs	.+12     	; 0x184c <__ftoa_engine+0x38>
    1840:	80 38       	cpi	r24, 0x80	; 128
    1842:	71 05       	cpc	r23, r1
    1844:	61 05       	cpc	r22, r1
    1846:	09 f0       	breq	.+2      	; 0x184a <__ftoa_engine+0x36>
    1848:	3c 5f       	subi	r19, 0xFC	; 252
    184a:	3c 5f       	subi	r19, 0xFC	; 252
    184c:	3d 93       	st	X+, r19
    184e:	91 30       	cpi	r25, 0x01	; 1
    1850:	08 f0       	brcs	.+2      	; 0x1854 <__ftoa_engine+0x40>
    1852:	80 68       	ori	r24, 0x80	; 128
    1854:	91 1d       	adc	r25, r1
    1856:	df 93       	push	r29
    1858:	cf 93       	push	r28
    185a:	1f 93       	push	r17
    185c:	0f 93       	push	r16
    185e:	ff 92       	push	r15
    1860:	ef 92       	push	r14
    1862:	19 2f       	mov	r17, r25
    1864:	98 7f       	andi	r25, 0xF8	; 248
    1866:	96 95       	lsr	r25
    1868:	e9 2f       	mov	r30, r25
    186a:	96 95       	lsr	r25
    186c:	96 95       	lsr	r25
    186e:	e9 0f       	add	r30, r25
    1870:	ff 27       	eor	r31, r31
    1872:	ed 56       	subi	r30, 0x6D	; 109
    1874:	fe 4f       	sbci	r31, 0xFE	; 254
    1876:	99 27       	eor	r25, r25
    1878:	33 27       	eor	r19, r19
    187a:	ee 24       	eor	r14, r14
    187c:	ff 24       	eor	r15, r15
    187e:	a7 01       	movw	r20, r14
    1880:	e7 01       	movw	r28, r14
    1882:	05 90       	lpm	r0, Z+
    1884:	08 94       	sec
    1886:	07 94       	ror	r0
    1888:	28 f4       	brcc	.+10     	; 0x1894 <__ftoa_engine+0x80>
    188a:	36 0f       	add	r19, r22
    188c:	e7 1e       	adc	r14, r23
    188e:	f8 1e       	adc	r15, r24
    1890:	49 1f       	adc	r20, r25
    1892:	51 1d       	adc	r21, r1
    1894:	66 0f       	add	r22, r22
    1896:	77 1f       	adc	r23, r23
    1898:	88 1f       	adc	r24, r24
    189a:	99 1f       	adc	r25, r25
    189c:	06 94       	lsr	r0
    189e:	a1 f7       	brne	.-24     	; 0x1888 <__ftoa_engine+0x74>
    18a0:	05 90       	lpm	r0, Z+
    18a2:	07 94       	ror	r0
    18a4:	28 f4       	brcc	.+10     	; 0x18b0 <__ftoa_engine+0x9c>
    18a6:	e7 0e       	add	r14, r23
    18a8:	f8 1e       	adc	r15, r24
    18aa:	49 1f       	adc	r20, r25
    18ac:	56 1f       	adc	r21, r22
    18ae:	c1 1d       	adc	r28, r1
    18b0:	77 0f       	add	r23, r23
    18b2:	88 1f       	adc	r24, r24
    18b4:	99 1f       	adc	r25, r25
    18b6:	66 1f       	adc	r22, r22
    18b8:	06 94       	lsr	r0
    18ba:	a1 f7       	brne	.-24     	; 0x18a4 <__ftoa_engine+0x90>
    18bc:	05 90       	lpm	r0, Z+
    18be:	07 94       	ror	r0
    18c0:	28 f4       	brcc	.+10     	; 0x18cc <__ftoa_engine+0xb8>
    18c2:	f8 0e       	add	r15, r24
    18c4:	49 1f       	adc	r20, r25
    18c6:	56 1f       	adc	r21, r22
    18c8:	c7 1f       	adc	r28, r23
    18ca:	d1 1d       	adc	r29, r1
    18cc:	88 0f       	add	r24, r24
    18ce:	99 1f       	adc	r25, r25
    18d0:	66 1f       	adc	r22, r22
    18d2:	77 1f       	adc	r23, r23
    18d4:	06 94       	lsr	r0
    18d6:	a1 f7       	brne	.-24     	; 0x18c0 <__ftoa_engine+0xac>
    18d8:	05 90       	lpm	r0, Z+
    18da:	07 94       	ror	r0
    18dc:	20 f4       	brcc	.+8      	; 0x18e6 <__ftoa_engine+0xd2>
    18de:	49 0f       	add	r20, r25
    18e0:	56 1f       	adc	r21, r22
    18e2:	c7 1f       	adc	r28, r23
    18e4:	d8 1f       	adc	r29, r24
    18e6:	99 0f       	add	r25, r25
    18e8:	66 1f       	adc	r22, r22
    18ea:	77 1f       	adc	r23, r23
    18ec:	88 1f       	adc	r24, r24
    18ee:	06 94       	lsr	r0
    18f0:	a9 f7       	brne	.-22     	; 0x18dc <__ftoa_engine+0xc8>
    18f2:	84 91       	lpm	r24, Z
    18f4:	10 95       	com	r17
    18f6:	17 70       	andi	r17, 0x07	; 7
    18f8:	41 f0       	breq	.+16     	; 0x190a <__ftoa_engine+0xf6>
    18fa:	d6 95       	lsr	r29
    18fc:	c7 95       	ror	r28
    18fe:	57 95       	ror	r21
    1900:	47 95       	ror	r20
    1902:	f7 94       	ror	r15
    1904:	e7 94       	ror	r14
    1906:	1a 95       	dec	r17
    1908:	c1 f7       	brne	.-16     	; 0x18fa <__ftoa_engine+0xe6>
    190a:	e9 e3       	ldi	r30, 0x39	; 57
    190c:	f1 e0       	ldi	r31, 0x01	; 1
    190e:	68 94       	set
    1910:	15 90       	lpm	r1, Z+
    1912:	15 91       	lpm	r17, Z+
    1914:	35 91       	lpm	r19, Z+
    1916:	65 91       	lpm	r22, Z+
    1918:	95 91       	lpm	r25, Z+
    191a:	05 90       	lpm	r0, Z+
    191c:	7f e2       	ldi	r23, 0x2F	; 47
    191e:	73 95       	inc	r23
    1920:	e1 18       	sub	r14, r1
    1922:	f1 0a       	sbc	r15, r17
    1924:	43 0b       	sbc	r20, r19
    1926:	56 0b       	sbc	r21, r22
    1928:	c9 0b       	sbc	r28, r25
    192a:	d0 09       	sbc	r29, r0
    192c:	c0 f7       	brcc	.-16     	; 0x191e <__ftoa_engine+0x10a>
    192e:	e1 0c       	add	r14, r1
    1930:	f1 1e       	adc	r15, r17
    1932:	43 1f       	adc	r20, r19
    1934:	56 1f       	adc	r21, r22
    1936:	c9 1f       	adc	r28, r25
    1938:	d0 1d       	adc	r29, r0
    193a:	7e f4       	brtc	.+30     	; 0x195a <__ftoa_engine+0x146>
    193c:	70 33       	cpi	r23, 0x30	; 48
    193e:	11 f4       	brne	.+4      	; 0x1944 <__ftoa_engine+0x130>
    1940:	8a 95       	dec	r24
    1942:	e6 cf       	rjmp	.-52     	; 0x1910 <__ftoa_engine+0xfc>
    1944:	e8 94       	clt
    1946:	01 50       	subi	r16, 0x01	; 1
    1948:	30 f0       	brcs	.+12     	; 0x1956 <__ftoa_engine+0x142>
    194a:	08 0f       	add	r16, r24
    194c:	0a f4       	brpl	.+2      	; 0x1950 <__ftoa_engine+0x13c>
    194e:	00 27       	eor	r16, r16
    1950:	02 17       	cp	r16, r18
    1952:	08 f4       	brcc	.+2      	; 0x1956 <__ftoa_engine+0x142>
    1954:	20 2f       	mov	r18, r16
    1956:	23 95       	inc	r18
    1958:	02 2f       	mov	r16, r18
    195a:	7a 33       	cpi	r23, 0x3A	; 58
    195c:	28 f0       	brcs	.+10     	; 0x1968 <__ftoa_engine+0x154>
    195e:	79 e3       	ldi	r23, 0x39	; 57
    1960:	7d 93       	st	X+, r23
    1962:	2a 95       	dec	r18
    1964:	e9 f7       	brne	.-6      	; 0x1960 <__ftoa_engine+0x14c>
    1966:	10 c0       	rjmp	.+32     	; 0x1988 <__ftoa_engine+0x174>
    1968:	7d 93       	st	X+, r23
    196a:	2a 95       	dec	r18
    196c:	89 f6       	brne	.-94     	; 0x1910 <__ftoa_engine+0xfc>
    196e:	06 94       	lsr	r0
    1970:	97 95       	ror	r25
    1972:	67 95       	ror	r22
    1974:	37 95       	ror	r19
    1976:	17 95       	ror	r17
    1978:	17 94       	ror	r1
    197a:	e1 18       	sub	r14, r1
    197c:	f1 0a       	sbc	r15, r17
    197e:	43 0b       	sbc	r20, r19
    1980:	56 0b       	sbc	r21, r22
    1982:	c9 0b       	sbc	r28, r25
    1984:	d0 09       	sbc	r29, r0
    1986:	98 f0       	brcs	.+38     	; 0x19ae <__ftoa_engine+0x19a>
    1988:	23 95       	inc	r18
    198a:	7e 91       	ld	r23, -X
    198c:	73 95       	inc	r23
    198e:	7a 33       	cpi	r23, 0x3A	; 58
    1990:	08 f0       	brcs	.+2      	; 0x1994 <__ftoa_engine+0x180>
    1992:	70 e3       	ldi	r23, 0x30	; 48
    1994:	7c 93       	st	X, r23
    1996:	20 13       	cpse	r18, r16
    1998:	b8 f7       	brcc	.-18     	; 0x1988 <__ftoa_engine+0x174>
    199a:	7e 91       	ld	r23, -X
    199c:	70 61       	ori	r23, 0x10	; 16
    199e:	7d 93       	st	X+, r23
    19a0:	30 f0       	brcs	.+12     	; 0x19ae <__ftoa_engine+0x19a>
    19a2:	83 95       	inc	r24
    19a4:	71 e3       	ldi	r23, 0x31	; 49
    19a6:	7d 93       	st	X+, r23
    19a8:	70 e3       	ldi	r23, 0x30	; 48
    19aa:	2a 95       	dec	r18
    19ac:	e1 f7       	brne	.-8      	; 0x19a6 <__ftoa_engine+0x192>
    19ae:	11 24       	eor	r1, r1
    19b0:	ef 90       	pop	r14
    19b2:	ff 90       	pop	r15
    19b4:	0f 91       	pop	r16
    19b6:	1f 91       	pop	r17
    19b8:	cf 91       	pop	r28
    19ba:	df 91       	pop	r29
    19bc:	99 27       	eor	r25, r25
    19be:	87 fd       	sbrc	r24, 7
    19c0:	90 95       	com	r25
    19c2:	08 95       	ret

000019c4 <isspace>:
    19c4:	91 11       	cpse	r25, r1
    19c6:	0c 94 03 0d 	jmp	0x1a06	; 0x1a06 <__ctype_isfalse>
    19ca:	80 32       	cpi	r24, 0x20	; 32
    19cc:	19 f0       	breq	.+6      	; 0x19d4 <isspace+0x10>
    19ce:	89 50       	subi	r24, 0x09	; 9
    19d0:	85 50       	subi	r24, 0x05	; 5
    19d2:	c8 f7       	brcc	.-14     	; 0x19c6 <isspace+0x2>
    19d4:	08 95       	ret

000019d6 <strncasecmp_P>:
    19d6:	fb 01       	movw	r30, r22
    19d8:	dc 01       	movw	r26, r24
    19da:	41 50       	subi	r20, 0x01	; 1
    19dc:	50 40       	sbci	r21, 0x00	; 0
    19de:	88 f0       	brcs	.+34     	; 0x1a02 <strncasecmp_P+0x2c>
    19e0:	8d 91       	ld	r24, X+
    19e2:	81 34       	cpi	r24, 0x41	; 65
    19e4:	1c f0       	brlt	.+6      	; 0x19ec <strncasecmp_P+0x16>
    19e6:	8b 35       	cpi	r24, 0x5B	; 91
    19e8:	0c f4       	brge	.+2      	; 0x19ec <strncasecmp_P+0x16>
    19ea:	80 5e       	subi	r24, 0xE0	; 224
    19ec:	65 91       	lpm	r22, Z+
    19ee:	61 34       	cpi	r22, 0x41	; 65
    19f0:	1c f0       	brlt	.+6      	; 0x19f8 <strncasecmp_P+0x22>
    19f2:	6b 35       	cpi	r22, 0x5B	; 91
    19f4:	0c f4       	brge	.+2      	; 0x19f8 <strncasecmp_P+0x22>
    19f6:	60 5e       	subi	r22, 0xE0	; 224
    19f8:	86 1b       	sub	r24, r22
    19fa:	61 11       	cpse	r22, r1
    19fc:	71 f3       	breq	.-36     	; 0x19da <strncasecmp_P+0x4>
    19fe:	99 0b       	sbc	r25, r25
    1a00:	08 95       	ret
    1a02:	88 1b       	sub	r24, r24
    1a04:	fc cf       	rjmp	.-8      	; 0x19fe <strncasecmp_P+0x28>

00001a06 <__ctype_isfalse>:
    1a06:	99 27       	eor	r25, r25
    1a08:	88 27       	eor	r24, r24

00001a0a <__ctype_istrue>:
    1a0a:	08 95       	ret

00001a0c <__muluhisi3>:
    1a0c:	0e 94 48 0d 	call	0x1a90	; 0x1a90 <__umulhisi3>
    1a10:	a5 9f       	mul	r26, r21
    1a12:	90 0d       	add	r25, r0
    1a14:	b4 9f       	mul	r27, r20
    1a16:	90 0d       	add	r25, r0
    1a18:	a4 9f       	mul	r26, r20
    1a1a:	80 0d       	add	r24, r0
    1a1c:	91 1d       	adc	r25, r1
    1a1e:	11 24       	eor	r1, r1
    1a20:	08 95       	ret

00001a22 <__prologue_saves__>:
    1a22:	2f 92       	push	r2
    1a24:	3f 92       	push	r3
    1a26:	4f 92       	push	r4
    1a28:	5f 92       	push	r5
    1a2a:	6f 92       	push	r6
    1a2c:	7f 92       	push	r7
    1a2e:	8f 92       	push	r8
    1a30:	9f 92       	push	r9
    1a32:	af 92       	push	r10
    1a34:	bf 92       	push	r11
    1a36:	cf 92       	push	r12
    1a38:	df 92       	push	r13
    1a3a:	ef 92       	push	r14
    1a3c:	ff 92       	push	r15
    1a3e:	0f 93       	push	r16
    1a40:	1f 93       	push	r17
    1a42:	cf 93       	push	r28
    1a44:	df 93       	push	r29
    1a46:	cd b7       	in	r28, 0x3d	; 61
    1a48:	de b7       	in	r29, 0x3e	; 62
    1a4a:	ca 1b       	sub	r28, r26
    1a4c:	db 0b       	sbc	r29, r27
    1a4e:	0f b6       	in	r0, 0x3f	; 63
    1a50:	f8 94       	cli
    1a52:	de bf       	out	0x3e, r29	; 62
    1a54:	0f be       	out	0x3f, r0	; 63
    1a56:	cd bf       	out	0x3d, r28	; 61
    1a58:	09 94       	ijmp

00001a5a <__epilogue_restores__>:
    1a5a:	2a 88       	ldd	r2, Y+18	; 0x12
    1a5c:	39 88       	ldd	r3, Y+17	; 0x11
    1a5e:	48 88       	ldd	r4, Y+16	; 0x10
    1a60:	5f 84       	ldd	r5, Y+15	; 0x0f
    1a62:	6e 84       	ldd	r6, Y+14	; 0x0e
    1a64:	7d 84       	ldd	r7, Y+13	; 0x0d
    1a66:	8c 84       	ldd	r8, Y+12	; 0x0c
    1a68:	9b 84       	ldd	r9, Y+11	; 0x0b
    1a6a:	aa 84       	ldd	r10, Y+10	; 0x0a
    1a6c:	b9 84       	ldd	r11, Y+9	; 0x09
    1a6e:	c8 84       	ldd	r12, Y+8	; 0x08
    1a70:	df 80       	ldd	r13, Y+7	; 0x07
    1a72:	ee 80       	ldd	r14, Y+6	; 0x06
    1a74:	fd 80       	ldd	r15, Y+5	; 0x05
    1a76:	0c 81       	ldd	r16, Y+4	; 0x04
    1a78:	1b 81       	ldd	r17, Y+3	; 0x03
    1a7a:	aa 81       	ldd	r26, Y+2	; 0x02
    1a7c:	b9 81       	ldd	r27, Y+1	; 0x01
    1a7e:	ce 0f       	add	r28, r30
    1a80:	d1 1d       	adc	r29, r1
    1a82:	0f b6       	in	r0, 0x3f	; 63
    1a84:	f8 94       	cli
    1a86:	de bf       	out	0x3e, r29	; 62
    1a88:	0f be       	out	0x3f, r0	; 63
    1a8a:	cd bf       	out	0x3d, r28	; 61
    1a8c:	ed 01       	movw	r28, r26
    1a8e:	08 95       	ret

00001a90 <__umulhisi3>:
    1a90:	a2 9f       	mul	r26, r18
    1a92:	b0 01       	movw	r22, r0
    1a94:	b3 9f       	mul	r27, r19
    1a96:	c0 01       	movw	r24, r0
    1a98:	a3 9f       	mul	r26, r19
    1a9a:	70 0d       	add	r23, r0
    1a9c:	81 1d       	adc	r24, r1
    1a9e:	11 24       	eor	r1, r1
    1aa0:	91 1d       	adc	r25, r1
    1aa2:	b2 9f       	mul	r27, r18
    1aa4:	70 0d       	add	r23, r0
    1aa6:	81 1d       	adc	r24, r1
    1aa8:	11 24       	eor	r1, r1
    1aaa:	91 1d       	adc	r25, r1
    1aac:	08 95       	ret

00001aae <_exit>:
    1aae:	f8 94       	cli

00001ab0 <__stop_program>:
    1ab0:	ff cf       	rjmp	.-2      	; 0x1ab0 <__stop_program>
