
GccApplication2.elf:     file format elf32-avr

Sections:
Idx Name          Size      VMA       LMA       File off  Algn
  0 .data         0000018a  00800100  00003a78  00003b0c  2**0
                  CONTENTS, ALLOC, LOAD, DATA
  1 .text         00003a78  00000000  00000000  00000094  2**1
                  CONTENTS, ALLOC, LOAD, READONLY, CODE
  2 .bss          00000008  0080028a  0080028a  00003c96  2**0
                  ALLOC
  3 .comment      0000005c  00000000  00000000  00003c96  2**0
                  CONTENTS, READONLY
  4 .note.gnu.avr.deviceinfo 00000040  00000000  00000000  00003cf4  2**2
                  CONTENTS, READONLY
  5 .debug_aranges 00000118  00000000  00000000  00003d34  2**0
                  CONTENTS, READONLY, DEBUGGING
  6 .debug_info   00002e22  00000000  00000000  00003e4c  2**0
                  CONTENTS, READONLY, DEBUGGING
  7 .debug_abbrev 00000c1e  00000000  00000000  00006c6e  2**0
                  CONTENTS, READONLY, DEBUGGING
  8 .debug_line   00001425  00000000  00000000  0000788c  2**0
                  CONTENTS, READONLY, DEBUGGING
  9 .debug_frame  00000308  00000000  00000000  00008cb4  2**2
                  CONTENTS, READONLY, DEBUGGING
 10 .debug_str    000007d6  00000000  00000000  00008fbc  2**0
                  CONTENTS, READONLY, DEBUGGING
 11 .debug_loc    000014b6  00000000  00000000  00009792  2**0
                  CONTENTS, READONLY, DEBUGGING
 12 .debug_ranges 000000c8  00000000  00000000  0000ac48  2**0
                  CONTENTS, READONLY, DEBUGGING

Disassembly of section .text:

00000000 <__vectors>:
       0:	0c 94 d9 01 	jmp	0x3b2	; 0x3b2 <__ctors_end>
       4:	0c 94 f6 01 	jmp	0x3ec	; 0x3ec <__bad_interrupt>
       8:	0c 94 f6 01 	jmp	0x3ec	; 0x3ec <__bad_interrupt>
       c:	0c 94 f6 01 	jmp	0x3ec	; 0x3ec <__bad_interrupt>
      10:	0c 94 f6 01 	jmp	0x3ec	; 0x3ec <__bad_interrupt>
      14:	0c 94 f6 01 	jmp	0x3ec	; 0x3ec <__bad_interrupt>
      18:	0c 94 f6 01 	jmp	0x3ec	; 0x3ec <__bad_interrupt>
      1c:	0c 94 f6 01 	jmp	0x3ec	; 0x3ec <__bad_interrupt>
      20:	0c 94 f6 01 	jmp	0x3ec	; 0x3ec <__bad_interrupt>
      24:	0c 94 f6 01 	jmp	0x3ec	; 0x3ec <__bad_interrupt>
      28:	0c 94 f6 01 	jmp	0x3ec	; 0x3ec <__bad_interrupt>
      2c:	0c 94 f6 01 	jmp	0x3ec	; 0x3ec <__bad_interrupt>
      30:	0c 94 f6 01 	jmp	0x3ec	; 0x3ec <__bad_interrupt>
      34:	0c 94 f6 01 	jmp	0x3ec	; 0x3ec <__bad_interrupt>
      38:	0c 94 f6 01 	jmp	0x3ec	; 0x3ec <__bad_interrupt>
      3c:	0c 94 f6 01 	jmp	0x3ec	; 0x3ec <__bad_interrupt>
      40:	0c 94 3e 02 	jmp	0x47c	; 0x47c <__vector_16>
      44:	0c 94 f6 01 	jmp	0x3ec	; 0x3ec <__bad_interrupt>
      48:	0c 94 f6 01 	jmp	0x3ec	; 0x3ec <__bad_interrupt>
      4c:	0c 94 f6 01 	jmp	0x3ec	; 0x3ec <__bad_interrupt>
      50:	0c 94 f6 01 	jmp	0x3ec	; 0x3ec <__bad_interrupt>
      54:	0c 94 f6 01 	jmp	0x3ec	; 0x3ec <__bad_interrupt>
      58:	0c 94 f6 01 	jmp	0x3ec	; 0x3ec <__bad_interrupt>
      5c:	0c 94 f6 01 	jmp	0x3ec	; 0x3ec <__bad_interrupt>
      60:	0c 94 f6 01 	jmp	0x3ec	; 0x3ec <__bad_interrupt>
      64:	0c 94 f6 01 	jmp	0x3ec	; 0x3ec <__bad_interrupt>
      68:	0c 94 f6 01 	jmp	0x3ec	; 0x3ec <__bad_interrupt>
      6c:	0c 94 f6 01 	jmp	0x3ec	; 0x3ec <__bad_interrupt>
      70:	0c 94 f6 01 	jmp	0x3ec	; 0x3ec <__bad_interrupt>
      74:	0c 94 f6 01 	jmp	0x3ec	; 0x3ec <__bad_interrupt>
      78:	0c 94 f6 01 	jmp	0x3ec	; 0x3ec <__bad_interrupt>
      7c:	4d 04       	cpc	r4, r13
      7e:	9d 04       	cpc	r9, r13
      80:	84 05       	cpc	r24, r4
      82:	dd 05       	cpc	r29, r13
      84:	2f 06       	cpc	r2, r31
      86:	15 04       	cpc	r1, r5
      88:	fd 07       	cpc	r31, r29
      8a:	56 08       	sbc	r5, r6
      8c:	ae 08       	sbc	r10, r14
      8e:	0f 09       	sbc	r16, r15
      90:	68 09       	sbc	r22, r8
      92:	c1 09       	sbc	r28, r1
      94:	15 04       	cpc	r1, r5
      96:	6f 0b       	sbc	r22, r31
      98:	ca 0b       	sbc	r28, r26
      9a:	ec 0b       	sbc	r30, r28
      9c:	05 a8       	ldd	r0, Z+53	; 0x35
      9e:	4c cd       	rjmp	.-1384   	; 0xfffffb38 <__eeprom_end+0xff7efb38>
      a0:	b2 d4       	rcall	.+2404   	; 0xa06 <__stack+0x107>
      a2:	4e b9       	out	0x0e, r20	; 14
      a4:	38 36       	cpi	r19, 0x68	; 104
      a6:	a9 02       	muls	r26, r25
      a8:	0c 50       	subi	r16, 0x0C	; 12
      aa:	b9 91       	ld	r27, Y+
      ac:	86 88       	ldd	r8, Z+22	; 0x16
      ae:	08 3c       	cpi	r16, 0xC8	; 200
      b0:	a6 aa       	std	Z+54, r10	; 0x36
      b2:	aa 2a       	or	r10, r26
      b4:	be 00       	.word	0x00be	; ????
      b6:	00 00       	nop
      b8:	80 3f       	cpi	r24, 0xF0	; 240
      ba:	08 00       	.word	0x0008	; ????
      bc:	00 00       	nop
      be:	be 92       	st	-X, r11
      c0:	24 49       	sbci	r18, 0x94	; 148
      c2:	12 3e       	cpi	r17, 0xE2	; 226
      c4:	ab aa       	std	Y+51, r10	; 0x33
      c6:	aa 2a       	or	r10, r26
      c8:	be cd       	rjmp	.-1156   	; 0xfffffc46 <__eeprom_end+0xff7efc46>
      ca:	cc cc       	rjmp	.-1640   	; 0xfffffa64 <__eeprom_end+0xff7efa64>
      cc:	4c 3e       	cpi	r20, 0xEC	; 236
      ce:	00 00       	nop
      d0:	00 80       	ld	r0, Z
      d2:	be ab       	std	Y+54, r27	; 0x36
      d4:	aa aa       	std	Y+50, r10	; 0x32
      d6:	aa 3e       	cpi	r26, 0xEA	; 234
      d8:	00 00       	nop
      da:	00 00       	nop
      dc:	bf 00       	.word	0x00bf	; ????
      de:	00 00       	nop
      e0:	80 3f       	cpi	r24, 0xF0	; 240
      e2:	00 00       	nop
      e4:	00 00       	nop
      e6:	00 08       	sbc	r0, r0
      e8:	41 78       	andi	r20, 0x81	; 129
      ea:	d3 bb       	out	0x13, r29	; 19
      ec:	43 87       	std	Z+11, r20	; 0x0b
      ee:	d1 13       	cpse	r29, r17
      f0:	3d 19       	sub	r19, r13
      f2:	0e 3c       	cpi	r16, 0xCE	; 206
      f4:	c3 bd       	out	0x23, r28	; 35
      f6:	42 82       	std	Z+2, r4	; 0x02
      f8:	ad 2b       	or	r26, r29
      fa:	3e 68       	ori	r19, 0x8E	; 142
      fc:	ec 82       	std	Y+4, r14	; 0x04
      fe:	76 be       	out	0x36, r7	; 54
     100:	d9 8f       	std	Y+25, r29	; 0x19
     102:	e1 a9       	ldd	r30, Z+49	; 0x31
     104:	3e 4c       	sbci	r19, 0xCE	; 206
     106:	80 ef       	ldi	r24, 0xF0	; 240
     108:	ff be       	out	0x3f, r15	; 63
     10a:	01 c4       	rjmp	.+2050   	; 0x90e <__stack+0xf>
     10c:	ff 7f       	andi	r31, 0xFF	; 255
     10e:	3f 00       	.word	0x003f	; ????
     110:	00 00       	nop
     112:	00 00       	nop
     114:	06 64       	ori	r16, 0x46	; 70
     116:	ec 1b       	sub	r30, r28
     118:	3c 04       	cpc	r3, r12
     11a:	bc 16       	cp	r11, r28
     11c:	3e 3b       	cpi	r19, 0xBE	; 190
     11e:	e5 b9       	out	0x05, r30	; 5
     120:	3c c9       	rjmp	.-3464   	; 0xfffff39a <__eeprom_end+0xff7ef39a>
     122:	3c 37       	cpi	r19, 0x7C	; 124
     124:	c2 9e       	mul	r12, r18
     126:	5a 3d       	cpi	r21, 0xDA	; 218
     128:	66 04       	cpc	r6, r6
     12a:	98 08       	sbc	r9, r8
     12c:	3e ea       	ldi	r19, 0xAE	; 174
     12e:	69 aa       	std	Y+49, r6	; 0x31
     130:	aa 3e       	cpi	r26, 0xEA	; 234
     132:	00 00       	nop
     134:	00 80       	ld	r0, Z
     136:	3f 07       	cpc	r19, r31
     138:	63 42       	sbci	r22, 0x23	; 35
     13a:	36 b7       	in	r19, 0x36	; 54
     13c:	9b d8       	rcall	.-3786   	; 0xfffff274 <__eeprom_end+0xff7ef274>
     13e:	a7 1a       	sub	r10, r23
     140:	39 68       	ori	r19, 0x89	; 137
     142:	56 18       	sub	r5, r6
     144:	ae ba       	out	0x1e, r10	; 30
     146:	ab 55       	subi	r26, 0x5B	; 91
     148:	8c 1d       	adc	r24, r12
     14a:	3c b7       	in	r19, 0x3c	; 60
     14c:	cc 57       	subi	r28, 0x7C	; 124
     14e:	63 bd       	out	0x23, r22	; 35
     150:	6d ed       	ldi	r22, 0xDD	; 221
     152:	fd 75       	andi	r31, 0x5D	; 93
     154:	3e f6       	brtc	.-114    	; 0xe4 <__SREG__+0xa5>
     156:	17 72       	andi	r17, 0x27	; 39
     158:	31 bf       	out	0x31, r19	; 49
     15a:	00 00       	nop
     15c:	00 80       	ld	r0, Z
     15e:	3f 00       	.word	0x003f	; ????

00000160 <__trampolines_end>:
     160:	4e 41       	sbci	r20, 0x1E	; 30
     162:	4e 49       	Address 0x00000162 is out of bounds.
.word	0xffff	; ????

00000163 <pstr_inity>:
     163:	49 4e 49 54 59                                      INITY

00000168 <pstr_inf>:
     168:	49 4e 46                                            INF

0000016b <pwr_m10>:
     16b:	cd cc cc 3d 0a d7 23 3c 17 b7 d1 38 77 cc 2b 32     ...=..#<...8w.+2
     17b:	95 95 e6 24 1f b1 4f 0a                             ...$..O.

00000183 <pwr_p10>:
     183:	00 00 20 41 00 00 c8 42 00 40 1c 46 20 bc be 4c     .. A...B.@.F ..L
     193:	ca 1b 0e 5a ae c5 9d 74 00 40 7a 10 f3 5a 00 a0     ...Z...t.@z..Z..
     1a3:	72 4e 18 09 00 10 a5 d4 e8 00 00 e8 76 48 17 00     rN..........vH..
     1b3:	00 e4 0b 54 02 00 00 ca 9a 3b 00 00 00 e1 f5 05     ...T.....;......
     1c3:	00 00 80 96 98 00 00 00 40 42 0f 00 00 00 a0 86     ........@B......
     1d3:	01 00 00 00 10 27 00 00 00 00 e8 03 00 00 00 00     .....'..........
     1e3:	64 00 00 00 00 00 0a 00 00 00 00 00 01 00 00 00     d...............
     1f3:	00 00 2c 76 d8 88 dc 67 4f 08 23 df c1 df ae 59     ..,v...gO.#....Y
     203:	e1 b1 b7 96 e5 e3 e4 53 c6 3a e6 51 99 76 96 e8     .......S.:.Q.v..
     213:	e6 c2 84 26 eb 89 8c 9b 62 ed 40 7c 6f fc ef bc     ...&....b.@|o...
     223:	9c 9f 40 f2 ba a5 6f a5 f4 90 05 5a 2a f7 5c 93     ..@...o....Z*.\.
     233:	6b 6c f9 67 6d c1 1b fc e0 e4 0d 47 fe f5 20 e6     kl.gm......G.. .
     243:	b5 00 d0 ed 90 2e 03 00 94 35 77 05 00 80 84 1e     .........5w.....
     253:	08 00 00 20 4e 0a 00 00 00 c8 0c 33 33 33 33 0f     ... N......3333.
     263:	98 6e 12 83 11 41 ef 8d 21 14 89 3b e6 55 16 cf     .n...A..!..;.U..
     273:	fe e6 db 18 d1 84 4b 38 1b f7 7c 1d 90 1d a4 bb     ......K8..|.....
     283:	e4 24 20 32 84 72 5e 22 81 00 c9 f1 24 ec a1 e5     .$ 2.r^"....$...
     293:	3d 27                                               ='

00000295 <font>:
     295:	00 00 00 00 00 3e 51 49 45 3e 00 42 7f 40 00 42     .....>QIE>.B.@.B
     2a5:	61 51 49 46 21 41 45 4b 31 18 14 12 7f 10 27 45     aQIF!AEK1.....'E
     2b5:	45 45 39 3c 4a 49 49 30 01 71 09 05 03 36 49 49     EE9<JII0.q...6II
     2c5:	49 36 06 49 49 29 1e 7e 11 11 11 7e 7f 49 49 49     I6.II).~...~.III
     2d5:	36 3e 41 41 41 22 7f 41 41 22 1c 7f 49 49 49 41     6>AAA".AA"..IIIA
     2e5:	7f 09 09 09 01 3e 41 49 49 7a 7f 08 08 08 7f 00     .....>AIIz......
     2f5:	41 7f 41 00 20 40 41 3f 01 7f 08 14 22 41 7f 40     A.A. @A?...."A.@
     305:	40 40 40 7f 02 0c 02 7f 7f 04 08 10 7f 3e 41 41     @@@..........>AA
     315:	41 3e 7f 09 09 09 06 3e 41 51 21 5e 7f 09 19 29     A>.....>AQ!^...)
     325:	46 46 49 49 49 31 01 01 7f 01 01 3f 40 40 40 3f     FFIII1.....?@@@?
     335:	1f 20 40 20 1f 3f 40 38 40 3f 63 14 08 14 63 07     . @ .?@8@?c...c.
     345:	08 70 08 07 61 51 49 45 43 08 08 3e 08 08 08 08     .p..aQIEC..>....
     355:	08 08 08 14 08 3e 08 14 00 36 36 00 00 00 60 60     .....>...66...``
     365:	00 00 14 14 14 14 14 00 36 36 00 00 04 02 01 02     ........66......
     375:	04 3e 41 41 22 18 48 54 54 54 24 00 44 7d 40 00     .>AA".HTTT$.D}@.
     385:	7c 08 04 04 78 38 44 44 44 20 38 44 44 44 38 04     |...x8DDD 8DDD8.
     395:	3f 44 40 20 20 54 54 54 78 00 1c 22 41 00 00 41     ?D@  TTTx.."A..A
     3a5:	22 1c 00 00 41 7f 40 00 0c 52 52 52 3e              "...A.@..RRR>

000003b2 <__ctors_end>:
     3b2:	11 24       	eor	r1, r1
     3b4:	1f be       	out	0x3f, r1	; 63
     3b6:	cf ef       	ldi	r28, 0xFF	; 255
     3b8:	d8 e0       	ldi	r29, 0x08	; 8
     3ba:	de bf       	out	0x3e, r29	; 62
     3bc:	cd bf       	out	0x3d, r28	; 61

000003be <__do_copy_data>:
     3be:	12 e0       	ldi	r17, 0x02	; 2
     3c0:	a0 e0       	ldi	r26, 0x00	; 0
     3c2:	b1 e0       	ldi	r27, 0x01	; 1
     3c4:	e8 e7       	ldi	r30, 0x78	; 120
     3c6:	fa e3       	ldi	r31, 0x3A	; 58
     3c8:	02 c0       	rjmp	.+4      	; 0x3ce <__do_copy_data+0x10>
     3ca:	05 90       	lpm	r0, Z+
     3cc:	0d 92       	st	X+, r0
     3ce:	aa 38       	cpi	r26, 0x8A	; 138
     3d0:	b1 07       	cpc	r27, r17
     3d2:	d9 f7       	brne	.-10     	; 0x3ca <__do_copy_data+0xc>

000003d4 <__do_clear_bss>:
     3d4:	22 e0       	ldi	r18, 0x02	; 2
     3d6:	aa e8       	ldi	r26, 0x8A	; 138
     3d8:	b2 e0       	ldi	r27, 0x02	; 2
     3da:	01 c0       	rjmp	.+2      	; 0x3de <.do_clear_bss_start>

000003dc <.do_clear_bss_loop>:
     3dc:	1d 92       	st	X+, r1

000003de <.do_clear_bss_start>:
     3de:	a2 39       	cpi	r26, 0x92	; 146
     3e0:	b2 07       	cpc	r27, r18
     3e2:	e1 f7       	brne	.-8      	; 0x3dc <.do_clear_bss_loop>
     3e4:	0e 94 8c 03 	call	0x718	; 0x718 <main>
     3e8:	0c 94 3a 1d 	jmp	0x3a74	; 0x3a74 <_exit>

000003ec <__bad_interrupt>:
     3ec:	0c 94 00 00 	jmp	0	; 0x0 <__vectors>

000003f0 <i2c_init>:
#include "i2c.h"

void i2c_init(void) { TWBR = 32; }
     3f0:	80 e2       	ldi	r24, 0x20	; 32
     3f2:	80 93 b8 00 	sts	0x00B8, r24	; 0x8000b8 <__TEXT_REGION_LENGTH__+0x7f80b8>
     3f6:	08 95       	ret

000003f8 <i2c_start>:
void i2c_start(void) { TWCR = (1<<TWINT) | (1<<TWSTA) | (1<<TWEN);
     3f8:	84 ea       	ldi	r24, 0xA4	; 164
     3fa:	80 93 bc 00 	sts	0x00BC, r24	; 0x8000bc <__TEXT_REGION_LENGTH__+0x7f80bc>
uint16_t t = 1000; while (!(TWCR & (1<<TWINT)) && t--); }
     3fe:	88 ee       	ldi	r24, 0xE8	; 232
     400:	93 e0       	ldi	r25, 0x03	; 3
     402:	01 c0       	rjmp	.+2      	; 0x406 <__EEPROM_REGION_LENGTH__+0x6>
     404:	c9 01       	movw	r24, r18
     406:	20 91 bc 00 	lds	r18, 0x00BC	; 0x8000bc <__TEXT_REGION_LENGTH__+0x7f80bc>
     40a:	22 23       	and	r18, r18
     40c:	2c f0       	brlt	.+10     	; 0x418 <__EEPROM_REGION_LENGTH__+0x18>
     40e:	9c 01       	movw	r18, r24
     410:	21 50       	subi	r18, 0x01	; 1
     412:	31 09       	sbc	r19, r1
     414:	89 2b       	or	r24, r25
     416:	b1 f7       	brne	.-20     	; 0x404 <__EEPROM_REGION_LENGTH__+0x4>
     418:	08 95       	ret

0000041a <i2c_stop>:
void i2c_stop(void) { TWCR = (1<<TWINT) | (1<<TWSTO) | (1<<TWEN); }
     41a:	84 e9       	ldi	r24, 0x94	; 148
     41c:	80 93 bc 00 	sts	0x00BC, r24	; 0x8000bc <__TEXT_REGION_LENGTH__+0x7f80bc>
     420:	08 95       	ret

00000422 <i2c_write>:
void i2c_write(uint8_t d) { TWDR = d; TWCR = (1<<TWINT) | (1<<TWEN);
     422:	80 93 bb 00 	sts	0x00BB, r24	; 0x8000bb <__TEXT_REGION_LENGTH__+0x7f80bb>
     426:	84 e8       	ldi	r24, 0x84	; 132
     428:	80 93 bc 00 	sts	0x00BC, r24	; 0x8000bc <__TEXT_REGION_LENGTH__+0x7f80bc>
     42c:	88 ee       	ldi	r24, 0xE8	; 232
     42e:	93 e0       	ldi	r25, 0x03	; 3
     430:	01 c0       	rjmp	.+2      	; 0x434 <i2c_write+0x12>
     432:	c9 01       	movw	r24, r18
     434:	20 91 bc 00 	lds	r18, 0x00BC	; 0x8000bc <__TEXT_REGION_LENGTH__+0x7f80bc>
     438:	22 23       	and	r18, r18
     43a:	2c f0       	brlt	.+10     	; 0x446 <i2c_write+0x24>
     43c:	9c 01       	movw	r18, r24
     43e:	21 50       	subi	r18, 0x01	; 1
     440:	31 09       	sbc	r19, r1
     442:	89 2b       	or	r24, r25
     444:	b1 f7       	brne	.-20     	; 0x432 <i2c_write+0x10>
     446:	08 95       	ret

00000448 <keypad_init>:
	{'4', '5', '6', '7'},
	{'0', '1', '2', '3'}
};

void keypad_init(void) {
	DDRA = 0x0F; PORTA = 0xFF; // Ma tr?n 4x4
     448:	8f e0       	ldi	r24, 0x0F	; 15
     44a:	81 b9       	out	0x01, r24	; 1
     44c:	8f ef       	ldi	r24, 0xFF	; 255
     44e:	82 b9       	out	0x02, r24	; 2
	
	// Kh?i t?o các nút ph? trên PORTB (Thêm PB1 cho nút DEL)
	DDRB &= ~((1 << PB2) | (1 << PB1) | (1 << PB0) | (1 << PB3)); // Thêm PB3
     450:	84 b1       	in	r24, 0x04	; 4
     452:	80 7f       	andi	r24, 0xF0	; 240
     454:	84 b9       	out	0x04, r24	; 4
	PORTB |= (1 << PB2) | (1 << PB1) | (1 << PB0) | (1 << PB3);
     456:	85 b1       	in	r24, 0x05	; 5
     458:	8f 60       	ori	r24, 0x0F	; 15
     45a:	85 b9       	out	0x05, r24	; 5
	
	// Kh?i t?o các nút ph? trên PORTD
	DDRD &= ~((1 << PD1) | (1 << PD3)); PORTD |= (1 << PD1) | (1 << PD3);
     45c:	8a b1       	in	r24, 0x0a	; 10
     45e:	85 7f       	andi	r24, 0xF5	; 245
     460:	8a b9       	out	0x0a, r24	; 10
     462:	8b b1       	in	r24, 0x0b	; 11
     464:	8a 60       	ori	r24, 0x0A	; 10
     466:	8b b9       	out	0x0b, r24	; 11
     468:	08 95       	ret

0000046a <timer0_init>:
}

void timer0_init(void) {
	TCCR0A = (1 << WGM01);
     46a:	82 e0       	ldi	r24, 0x02	; 2
     46c:	84 bd       	out	0x24, r24	; 36
	TCCR0B = (1 << CS02) | (1 << CS00);
     46e:	95 e0       	ldi	r25, 0x05	; 5
     470:	95 bd       	out	0x25, r25	; 37
	OCR0A = 77;
     472:	9d e4       	ldi	r25, 0x4D	; 77
     474:	97 bd       	out	0x27, r25	; 39
	TIMSK0 = (1 << OCIE0A);
     476:	80 93 6e 00 	sts	0x006E, r24	; 0x80006e <__TEXT_REGION_LENGTH__+0x7f806e>
     47a:	08 95       	ret

0000047c <__vector_16>:
}

ISR(TIMER0_COMPA_vect) {
     47c:	1f 92       	push	r1
     47e:	0f 92       	push	r0
     480:	0f b6       	in	r0, 0x3f	; 63
     482:	0f 92       	push	r0
     484:	11 24       	eor	r1, r1
     486:	2f 93       	push	r18
     488:	3f 93       	push	r19
     48a:	4f 93       	push	r20
     48c:	5f 93       	push	r21
     48e:	6f 93       	push	r22
     490:	7f 93       	push	r23
     492:	8f 93       	push	r24
     494:	9f 93       	push	r25
     496:	af 93       	push	r26
     498:	bf 93       	push	r27
     49a:	ef 93       	push	r30
     49c:	ff 93       	push	r31
	char detected_key = 0;
	
	// Quét các nút b?m ngoài
	if (!(PINB & (1 << PB2))) detected_key = 'C';      // Nút AC
     49e:	1a 9b       	sbis	0x03, 2	; 3
     4a0:	40 c0       	rjmp	.+128    	; 0x522 <__vector_16+0xa6>
	else if (!(PINB & (1 << PB1))) detected_key = 'D'; // Nút DEL (?ã thêm PB1)
     4a2:	19 9b       	sbis	0x03, 1	; 3
     4a4:	40 c0       	rjmp	.+128    	; 0x526 <__vector_16+0xaa>
	else if (!(PINB & (1 << PB3))) detected_key = 'i';
     4a6:	1b 9b       	sbis	0x03, 3	; 3
     4a8:	40 c0       	rjmp	.+128    	; 0x52a <__vector_16+0xae>
	else if (!(PINB & (1 << PB0))) detected_key = 'q'; // Nút Sqrt
     4aa:	18 9b       	sbis	0x03, 0	; 3
     4ac:	40 c0       	rjmp	.+128    	; 0x52e <__vector_16+0xb2>
	else if (!(PIND & (1 << PD1))) detected_key = '^'; // Nút M?
     4ae:	49 9b       	sbis	0x09, 1	; 9
     4b0:	40 c0       	rjmp	.+128    	; 0x532 <__vector_16+0xb6>
	else if (!(PIND & (1 << PD3))) detected_key = 'H'; // Nút Shift
     4b2:	4b 9b       	sbis	0x09, 3	; 9
     4b4:	40 c0       	rjmp	.+128    	; 0x536 <__vector_16+0xba>
     4b6:	e0 e0       	ldi	r30, 0x00	; 0
     4b8:	f0 e0       	ldi	r31, 0x00	; 0
     4ba:	80 e0       	ldi	r24, 0x00	; 0
     4bc:	2e c0       	rjmp	.+92     	; 0x51a <__vector_16+0x9e>
	else {
		// Quét ma tr?n 4x4
		for (int r = 0; r < 4; r++) {
			PORTA = 0xFF & ~(1 << r);
     4be:	21 e0       	ldi	r18, 0x01	; 1
     4c0:	30 e0       	ldi	r19, 0x00	; 0
     4c2:	0e 2e       	mov	r0, r30
     4c4:	02 c0       	rjmp	.+4      	; 0x4ca <__vector_16+0x4e>
     4c6:	22 0f       	add	r18, r18
     4c8:	33 1f       	adc	r19, r19
     4ca:	0a 94       	dec	r0
     4cc:	e2 f7       	brpl	.-8      	; 0x4c6 <__vector_16+0x4a>
     4ce:	20 95       	com	r18
     4d0:	22 b9       	out	0x02, r18	; 2
			asm volatile ("nop");
     4d2:	00 00       	nop
			for (int c = 0; c < 4; c++) {
     4d4:	40 e0       	ldi	r20, 0x00	; 0
     4d6:	50 e0       	ldi	r21, 0x00	; 0
     4d8:	1a c0       	rjmp	.+52     	; 0x50e <__vector_16+0x92>
				if (!(PINA & (1 << (c + 4)))) {
     4da:	20 b1       	in	r18, 0x00	; 0
     4dc:	30 e0       	ldi	r19, 0x00	; 0
     4de:	ba 01       	movw	r22, r20
     4e0:	6c 5f       	subi	r22, 0xFC	; 252
     4e2:	7f 4f       	sbci	r23, 0xFF	; 255
     4e4:	02 c0       	rjmp	.+4      	; 0x4ea <__vector_16+0x6e>
     4e6:	35 95       	asr	r19
     4e8:	27 95       	ror	r18
     4ea:	6a 95       	dec	r22
     4ec:	e2 f7       	brpl	.-8      	; 0x4e6 <__vector_16+0x6a>
     4ee:	20 fd       	sbrc	r18, 0
     4f0:	0c c0       	rjmp	.+24     	; 0x50a <__vector_16+0x8e>
					detected_key = keys[r][c];
     4f2:	cf 01       	movw	r24, r30
     4f4:	88 0f       	add	r24, r24
     4f6:	99 1f       	adc	r25, r25
     4f8:	88 0f       	add	r24, r24
     4fa:	99 1f       	adc	r25, r25
     4fc:	83 5e       	subi	r24, 0xE3	; 227
     4fe:	9e 4f       	sbci	r25, 0xFE	; 254
     500:	dc 01       	movw	r26, r24
     502:	a4 0f       	add	r26, r20
     504:	b5 1f       	adc	r27, r21
     506:	8c 91       	ld	r24, X
					break;
     508:	05 c0       	rjmp	.+10     	; 0x514 <__vector_16+0x98>
	else {
		// Quét ma tr?n 4x4
		for (int r = 0; r < 4; r++) {
			PORTA = 0xFF & ~(1 << r);
			asm volatile ("nop");
			for (int c = 0; c < 4; c++) {
     50a:	4f 5f       	subi	r20, 0xFF	; 255
     50c:	5f 4f       	sbci	r21, 0xFF	; 255
     50e:	44 30       	cpi	r20, 0x04	; 4
     510:	51 05       	cpc	r21, r1
     512:	1c f3       	brlt	.-58     	; 0x4da <__vector_16+0x5e>
				if (!(PINA & (1 << (c + 4)))) {
					detected_key = keys[r][c];
					break;
				}
			}
			if (detected_key) break;
     514:	81 11       	cpse	r24, r1
     516:	10 c0       	rjmp	.+32     	; 0x538 <__vector_16+0xbc>
	else if (!(PINB & (1 << PB0))) detected_key = 'q'; // Nút Sqrt
	else if (!(PIND & (1 << PD1))) detected_key = '^'; // Nút M?
	else if (!(PIND & (1 << PD3))) detected_key = 'H'; // Nút Shift
	else {
		// Quét ma tr?n 4x4
		for (int r = 0; r < 4; r++) {
     518:	31 96       	adiw	r30, 0x01	; 1
     51a:	e4 30       	cpi	r30, 0x04	; 4
     51c:	f1 05       	cpc	r31, r1
     51e:	7c f2       	brlt	.-98     	; 0x4be <__vector_16+0x42>
     520:	0b c0       	rjmp	.+22     	; 0x538 <__vector_16+0xbc>

ISR(TIMER0_COMPA_vect) {
	char detected_key = 0;
	
	// Quét các nút b?m ngoài
	if (!(PINB & (1 << PB2))) detected_key = 'C';      // Nút AC
     522:	83 e4       	ldi	r24, 0x43	; 67
     524:	09 c0       	rjmp	.+18     	; 0x538 <__vector_16+0xbc>
	else if (!(PINB & (1 << PB1))) detected_key = 'D'; // Nút DEL (?ã thêm PB1)
     526:	84 e4       	ldi	r24, 0x44	; 68
     528:	07 c0       	rjmp	.+14     	; 0x538 <__vector_16+0xbc>
	else if (!(PINB & (1 << PB3))) detected_key = 'i';
     52a:	89 e6       	ldi	r24, 0x69	; 105
     52c:	05 c0       	rjmp	.+10     	; 0x538 <__vector_16+0xbc>
	else if (!(PINB & (1 << PB0))) detected_key = 'q'; // Nút Sqrt
     52e:	81 e7       	ldi	r24, 0x71	; 113
     530:	03 c0       	rjmp	.+6      	; 0x538 <__vector_16+0xbc>
	else if (!(PIND & (1 << PD1))) detected_key = '^'; // Nút M?
     532:	8e e5       	ldi	r24, 0x5E	; 94
     534:	01 c0       	rjmp	.+2      	; 0x538 <__vector_16+0xbc>
	else if (!(PIND & (1 << PD3))) detected_key = 'H'; // Nút Shift
     536:	88 e4       	ldi	r24, 0x48	; 72
	// Logic ch?ng d?i phím (Debounce)
	static char last_key = 0;
	static uint8_t debounce_cnt = 0;
	static uint8_t key_released = 1;

	if (detected_key != 0) {
     538:	88 23       	and	r24, r24
     53a:	d1 f0       	breq	.+52     	; 0x570 <__vector_16+0xf4>
		if (detected_key == last_key) {
     53c:	90 91 8b 02 	lds	r25, 0x028B	; 0x80028b <last_key.2250>
     540:	89 13       	cpse	r24, r25
     542:	13 c0       	rjmp	.+38     	; 0x56a <__vector_16+0xee>
			debounce_cnt++;
     544:	90 91 8a 02 	lds	r25, 0x028A	; 0x80028a <__data_end>
     548:	9f 5f       	subi	r25, 0xFF	; 255
     54a:	90 93 8a 02 	sts	0x028A, r25	; 0x80028a <__data_end>
			if (debounce_cnt >= 3 && key_released) {
     54e:	93 30       	cpi	r25, 0x03	; 3
     550:	a0 f0       	brcs	.+40     	; 0x57a <__vector_16+0xfe>
     552:	90 91 00 01 	lds	r25, 0x0100	; 0x800100 <__DATA_REGION_ORIGIN__>
     556:	99 23       	and	r25, r25
     558:	81 f0       	breq	.+32     	; 0x57a <__vector_16+0xfe>
				current_key = detected_key;
     55a:	80 93 8c 02 	sts	0x028C, r24	; 0x80028c <current_key>
				flag_key_ready = 1;
     55e:	91 e0       	ldi	r25, 0x01	; 1
     560:	90 93 8d 02 	sts	0x028D, r25	; 0x80028d <flag_key_ready>
				key_released = 0;
     564:	10 92 00 01 	sts	0x0100, r1	; 0x800100 <__DATA_REGION_ORIGIN__>
     568:	08 c0       	rjmp	.+16     	; 0x57a <__vector_16+0xfe>
			}
			} else { debounce_cnt = 0; }
     56a:	10 92 8a 02 	sts	0x028A, r1	; 0x80028a <__data_end>
     56e:	05 c0       	rjmp	.+10     	; 0x57a <__vector_16+0xfe>
			} else {
			debounce_cnt = 0;
     570:	10 92 8a 02 	sts	0x028A, r1	; 0x80028a <__data_end>
			key_released = 1;
     574:	91 e0       	ldi	r25, 0x01	; 1
     576:	90 93 00 01 	sts	0x0100, r25	; 0x800100 <__DATA_REGION_ORIGIN__>
		}
		last_key = detected_key;
     57a:	80 93 8b 02 	sts	0x028B, r24	; 0x80028b <last_key.2250>
     57e:	ff 91       	pop	r31
     580:	ef 91       	pop	r30
     582:	bf 91       	pop	r27
     584:	af 91       	pop	r26
     586:	9f 91       	pop	r25
     588:	8f 91       	pop	r24
     58a:	7f 91       	pop	r23
     58c:	6f 91       	pop	r22
     58e:	5f 91       	pop	r21
     590:	4f 91       	pop	r20
     592:	3f 91       	pop	r19
     594:	2f 91       	pop	r18
     596:	0f 90       	pop	r0
     598:	0f be       	out	0x3f, r0	; 63
     59a:	0f 90       	pop	r0
     59c:	1f 90       	pop	r1
     59e:	18 95       	reti

000005a0 <parse_complex>:
	// Tr?ng thái S? Ph?c (CMPLX)
	STATE_CMPLX_Z1, STATE_CMPLX_OP, STATE_CMPLX_Z2, STATE_CMPLX_RESULT
} AppState_t;

// Hàm ph? tr? ?? bóc tách chu?i s? ph?c "A+Bi" thành ph?n th?c và ph?n ?o
void parse_complex(char* str, double* real_part, double* imag_part) {
     5a0:	af 92       	push	r10
     5a2:	bf 92       	push	r11
     5a4:	cf 92       	push	r12
     5a6:	df 92       	push	r13
     5a8:	ef 92       	push	r14
     5aa:	ff 92       	push	r15
     5ac:	0f 93       	push	r16
     5ae:	1f 93       	push	r17
     5b0:	cf 93       	push	r28
     5b2:	df 93       	push	r29
     5b4:	8c 01       	movw	r16, r24
     5b6:	6b 01       	movw	r12, r22
     5b8:	7a 01       	movw	r14, r20
	*real_part = 0; *imag_part = 0;
     5ba:	fb 01       	movw	r30, r22
     5bc:	10 82       	st	Z, r1
     5be:	11 82       	std	Z+1, r1	; 0x01
     5c0:	12 82       	std	Z+2, r1	; 0x02
     5c2:	13 82       	std	Z+3, r1	; 0x03
     5c4:	fa 01       	movw	r30, r20
     5c6:	10 82       	st	Z, r1
     5c8:	11 82       	std	Z+1, r1	; 0x01
     5ca:	12 82       	std	Z+2, r1	; 0x02
     5cc:	13 82       	std	Z+3, r1	; 0x03
	char* i_ptr = strchr(str, 'i');
     5ce:	69 e6       	ldi	r22, 0x69	; 105
     5d0:	70 e0       	ldi	r23, 0x00	; 0
     5d2:	0e 94 79 16 	call	0x2cf2	; 0x2cf2 <strchr>
	if (i_ptr != NULL) {
     5d6:	00 97       	sbiw	r24, 0x00	; 0
     5d8:	09 f4       	brne	.+2      	; 0x5dc <parse_complex+0x3c>
     5da:	86 c0       	rjmp	.+268    	; 0x6e8 <parse_complex+0x148>
		*i_ptr = '\0'; // Ng?t chu?i t?i ch? 'i'
     5dc:	fc 01       	movw	r30, r24
     5de:	10 82       	st	Z, r1
		char* plus_ptr = strchr(str + 1, '+');
     5e0:	6b e2       	ldi	r22, 0x2B	; 43
     5e2:	70 e0       	ldi	r23, 0x00	; 0
     5e4:	e8 01       	movw	r28, r16
     5e6:	21 96       	adiw	r28, 0x01	; 1
     5e8:	ce 01       	movw	r24, r28
     5ea:	0e 94 79 16 	call	0x2cf2	; 0x2cf2 <strchr>
     5ee:	5c 01       	movw	r10, r24
		char* minus_ptr = strchr(str + 1, '-');
     5f0:	6d e2       	ldi	r22, 0x2D	; 45
     5f2:	70 e0       	ldi	r23, 0x00	; 0
     5f4:	ce 01       	movw	r24, r28
     5f6:	0e 94 79 16 	call	0x2cf2	; 0x2cf2 <strchr>
     5fa:	ec 01       	movw	r28, r24
		
		if (plus_ptr) {
     5fc:	a1 14       	cp	r10, r1
     5fe:	b1 04       	cpc	r11, r1
     600:	39 f1       	breq	.+78     	; 0x650 <parse_complex+0xb0>
			*plus_ptr = '\0';
     602:	e5 01       	movw	r28, r10
     604:	19 92       	st	Y+, r1
			*real_part = atof(str);
     606:	c8 01       	movw	r24, r16
     608:	0e 94 6a 16 	call	0x2cd4	; 0x2cd4 <atof>
     60c:	f6 01       	movw	r30, r12
     60e:	60 83       	st	Z, r22
     610:	71 83       	std	Z+1, r23	; 0x01
     612:	82 83       	std	Z+2, r24	; 0x02
     614:	93 83       	std	Z+3, r25	; 0x03
			*imag_part = atof(plus_ptr + 1);
     616:	ce 01       	movw	r24, r28
     618:	0e 94 6a 16 	call	0x2cd4	; 0x2cd4 <atof>
     61c:	f7 01       	movw	r30, r14
     61e:	60 83       	st	Z, r22
     620:	71 83       	std	Z+1, r23	; 0x01
     622:	82 83       	std	Z+2, r24	; 0x02
     624:	93 83       	std	Z+3, r25	; 0x03
			if (*imag_part == 0 && *(plus_ptr+1) == '\0') *imag_part = 1; // Tr??ng h?p "3+i"
     626:	20 e0       	ldi	r18, 0x00	; 0
     628:	30 e0       	ldi	r19, 0x00	; 0
     62a:	a9 01       	movw	r20, r18
     62c:	0e 94 4a 12 	call	0x2494	; 0x2494 <__cmpsf2>
     630:	81 11       	cpse	r24, r1
     632:	67 c0       	rjmp	.+206    	; 0x702 <parse_complex+0x162>
     634:	f5 01       	movw	r30, r10
     636:	81 81       	ldd	r24, Z+1	; 0x01
     638:	81 11       	cpse	r24, r1
     63a:	63 c0       	rjmp	.+198    	; 0x702 <parse_complex+0x162>
     63c:	80 e0       	ldi	r24, 0x00	; 0
     63e:	90 e0       	ldi	r25, 0x00	; 0
     640:	a0 e8       	ldi	r26, 0x80	; 128
     642:	bf e3       	ldi	r27, 0x3F	; 63
     644:	f7 01       	movw	r30, r14
     646:	80 83       	st	Z, r24
     648:	91 83       	std	Z+1, r25	; 0x01
     64a:	a2 83       	std	Z+2, r26	; 0x02
     64c:	b3 83       	std	Z+3, r27	; 0x03
     64e:	59 c0       	rjmp	.+178    	; 0x702 <parse_complex+0x162>
			} else if (minus_ptr) {
     650:	00 97       	sbiw	r24, 0x00	; 0
     652:	41 f1       	breq	.+80     	; 0x6a4 <parse_complex+0x104>
			*minus_ptr = '\0';
     654:	fc 01       	movw	r30, r24
     656:	11 92       	st	Z+, r1
     658:	5f 01       	movw	r10, r30
			*real_part = atof(str);
     65a:	c8 01       	movw	r24, r16
     65c:	0e 94 6a 16 	call	0x2cd4	; 0x2cd4 <atof>
     660:	f6 01       	movw	r30, r12
     662:	60 83       	st	Z, r22
     664:	71 83       	std	Z+1, r23	; 0x01
     666:	82 83       	std	Z+2, r24	; 0x02
     668:	93 83       	std	Z+3, r25	; 0x03
			*imag_part = -atof(minus_ptr + 1);
     66a:	c5 01       	movw	r24, r10
     66c:	0e 94 6a 16 	call	0x2cd4	; 0x2cd4 <atof>
     670:	90 58       	subi	r25, 0x80	; 128
     672:	f7 01       	movw	r30, r14
     674:	60 83       	st	Z, r22
     676:	71 83       	std	Z+1, r23	; 0x01
     678:	82 83       	std	Z+2, r24	; 0x02
     67a:	93 83       	std	Z+3, r25	; 0x03
			if (*imag_part == 0 && *(minus_ptr+1) == '\0') *imag_part = -1; // Tr??ng h?p "3-i"
     67c:	20 e0       	ldi	r18, 0x00	; 0
     67e:	30 e0       	ldi	r19, 0x00	; 0
     680:	a9 01       	movw	r20, r18
     682:	0e 94 4a 12 	call	0x2494	; 0x2494 <__cmpsf2>
     686:	81 11       	cpse	r24, r1
     688:	3c c0       	rjmp	.+120    	; 0x702 <parse_complex+0x162>
     68a:	89 81       	ldd	r24, Y+1	; 0x01
     68c:	81 11       	cpse	r24, r1
     68e:	39 c0       	rjmp	.+114    	; 0x702 <parse_complex+0x162>
     690:	80 e0       	ldi	r24, 0x00	; 0
     692:	90 e0       	ldi	r25, 0x00	; 0
     694:	a0 e8       	ldi	r26, 0x80	; 128
     696:	bf eb       	ldi	r27, 0xBF	; 191
     698:	f7 01       	movw	r30, r14
     69a:	80 83       	st	Z, r24
     69c:	91 83       	std	Z+1, r25	; 0x01
     69e:	a2 83       	std	Z+2, r26	; 0x02
     6a0:	b3 83       	std	Z+3, r27	; 0x03
     6a2:	2f c0       	rjmp	.+94     	; 0x702 <parse_complex+0x162>
			} else {
			*real_part = 0;
     6a4:	f6 01       	movw	r30, r12
     6a6:	10 82       	st	Z, r1
     6a8:	11 82       	std	Z+1, r1	; 0x01
     6aa:	12 82       	std	Z+2, r1	; 0x02
     6ac:	13 82       	std	Z+3, r1	; 0x03
			*imag_part = atof(str);
     6ae:	c8 01       	movw	r24, r16
     6b0:	0e 94 6a 16 	call	0x2cd4	; 0x2cd4 <atof>
     6b4:	f7 01       	movw	r30, r14
     6b6:	60 83       	st	Z, r22
     6b8:	71 83       	std	Z+1, r23	; 0x01
     6ba:	82 83       	std	Z+2, r24	; 0x02
     6bc:	93 83       	std	Z+3, r25	; 0x03
			if (*imag_part == 0 && str[0] == '\0') *imag_part = 1; // Tr??ng h?p ch? gõ "i"
     6be:	20 e0       	ldi	r18, 0x00	; 0
     6c0:	30 e0       	ldi	r19, 0x00	; 0
     6c2:	a9 01       	movw	r20, r18
     6c4:	0e 94 4a 12 	call	0x2494	; 0x2494 <__cmpsf2>
     6c8:	81 11       	cpse	r24, r1
     6ca:	1b c0       	rjmp	.+54     	; 0x702 <parse_complex+0x162>
     6cc:	f8 01       	movw	r30, r16
     6ce:	80 81       	ld	r24, Z
     6d0:	81 11       	cpse	r24, r1
     6d2:	17 c0       	rjmp	.+46     	; 0x702 <parse_complex+0x162>
     6d4:	80 e0       	ldi	r24, 0x00	; 0
     6d6:	90 e0       	ldi	r25, 0x00	; 0
     6d8:	a0 e8       	ldi	r26, 0x80	; 128
     6da:	bf e3       	ldi	r27, 0x3F	; 63
     6dc:	f7 01       	movw	r30, r14
     6de:	80 83       	st	Z, r24
     6e0:	91 83       	std	Z+1, r25	; 0x01
     6e2:	a2 83       	std	Z+2, r26	; 0x02
     6e4:	b3 83       	std	Z+3, r27	; 0x03
     6e6:	0d c0       	rjmp	.+26     	; 0x702 <parse_complex+0x162>
		}
		} else {
		*real_part = atof(str);
     6e8:	c8 01       	movw	r24, r16
     6ea:	0e 94 6a 16 	call	0x2cd4	; 0x2cd4 <atof>
     6ee:	f6 01       	movw	r30, r12
     6f0:	60 83       	st	Z, r22
     6f2:	71 83       	std	Z+1, r23	; 0x01
     6f4:	82 83       	std	Z+2, r24	; 0x02
     6f6:	93 83       	std	Z+3, r25	; 0x03
		*imag_part = 0;
     6f8:	f7 01       	movw	r30, r14
     6fa:	10 82       	st	Z, r1
     6fc:	11 82       	std	Z+1, r1	; 0x01
     6fe:	12 82       	std	Z+2, r1	; 0x02
     700:	13 82       	std	Z+3, r1	; 0x03
	}
}
     702:	df 91       	pop	r29
     704:	cf 91       	pop	r28
     706:	1f 91       	pop	r17
     708:	0f 91       	pop	r16
     70a:	ff 90       	pop	r15
     70c:	ef 90       	pop	r14
     70e:	df 90       	pop	r13
     710:	cf 90       	pop	r12
     712:	bf 90       	pop	r11
     714:	af 90       	pop	r10
     716:	08 95       	ret

00000718 <main>:

int main(void) {
     718:	cf 93       	push	r28
     71a:	df 93       	push	r29
     71c:	cd b7       	in	r28, 0x3d	; 61
     71e:	de b7       	in	r29, 0x3e	; 62
     720:	cc 5b       	subi	r28, 0xBC	; 188
     722:	d1 09       	sbc	r29, r1
     724:	0f b6       	in	r0, 0x3f	; 63
     726:	f8 94       	cli
     728:	de bf       	out	0x3e, r29	; 62
     72a:	0f be       	out	0x3f, r0	; 63
     72c:	cd bf       	out	0x3d, r28	; 61
	oled_init();
     72e:	0e 94 a1 0e 	call	0x1d42	; 0x1d42 <oled_init>
	oled_clear();
     732:	0e 94 81 0f 	call	0x1f02	; 0x1f02 <oled_clear>
	keypad_init();
     736:	0e 94 24 02 	call	0x448	; 0x448 <keypad_init>
	timer0_init();
     73a:	0e 94 35 02 	call	0x46a	; 0x46a <timer0_init>
	sei();
     73e:	78 94       	sei

	AppState_t current_state = STATE_MENU;
	char buffer[64] = "";
     740:	1a 82       	std	Y+2, r1	; 0x02
     742:	19 82       	std	Y+1, r1	; 0x01
     744:	fe 01       	movw	r30, r28
     746:	33 96       	adiw	r30, 0x03	; 3
     748:	8e e3       	ldi	r24, 0x3E	; 62
     74a:	df 01       	movw	r26, r30
     74c:	1d 92       	st	X+, r1
     74e:	8a 95       	dec	r24
     750:	e9 f7       	brne	.-6      	; 0x74c <main+0x34>
	
	// Các bi?n dùng chung cho các Mode
	double a = 0, b = 0, c = 0;
	double a1 = 0, b1 = 0, c1 = 0, a2 = 0, b2 = 0, c2 = 0;
	char complex_op = 0;
	double real1 = 0, imag1 = 0, real2 = 0, imag2 = 0;
     752:	25 96       	adiw	r28, 0x05	; 5
     754:	1c ae       	std	Y+60, r1	; 0x3c
     756:	1d ae       	std	Y+61, r1	; 0x3d
     758:	1e ae       	std	Y+62, r1	; 0x3e
     75a:	1f ae       	std	Y+63, r1	; 0x3f
     75c:	25 97       	sbiw	r28, 0x05	; 5
     75e:	29 96       	adiw	r28, 0x09	; 9
     760:	1c ae       	std	Y+60, r1	; 0x3c
     762:	1d ae       	std	Y+61, r1	; 0x3d
     764:	1e ae       	std	Y+62, r1	; 0x3e
     766:	1f ae       	std	Y+63, r1	; 0x3f
     768:	29 97       	sbiw	r28, 0x09	; 9
     76a:	2d 96       	adiw	r28, 0x0d	; 13
     76c:	1c ae       	std	Y+60, r1	; 0x3c
     76e:	1d ae       	std	Y+61, r1	; 0x3d
     770:	1e ae       	std	Y+62, r1	; 0x3e
     772:	1f ae       	std	Y+63, r1	; 0x3f
     774:	2d 97       	sbiw	r28, 0x0d	; 13
     776:	61 96       	adiw	r28, 0x11	; 17
     778:	1c ae       	std	Y+60, r1	; 0x3c
     77a:	1d ae       	std	Y+61, r1	; 0x3d
     77c:	1e ae       	std	Y+62, r1	; 0x3e
     77e:	1f ae       	std	Y+63, r1	; 0x3f
     780:	61 97       	sbiw	r28, 0x11	; 17

	// Màn hình Menu
	// Màn hình Menu
	oled_print("CHOOSE MODE:", 0, 0);
     782:	40 e0       	ldi	r20, 0x00	; 0
     784:	60 e0       	ldi	r22, 0x00	; 0
     786:	8d e2       	ldi	r24, 0x2D	; 45
     788:	91 e0       	ldi	r25, 0x01	; 1
     78a:	0e 94 6b 0f 	call	0x1ed6	; 0x1ed6 <oled_print>
	oled_print("1. SCI CALC", 0, 2);
     78e:	42 e0       	ldi	r20, 0x02	; 2
     790:	60 e0       	ldi	r22, 0x00	; 0
     792:	8a e3       	ldi	r24, 0x3A	; 58
     794:	91 e0       	ldi	r25, 0x01	; 1
     796:	0e 94 6b 0f 	call	0x1ed6	; 0x1ed6 <oled_print>
	oled_print("2. PT BAC 2", 0, 3);
     79a:	43 e0       	ldi	r20, 0x03	; 3
     79c:	60 e0       	ldi	r22, 0x00	; 0
     79e:	86 e4       	ldi	r24, 0x46	; 70
     7a0:	91 e0       	ldi	r25, 0x01	; 1
     7a2:	0e 94 6b 0f 	call	0x1ed6	; 0x1ed6 <oled_print>
	oled_print("3. HPT 2 AN", 0, 4);
     7a6:	44 e0       	ldi	r20, 0x04	; 4
     7a8:	60 e0       	ldi	r22, 0x00	; 0
     7aa:	82 e5       	ldi	r24, 0x52	; 82
     7ac:	91 e0       	ldi	r25, 0x01	; 1
     7ae:	0e 94 6b 0f 	call	0x1ed6	; 0x1ed6 <oled_print>
	oled_print("4. SO PHUC", 0, 5);
     7b2:	45 e0       	ldi	r20, 0x05	; 5
     7b4:	60 e0       	ldi	r22, 0x00	; 0
     7b6:	8e e5       	ldi	r24, 0x5E	; 94
     7b8:	91 e0       	ldi	r25, 0x01	; 1
     7ba:	0e 94 6b 0f 	call	0x1ed6	; 0x1ed6 <oled_print>
	uint8_t shift_h = 0;
	
	// Các bi?n dùng chung cho các Mode
	double a = 0, b = 0, c = 0;
	double a1 = 0, b1 = 0, c1 = 0, a2 = 0, b2 = 0, c2 = 0;
	char complex_op = 0;
     7be:	a1 2c       	mov	r10, r1
	char buffer[64] = "";
	uint8_t shift_h = 0;
	
	// Các bi?n dùng chung cho các Mode
	double a = 0, b = 0, c = 0;
	double a1 = 0, b1 = 0, c1 = 0, a2 = 0, b2 = 0, c2 = 0;
     7c0:	cb 54       	subi	r28, 0x4B	; 75
     7c2:	df 4f       	sbci	r29, 0xFF	; 255
     7c4:	18 82       	st	Y, r1
     7c6:	19 82       	std	Y+1, r1	; 0x01
     7c8:	1a 82       	std	Y+2, r1	; 0x02
     7ca:	1b 82       	std	Y+3, r1	; 0x03
     7cc:	c5 5b       	subi	r28, 0xB5	; 181
     7ce:	d0 40       	sbci	r29, 0x00	; 0
     7d0:	cf 54       	subi	r28, 0x4F	; 79
     7d2:	df 4f       	sbci	r29, 0xFF	; 255
     7d4:	18 82       	st	Y, r1
     7d6:	19 82       	std	Y+1, r1	; 0x01
     7d8:	1a 82       	std	Y+2, r1	; 0x02
     7da:	1b 82       	std	Y+3, r1	; 0x03
     7dc:	c1 5b       	subi	r28, 0xB1	; 177
     7de:	d0 40       	sbci	r29, 0x00	; 0
     7e0:	c3 55       	subi	r28, 0x53	; 83
     7e2:	df 4f       	sbci	r29, 0xFF	; 255
     7e4:	18 82       	st	Y, r1
     7e6:	19 82       	std	Y+1, r1	; 0x01
     7e8:	1a 82       	std	Y+2, r1	; 0x02
     7ea:	1b 82       	std	Y+3, r1	; 0x03
     7ec:	cd 5a       	subi	r28, 0xAD	; 173
     7ee:	d0 40       	sbci	r29, 0x00	; 0
     7f0:	c7 55       	subi	r28, 0x57	; 87
     7f2:	df 4f       	sbci	r29, 0xFF	; 255
     7f4:	18 82       	st	Y, r1
     7f6:	19 82       	std	Y+1, r1	; 0x01
     7f8:	1a 82       	std	Y+2, r1	; 0x02
     7fa:	1b 82       	std	Y+3, r1	; 0x03
     7fc:	c9 5a       	subi	r28, 0xA9	; 169
     7fe:	d0 40       	sbci	r29, 0x00	; 0
     800:	cb 55       	subi	r28, 0x5B	; 91
     802:	df 4f       	sbci	r29, 0xFF	; 255
     804:	18 82       	st	Y, r1
     806:	19 82       	std	Y+1, r1	; 0x01
     808:	1a 82       	std	Y+2, r1	; 0x02
     80a:	1b 82       	std	Y+3, r1	; 0x03
     80c:	c5 5a       	subi	r28, 0xA5	; 165
     80e:	d0 40       	sbci	r29, 0x00	; 0
	AppState_t current_state = STATE_MENU;
	char buffer[64] = "";
	uint8_t shift_h = 0;
	
	// Các bi?n dùng chung cho các Mode
	double a = 0, b = 0, c = 0;
     810:	c1 2c       	mov	r12, r1
     812:	d1 2c       	mov	r13, r1
     814:	76 01       	movw	r14, r12
     816:	c3 56       	subi	r28, 0x63	; 99
     818:	df 4f       	sbci	r29, 0xFF	; 255
     81a:	c8 82       	st	Y, r12
     81c:	d9 82       	std	Y+1, r13	; 0x01
     81e:	ea 82       	std	Y+2, r14	; 0x02
     820:	fb 82       	std	Y+3, r15	; 0x03
     822:	cd 59       	subi	r28, 0x9D	; 157
     824:	d0 40       	sbci	r29, 0x00	; 0
	timer0_init();
	sei();

	AppState_t current_state = STATE_MENU;
	char buffer[64] = "";
	uint8_t shift_h = 0;
     826:	b1 2c       	mov	r11, r1
	oled_clear();
	keypad_init();
	timer0_init();
	sei();

	AppState_t current_state = STATE_MENU;
     828:	71 2c       	mov	r7, r1
	oled_print("2. PT BAC 2", 0, 3);
	oled_print("3. HPT 2 AN", 0, 4);
	oled_print("4. SO PHUC", 0, 5);

	while (1) {
		if (flag_key_ready) {
     82a:	80 91 8d 02 	lds	r24, 0x028D	; 0x80028d <flag_key_ready>
     82e:	88 23       	and	r24, r24
     830:	e1 f3       	breq	.-8      	; 0x82a <__DATA_REGION_LENGTH__+0x2a>
			char key = current_key;
     832:	10 91 8c 02 	lds	r17, 0x028C	; 0x80028c <current_key>
			flag_key_ready = 0;
     836:	10 92 8d 02 	sts	0x028D, r1	; 0x80028d <flag_key_ready>

			// Nút AC - Luôn quay v? Menu
			// Nút AC - Luôn quay v? Menu
			if (key == 'C') {
     83a:	13 34       	cpi	r17, 0x43	; 67
     83c:	21 f5       	brne	.+72     	; 0x886 <__DATA_REGION_LENGTH__+0x86>
				current_state = STATE_MENU;
				buffer[0] = '\0'; shift_h = 0;
     83e:	19 82       	std	Y+1, r1	; 0x01
				oled_clear();
     840:	0e 94 81 0f 	call	0x1f02	; 0x1f02 <oled_clear>
				oled_print("CHOOSE MODE:", 0, 0);
     844:	40 e0       	ldi	r20, 0x00	; 0
     846:	60 e0       	ldi	r22, 0x00	; 0
     848:	8d e2       	ldi	r24, 0x2D	; 45
     84a:	91 e0       	ldi	r25, 0x01	; 1
     84c:	0e 94 6b 0f 	call	0x1ed6	; 0x1ed6 <oled_print>
				oled_print("1. SCI CALC", 0, 2);
     850:	42 e0       	ldi	r20, 0x02	; 2
     852:	60 e0       	ldi	r22, 0x00	; 0
     854:	8a e3       	ldi	r24, 0x3A	; 58
     856:	91 e0       	ldi	r25, 0x01	; 1
     858:	0e 94 6b 0f 	call	0x1ed6	; 0x1ed6 <oled_print>
				oled_print("2. PT BAC 2", 0, 3);
     85c:	43 e0       	ldi	r20, 0x03	; 3
     85e:	60 e0       	ldi	r22, 0x00	; 0
     860:	86 e4       	ldi	r24, 0x46	; 70
     862:	91 e0       	ldi	r25, 0x01	; 1
     864:	0e 94 6b 0f 	call	0x1ed6	; 0x1ed6 <oled_print>
				oled_print("3. HPT 2 AN", 0, 4);
     868:	44 e0       	ldi	r20, 0x04	; 4
     86a:	60 e0       	ldi	r22, 0x00	; 0
     86c:	82 e5       	ldi	r24, 0x52	; 82
     86e:	91 e0       	ldi	r25, 0x01	; 1
     870:	0e 94 6b 0f 	call	0x1ed6	; 0x1ed6 <oled_print>
				oled_print("4. SO PHUC", 0, 5);
     874:	45 e0       	ldi	r20, 0x05	; 5
     876:	60 e0       	ldi	r22, 0x00	; 0
     878:	8e e5       	ldi	r24, 0x5E	; 94
     87a:	91 e0       	ldi	r25, 0x01	; 1
     87c:	0e 94 6b 0f 	call	0x1ed6	; 0x1ed6 <oled_print>

			// Nút AC - Luôn quay v? Menu
			// Nút AC - Luôn quay v? Menu
			if (key == 'C') {
				current_state = STATE_MENU;
				buffer[0] = '\0'; shift_h = 0;
     880:	b1 2c       	mov	r11, r1
			flag_key_ready = 0;

			// Nút AC - Luôn quay v? Menu
			// Nút AC - Luôn quay v? Menu
			if (key == 'C') {
				current_state = STATE_MENU;
     882:	71 2c       	mov	r7, r1
				oled_print("CHOOSE MODE:", 0, 0);
				oled_print("1. SCI CALC", 0, 2);
				oled_print("2. PT BAC 2", 0, 3);
				oled_print("3. HPT 2 AN", 0, 4);
				oled_print("4. SO PHUC", 0, 5);
				continue;
     884:	d2 cf       	rjmp	.-92     	; 0x82a <__DATA_REGION_LENGTH__+0x2a>
			}

			switch (current_state) {
     886:	87 2d       	mov	r24, r7
     888:	90 e0       	ldi	r25, 0x00	; 0
     88a:	80 31       	cpi	r24, 0x10	; 16
     88c:	91 05       	cpc	r25, r1
     88e:	68 f6       	brcc	.-102    	; 0x82a <__DATA_REGION_LENGTH__+0x2a>
     890:	fc 01       	movw	r30, r24
     892:	e2 5c       	subi	r30, 0xC2	; 194
     894:	ff 4f       	sbci	r31, 0xFF	; 255
     896:	0c 94 44 16 	jmp	0x2c88	; 0x2c88 <__tablejump2__>
				// ==========================================
				// TR?NG THÁI MENU
				// ==========================================
				case STATE_MENU:
				if (key == '1') {
     89a:	11 33       	cpi	r17, 0x31	; 49
     89c:	61 f4       	brne	.+24     	; 0x8b6 <__DATA_REGION_LENGTH__+0xb6>
					current_state = STATE_SCI_CALC; buffer[0] = '\0'; oled_clear();
     89e:	19 82       	std	Y+1, r1	; 0x01
     8a0:	0e 94 81 0f 	call	0x1f02	; 0x1f02 <oled_clear>
					oled_print("MODE 1: CALC", 0, 0);
     8a4:	40 e0       	ldi	r20, 0x00	; 0
     8a6:	60 e0       	ldi	r22, 0x00	; 0
     8a8:	89 e6       	ldi	r24, 0x69	; 105
     8aa:	91 e0       	ldi	r25, 0x01	; 1
     8ac:	0e 94 6b 0f 	call	0x1ed6	; 0x1ed6 <oled_print>
				// ==========================================
				// TR?NG THÁI MENU
				// ==========================================
				case STATE_MENU:
				if (key == '1') {
					current_state = STATE_SCI_CALC; buffer[0] = '\0'; oled_clear();
     8b0:	77 24       	eor	r7, r7
     8b2:	73 94       	inc	r7
     8b4:	ba cf       	rjmp	.-140    	; 0x82a <__DATA_REGION_LENGTH__+0x2a>
					oled_print("MODE 1: CALC", 0, 0);
					} else if (key == '2') {
     8b6:	12 33       	cpi	r17, 0x32	; 50
     8b8:	99 f4       	brne	.+38     	; 0x8e0 <__DATA_REGION_LENGTH__+0xe0>
					current_state = STATE_PT2_A; buffer[0] = '\0'; oled_clear();
     8ba:	19 82       	std	Y+1, r1	; 0x01
     8bc:	0e 94 81 0f 	call	0x1f02	; 0x1f02 <oled_clear>
					oled_print("PT: AX^2 + BX + C = 0", 0, 0); oled_print("A: ", 0, 2);
     8c0:	40 e0       	ldi	r20, 0x00	; 0
     8c2:	60 e0       	ldi	r22, 0x00	; 0
     8c4:	86 e7       	ldi	r24, 0x76	; 118
     8c6:	91 e0       	ldi	r25, 0x01	; 1
     8c8:	0e 94 6b 0f 	call	0x1ed6	; 0x1ed6 <oled_print>
     8cc:	42 e0       	ldi	r20, 0x02	; 2
     8ce:	60 e0       	ldi	r22, 0x00	; 0
     8d0:	8c e8       	ldi	r24, 0x8C	; 140
     8d2:	91 e0       	ldi	r25, 0x01	; 1
     8d4:	0e 94 6b 0f 	call	0x1ed6	; 0x1ed6 <oled_print>
				case STATE_MENU:
				if (key == '1') {
					current_state = STATE_SCI_CALC; buffer[0] = '\0'; oled_clear();
					oled_print("MODE 1: CALC", 0, 0);
					} else if (key == '2') {
					current_state = STATE_PT2_A; buffer[0] = '\0'; oled_clear();
     8d8:	68 94       	set
     8da:	77 24       	eor	r7, r7
     8dc:	71 f8       	bld	r7, 1
     8de:	a5 cf       	rjmp	.-182    	; 0x82a <__DATA_REGION_LENGTH__+0x2a>
					oled_print("PT: AX^2 + BX + C = 0", 0, 0); oled_print("A: ", 0, 2);
					} else if (key == '3') {
     8e0:	13 33       	cpi	r17, 0x33	; 51
     8e2:	a1 f4       	brne	.+40     	; 0x90c <__stack+0xd>
					current_state = STATE_HPT_A1; buffer[0] = '\0'; oled_clear();
     8e4:	19 82       	std	Y+1, r1	; 0x01
     8e6:	0e 94 81 0f 	call	0x1f02	; 0x1f02 <oled_clear>
					oled_print("HPT: A1X + B1Y = C1", 0, 0); oled_print("A1: ", 0, 2);
     8ea:	40 e0       	ldi	r20, 0x00	; 0
     8ec:	60 e0       	ldi	r22, 0x00	; 0
     8ee:	80 e9       	ldi	r24, 0x90	; 144
     8f0:	91 e0       	ldi	r25, 0x01	; 1
     8f2:	0e 94 6b 0f 	call	0x1ed6	; 0x1ed6 <oled_print>
     8f6:	42 e0       	ldi	r20, 0x02	; 2
     8f8:	60 e0       	ldi	r22, 0x00	; 0
     8fa:	84 ea       	ldi	r24, 0xA4	; 164
     8fc:	91 e0       	ldi	r25, 0x01	; 1
     8fe:	0e 94 6b 0f 	call	0x1ed6	; 0x1ed6 <oled_print>
					oled_print("MODE 1: CALC", 0, 0);
					} else if (key == '2') {
					current_state = STATE_PT2_A; buffer[0] = '\0'; oled_clear();
					oled_print("PT: AX^2 + BX + C = 0", 0, 0); oled_print("A: ", 0, 2);
					} else if (key == '3') {
					current_state = STATE_HPT_A1; buffer[0] = '\0'; oled_clear();
     902:	0f 2e       	mov	r0, r31
     904:	f6 e0       	ldi	r31, 0x06	; 6
     906:	7f 2e       	mov	r7, r31
     908:	f0 2d       	mov	r31, r0
     90a:	8f cf       	rjmp	.-226    	; 0x82a <__DATA_REGION_LENGTH__+0x2a>
					oled_print("HPT: A1X + B1Y = C1", 0, 0); oled_print("A1: ", 0, 2);
					} else if (key == '4') {
     90c:	14 33       	cpi	r17, 0x34	; 52
     90e:	09 f0       	breq	.+2      	; 0x912 <__stack+0x13>
     910:	8c cf       	rjmp	.-232    	; 0x82a <__DATA_REGION_LENGTH__+0x2a>
					current_state = STATE_CMPLX_Z1; buffer[0] = '\0'; oled_clear();
     912:	19 82       	std	Y+1, r1	; 0x01
     914:	0e 94 81 0f 	call	0x1f02	; 0x1f02 <oled_clear>
					oled_print("MODE 4: CMPLX", 0, 0); oled_print("Z1: ", 0, 2);
     918:	40 e0       	ldi	r20, 0x00	; 0
     91a:	60 e0       	ldi	r22, 0x00	; 0
     91c:	89 ea       	ldi	r24, 0xA9	; 169
     91e:	91 e0       	ldi	r25, 0x01	; 1
     920:	0e 94 6b 0f 	call	0x1ed6	; 0x1ed6 <oled_print>
     924:	42 e0       	ldi	r20, 0x02	; 2
     926:	60 e0       	ldi	r22, 0x00	; 0
     928:	87 eb       	ldi	r24, 0xB7	; 183
     92a:	91 e0       	ldi	r25, 0x01	; 1
     92c:	0e 94 6b 0f 	call	0x1ed6	; 0x1ed6 <oled_print>
					oled_print("PT: AX^2 + BX + C = 0", 0, 0); oled_print("A: ", 0, 2);
					} else if (key == '3') {
					current_state = STATE_HPT_A1; buffer[0] = '\0'; oled_clear();
					oled_print("HPT: A1X + B1Y = C1", 0, 0); oled_print("A1: ", 0, 2);
					} else if (key == '4') {
					current_state = STATE_CMPLX_Z1; buffer[0] = '\0'; oled_clear();
     930:	0f 2e       	mov	r0, r31
     932:	fd e0       	ldi	r31, 0x0D	; 13
     934:	7f 2e       	mov	r7, r31
     936:	f0 2d       	mov	r31, r0
     938:	78 cf       	rjmp	.-272    	; 0x82a <__DATA_REGION_LENGTH__+0x2a>

				// ==========================================
				// CH? ?? 1: MÁY TÍNH KHOA H?C
				// ==========================================
				case STATE_SCI_CALC:
				if (key == 'H') { shift_h = !shift_h; oled_char(shift_h ? 'H' : ' ', 115, 0); }
     93a:	18 34       	cpi	r17, 0x48	; 72
     93c:	79 f4       	brne	.+30     	; 0x95c <__stack+0x5d>
     93e:	81 e0       	ldi	r24, 0x01	; 1
     940:	b1 10       	cpse	r11, r1
     942:	80 e0       	ldi	r24, 0x00	; 0
     944:	18 2f       	mov	r17, r24
     946:	b1 10       	cpse	r11, r1
     948:	02 c0       	rjmp	.+4      	; 0x94e <__stack+0x4f>
     94a:	88 e4       	ldi	r24, 0x48	; 72
     94c:	01 c0       	rjmp	.+2      	; 0x950 <__stack+0x51>
     94e:	80 e2       	ldi	r24, 0x20	; 32
     950:	40 e0       	ldi	r20, 0x00	; 0
     952:	63 e7       	ldi	r22, 0x73	; 115
     954:	0e 94 d8 0e 	call	0x1db0	; 0x1db0 <oled_char>
     958:	b1 2e       	mov	r11, r17
     95a:	67 cf       	rjmp	.-306    	; 0x82a <__DATA_REGION_LENGTH__+0x2a>
				else if (key == '=') {
     95c:	1d 33       	cpi	r17, 0x3D	; 61
     95e:	d1 f4       	brne	.+52     	; 0x994 <__stack+0x95>
					double res = calculate_expression(buffer); char s[20]; dtostrf(res, 7, 3, s);
     960:	ce 01       	movw	r24, r28
     962:	01 96       	adiw	r24, 0x01	; 1
     964:	0e 94 d6 11 	call	0x23ac	; 0x23ac <calculate_expression>
     968:	8e 01       	movw	r16, r28
     96a:	0f 5a       	subi	r16, 0xAF	; 175
     96c:	1f 4f       	sbci	r17, 0xFF	; 255
     96e:	23 e0       	ldi	r18, 0x03	; 3
     970:	47 e0       	ldi	r20, 0x07	; 7
     972:	0e 94 4a 16 	call	0x2c94	; 0x2c94 <dtostrf>
					oled_clear_line(5); oled_print("Ans:", 0, 5); oled_print(s, 30, 5);
     976:	85 e0       	ldi	r24, 0x05	; 5
     978:	0e 94 a1 0f 	call	0x1f42	; 0x1f42 <oled_clear_line>
     97c:	45 e0       	ldi	r20, 0x05	; 5
     97e:	60 e0       	ldi	r22, 0x00	; 0
     980:	8c eb       	ldi	r24, 0xBC	; 188
     982:	91 e0       	ldi	r25, 0x01	; 1
     984:	0e 94 6b 0f 	call	0x1ed6	; 0x1ed6 <oled_print>
     988:	45 e0       	ldi	r20, 0x05	; 5
     98a:	6e e1       	ldi	r22, 0x1E	; 30
     98c:	c8 01       	movw	r24, r16
     98e:	0e 94 6b 0f 	call	0x1ed6	; 0x1ed6 <oled_print>
     992:	4b cf       	rjmp	.-362    	; 0x82a <__DATA_REGION_LENGTH__+0x2a>
				}
				else if (key == 'D') {
     994:	14 34       	cpi	r17, 0x44	; 68
     996:	d9 f4       	brne	.+54     	; 0x9ce <__stack+0xcf>
					int len = strlen(buffer);
     998:	de 01       	movw	r26, r28
     99a:	11 96       	adiw	r26, 0x01	; 1
     99c:	fd 01       	movw	r30, r26
     99e:	01 90       	ld	r0, Z+
     9a0:	00 20       	and	r0, r0
     9a2:	e9 f7       	brne	.-6      	; 0x99e <__stack+0x9f>
     9a4:	31 97       	sbiw	r30, 0x01	; 1
     9a6:	ea 1b       	sub	r30, r26
     9a8:	fb 0b       	sbc	r31, r27
					if (len > 0) { buffer[len - 1] = '\0'; oled_clear_line(2); oled_print(buffer, 0, 2); }
     9aa:	1e 16       	cp	r1, r30
     9ac:	1f 06       	cpc	r1, r31
     9ae:	0c f0       	brlt	.+2      	; 0x9b2 <__stack+0xb3>
     9b0:	3c cf       	rjmp	.-392    	; 0x82a <__DATA_REGION_LENGTH__+0x2a>
     9b2:	31 97       	sbiw	r30, 0x01	; 1
     9b4:	ea 0f       	add	r30, r26
     9b6:	fb 1f       	adc	r31, r27
     9b8:	10 82       	st	Z, r1
     9ba:	82 e0       	ldi	r24, 0x02	; 2
     9bc:	0e 94 a1 0f 	call	0x1f42	; 0x1f42 <oled_clear_line>
     9c0:	42 e0       	ldi	r20, 0x02	; 2
     9c2:	60 e0       	ldi	r22, 0x00	; 0
     9c4:	ce 01       	movw	r24, r28
     9c6:	01 96       	adiw	r24, 0x01	; 1
     9c8:	0e 94 6b 0f 	call	0x1ed6	; 0x1ed6 <oled_print>
     9cc:	2e cf       	rjmp	.-420    	; 0x82a <__DATA_REGION_LENGTH__+0x2a>
				}
				else {
					if (shift_h) {
     9ce:	bb 20       	and	r11, r11
     9d0:	09 f4       	brne	.+2      	; 0x9d4 <__stack+0xd5>
     9d2:	83 c0       	rjmp	.+262    	; 0xada <__stack+0x1db>
						if (key == '+') strcat(buffer, "sin"); else if (key == '-') strcat(buffer, "cos");
     9d4:	1b 32       	cpi	r17, 0x2B	; 43
     9d6:	79 f4       	brne	.+30     	; 0x9f6 <__stack+0xf7>
     9d8:	fe 01       	movw	r30, r28
     9da:	31 96       	adiw	r30, 0x01	; 1
     9dc:	01 90       	ld	r0, Z+
     9de:	00 20       	and	r0, r0
     9e0:	e9 f7       	brne	.-6      	; 0x9dc <__stack+0xdd>
     9e2:	31 97       	sbiw	r30, 0x01	; 1
     9e4:	83 e7       	ldi	r24, 0x73	; 115
     9e6:	99 e6       	ldi	r25, 0x69	; 105
     9e8:	91 83       	std	Z+1, r25	; 0x01
     9ea:	80 83       	st	Z, r24
     9ec:	8e e6       	ldi	r24, 0x6E	; 110
     9ee:	90 e0       	ldi	r25, 0x00	; 0
     9f0:	93 83       	std	Z+3, r25	; 0x03
     9f2:	82 83       	std	Z+2, r24	; 0x02
     9f4:	6b c0       	rjmp	.+214    	; 0xacc <__stack+0x1cd>
     9f6:	1d 32       	cpi	r17, 0x2D	; 45
     9f8:	79 f4       	brne	.+30     	; 0xa18 <__stack+0x119>
     9fa:	fe 01       	movw	r30, r28
     9fc:	31 96       	adiw	r30, 0x01	; 1
     9fe:	01 90       	ld	r0, Z+
     a00:	00 20       	and	r0, r0
     a02:	e9 f7       	brne	.-6      	; 0x9fe <__stack+0xff>
     a04:	31 97       	sbiw	r30, 0x01	; 1
     a06:	83 e6       	ldi	r24, 0x63	; 99
     a08:	9f e6       	ldi	r25, 0x6F	; 111
     a0a:	91 83       	std	Z+1, r25	; 0x01
     a0c:	80 83       	st	Z, r24
     a0e:	83 e7       	ldi	r24, 0x73	; 115
     a10:	90 e0       	ldi	r25, 0x00	; 0
     a12:	93 83       	std	Z+3, r25	; 0x03
     a14:	82 83       	std	Z+2, r24	; 0x02
     a16:	5a c0       	rjmp	.+180    	; 0xacc <__stack+0x1cd>
						else if (key == '*') strcat(buffer, "tan"); else if (key == '/') strcat(buffer, "cot");
     a18:	1a 32       	cpi	r17, 0x2A	; 42
     a1a:	79 f4       	brne	.+30     	; 0xa3a <__stack+0x13b>
     a1c:	fe 01       	movw	r30, r28
     a1e:	31 96       	adiw	r30, 0x01	; 1
     a20:	01 90       	ld	r0, Z+
     a22:	00 20       	and	r0, r0
     a24:	e9 f7       	brne	.-6      	; 0xa20 <__stack+0x121>
     a26:	31 97       	sbiw	r30, 0x01	; 1
     a28:	84 e7       	ldi	r24, 0x74	; 116
     a2a:	91 e6       	ldi	r25, 0x61	; 97
     a2c:	91 83       	std	Z+1, r25	; 0x01
     a2e:	80 83       	st	Z, r24
     a30:	8e e6       	ldi	r24, 0x6E	; 110
     a32:	90 e0       	ldi	r25, 0x00	; 0
     a34:	93 83       	std	Z+3, r25	; 0x03
     a36:	82 83       	std	Z+2, r24	; 0x02
     a38:	49 c0       	rjmp	.+146    	; 0xacc <__stack+0x1cd>
     a3a:	1f 32       	cpi	r17, 0x2F	; 47
     a3c:	79 f4       	brne	.+30     	; 0xa5c <__stack+0x15d>
     a3e:	fe 01       	movw	r30, r28
     a40:	31 96       	adiw	r30, 0x01	; 1
     a42:	01 90       	ld	r0, Z+
     a44:	00 20       	and	r0, r0
     a46:	e9 f7       	brne	.-6      	; 0xa42 <__stack+0x143>
     a48:	31 97       	sbiw	r30, 0x01	; 1
     a4a:	83 e6       	ldi	r24, 0x63	; 99
     a4c:	9f e6       	ldi	r25, 0x6F	; 111
     a4e:	91 83       	std	Z+1, r25	; 0x01
     a50:	80 83       	st	Z, r24
     a52:	84 e7       	ldi	r24, 0x74	; 116
     a54:	90 e0       	ldi	r25, 0x00	; 0
     a56:	93 83       	std	Z+3, r25	; 0x03
     a58:	82 83       	std	Z+2, r24	; 0x02
     a5a:	38 c0       	rjmp	.+112    	; 0xacc <__stack+0x1cd>
						else if (key == '.') strcat(buffer, "log"); else if (key == '0') strcat(buffer, "(");
     a5c:	1e 32       	cpi	r17, 0x2E	; 46
     a5e:	79 f4       	brne	.+30     	; 0xa7e <__stack+0x17f>
     a60:	fe 01       	movw	r30, r28
     a62:	31 96       	adiw	r30, 0x01	; 1
     a64:	01 90       	ld	r0, Z+
     a66:	00 20       	and	r0, r0
     a68:	e9 f7       	brne	.-6      	; 0xa64 <__stack+0x165>
     a6a:	31 97       	sbiw	r30, 0x01	; 1
     a6c:	8c e6       	ldi	r24, 0x6C	; 108
     a6e:	9f e6       	ldi	r25, 0x6F	; 111
     a70:	91 83       	std	Z+1, r25	; 0x01
     a72:	80 83       	st	Z, r24
     a74:	87 e6       	ldi	r24, 0x67	; 103
     a76:	90 e0       	ldi	r25, 0x00	; 0
     a78:	93 83       	std	Z+3, r25	; 0x03
     a7a:	82 83       	std	Z+2, r24	; 0x02
     a7c:	27 c0       	rjmp	.+78     	; 0xacc <__stack+0x1cd>
     a7e:	10 33       	cpi	r17, 0x30	; 48
     a80:	59 f4       	brne	.+22     	; 0xa98 <__stack+0x199>
     a82:	fe 01       	movw	r30, r28
     a84:	31 96       	adiw	r30, 0x01	; 1
     a86:	01 90       	ld	r0, Z+
     a88:	00 20       	and	r0, r0
     a8a:	e9 f7       	brne	.-6      	; 0xa86 <__stack+0x187>
     a8c:	31 97       	sbiw	r30, 0x01	; 1
     a8e:	88 e2       	ldi	r24, 0x28	; 40
     a90:	90 e0       	ldi	r25, 0x00	; 0
     a92:	91 83       	std	Z+1, r25	; 0x01
     a94:	80 83       	st	Z, r24
     a96:	1a c0       	rjmp	.+52     	; 0xacc <__stack+0x1cd>
						else if (key == '1') strcat(buffer, ")"); else { char t[2] = {key, '\0'}; strcat(buffer, t); }
     a98:	11 33       	cpi	r17, 0x31	; 49
     a9a:	59 f4       	brne	.+22     	; 0xab2 <__stack+0x1b3>
     a9c:	fe 01       	movw	r30, r28
     a9e:	31 96       	adiw	r30, 0x01	; 1
     aa0:	01 90       	ld	r0, Z+
     aa2:	00 20       	and	r0, r0
     aa4:	e9 f7       	brne	.-6      	; 0xaa0 <__stack+0x1a1>
     aa6:	31 97       	sbiw	r30, 0x01	; 1
     aa8:	89 e2       	ldi	r24, 0x29	; 41
     aaa:	90 e0       	ldi	r25, 0x00	; 0
     aac:	91 83       	std	Z+1, r25	; 0x01
     aae:	80 83       	st	Z, r24
     ab0:	0d c0       	rjmp	.+26     	; 0xacc <__stack+0x1cd>
     ab2:	62 96       	adiw	r28, 0x12	; 18
     ab4:	1f af       	std	Y+63, r17	; 0x3f
     ab6:	62 97       	sbiw	r28, 0x12	; 18
     ab8:	63 96       	adiw	r28, 0x13	; 19
     aba:	1f ae       	std	Y+63, r1	; 0x3f
     abc:	63 97       	sbiw	r28, 0x13	; 19
     abe:	be 01       	movw	r22, r28
     ac0:	6f 5a       	subi	r22, 0xAF	; 175
     ac2:	7f 4f       	sbci	r23, 0xFF	; 255
     ac4:	ce 01       	movw	r24, r28
     ac6:	01 96       	adiw	r24, 0x01	; 1
     ac8:	0e 94 6e 16 	call	0x2cdc	; 0x2cdc <strcat>
						shift_h = 0; oled_char(' ', 115, 0);
     acc:	40 e0       	ldi	r20, 0x00	; 0
     ace:	63 e7       	ldi	r22, 0x73	; 115
     ad0:	80 e2       	ldi	r24, 0x20	; 32
     ad2:	0e 94 d8 0e 	call	0x1db0	; 0x1db0 <oled_char>
     ad6:	b1 2c       	mov	r11, r1
     ad8:	0d c0       	rjmp	.+26     	; 0xaf4 <__stack+0x1f5>
						} else { char t[2] = {key, '\0'}; strcat(buffer, t); }
     ada:	62 96       	adiw	r28, 0x12	; 18
     adc:	1f af       	std	Y+63, r17	; 0x3f
     ade:	62 97       	sbiw	r28, 0x12	; 18
     ae0:	63 96       	adiw	r28, 0x13	; 19
     ae2:	1f ae       	std	Y+63, r1	; 0x3f
     ae4:	63 97       	sbiw	r28, 0x13	; 19
     ae6:	be 01       	movw	r22, r28
     ae8:	6f 5a       	subi	r22, 0xAF	; 175
     aea:	7f 4f       	sbci	r23, 0xFF	; 255
     aec:	ce 01       	movw	r24, r28
     aee:	01 96       	adiw	r24, 0x01	; 1
     af0:	0e 94 6e 16 	call	0x2cdc	; 0x2cdc <strcat>
						oled_clear_line(2); oled_print(buffer, 0, 2);
     af4:	82 e0       	ldi	r24, 0x02	; 2
     af6:	0e 94 a1 0f 	call	0x1f42	; 0x1f42 <oled_clear_line>
     afa:	42 e0       	ldi	r20, 0x02	; 2
     afc:	60 e0       	ldi	r22, 0x00	; 0
     afe:	ce 01       	movw	r24, r28
     b00:	01 96       	adiw	r24, 0x01	; 1
     b02:	0e 94 6b 0f 	call	0x1ed6	; 0x1ed6 <oled_print>
     b06:	91 ce       	rjmp	.-734    	; 0x82a <__DATA_REGION_LENGTH__+0x2a>

					// ==========================================
					// CH? ?? 2: PH??NG TRÌNH B?C 2
					// ==========================================
					case STATE_PT2_A:
					if (key == 'D' && strlen(buffer) > 0) { buffer[strlen(buffer) - 1] = '\0'; oled_clear_line(2); oled_print("A: ", 0, 2); oled_print(buffer, 20, 2); }
     b08:	14 34       	cpi	r17, 0x44	; 68
     b0a:	01 f5       	brne	.+64     	; 0xb4c <__stack+0x24d>
     b0c:	89 81       	ldd	r24, Y+1	; 0x01
     b0e:	88 23       	and	r24, r24
     b10:	e9 f0       	breq	.+58     	; 0xb4c <__stack+0x24d>
     b12:	8e 01       	movw	r16, r28
     b14:	0f 5f       	subi	r16, 0xFF	; 255
     b16:	1f 4f       	sbci	r17, 0xFF	; 255
     b18:	f8 01       	movw	r30, r16
     b1a:	01 90       	ld	r0, Z+
     b1c:	00 20       	and	r0, r0
     b1e:	e9 f7       	brne	.-6      	; 0xb1a <__stack+0x21b>
     b20:	31 97       	sbiw	r30, 0x01	; 1
     b22:	e0 1b       	sub	r30, r16
     b24:	f1 0b       	sbc	r31, r17
     b26:	31 97       	sbiw	r30, 0x01	; 1
     b28:	e0 0f       	add	r30, r16
     b2a:	f1 1f       	adc	r31, r17
     b2c:	10 82       	st	Z, r1
     b2e:	82 e0       	ldi	r24, 0x02	; 2
     b30:	0e 94 a1 0f 	call	0x1f42	; 0x1f42 <oled_clear_line>
     b34:	42 e0       	ldi	r20, 0x02	; 2
     b36:	60 e0       	ldi	r22, 0x00	; 0
     b38:	8c e8       	ldi	r24, 0x8C	; 140
     b3a:	91 e0       	ldi	r25, 0x01	; 1
     b3c:	0e 94 6b 0f 	call	0x1ed6	; 0x1ed6 <oled_print>
     b40:	42 e0       	ldi	r20, 0x02	; 2
     b42:	64 e1       	ldi	r22, 0x14	; 20
     b44:	c8 01       	movw	r24, r16
     b46:	0e 94 6b 0f 	call	0x1ed6	; 0x1ed6 <oled_print>
     b4a:	6f ce       	rjmp	.-802    	; 0x82a <__DATA_REGION_LENGTH__+0x2a>
					else if (key == '=') {
     b4c:	1d 33       	cpi	r17, 0x3D	; 61
     b4e:	c1 f4       	brne	.+48     	; 0xb80 <__stack+0x281>
						a = atof(buffer); buffer[0] = '\0'; oled_print("B: ", 0, 3); current_state = STATE_PT2_B;
     b50:	ce 01       	movw	r24, r28
     b52:	01 96       	adiw	r24, 0x01	; 1
     b54:	0e 94 6a 16 	call	0x2cd4	; 0x2cd4 <atof>
     b58:	c3 56       	subi	r28, 0x63	; 99
     b5a:	df 4f       	sbci	r29, 0xFF	; 255
     b5c:	68 83       	st	Y, r22
     b5e:	79 83       	std	Y+1, r23	; 0x01
     b60:	8a 83       	std	Y+2, r24	; 0x02
     b62:	9b 83       	std	Y+3, r25	; 0x03
     b64:	cd 59       	subi	r28, 0x9D	; 157
     b66:	d0 40       	sbci	r29, 0x00	; 0
     b68:	19 82       	std	Y+1, r1	; 0x01
     b6a:	43 e0       	ldi	r20, 0x03	; 3
     b6c:	60 e0       	ldi	r22, 0x00	; 0
     b6e:	81 ec       	ldi	r24, 0xC1	; 193
     b70:	91 e0       	ldi	r25, 0x01	; 1
     b72:	0e 94 6b 0f 	call	0x1ed6	; 0x1ed6 <oled_print>
     b76:	0f 2e       	mov	r0, r31
     b78:	f3 e0       	ldi	r31, 0x03	; 3
     b7a:	7f 2e       	mov	r7, r31
     b7c:	f0 2d       	mov	r31, r0
     b7e:	55 ce       	rjmp	.-854    	; 0x82a <__DATA_REGION_LENGTH__+0x2a>
						} else if ((key >= '0' && key <= '9') || key == '.' || key == '-') { char t[2] = {key, '\0'}; strcat(buffer, t); oled_print(buffer, 20, 2); }
     b80:	80 ed       	ldi	r24, 0xD0	; 208
     b82:	81 0f       	add	r24, r17
     b84:	8a 30       	cpi	r24, 0x0A	; 10
     b86:	28 f0       	brcs	.+10     	; 0xb92 <__stack+0x293>
     b88:	1e 32       	cpi	r17, 0x2E	; 46
     b8a:	19 f0       	breq	.+6      	; 0xb92 <__stack+0x293>
     b8c:	1d 32       	cpi	r17, 0x2D	; 45
     b8e:	09 f0       	breq	.+2      	; 0xb92 <__stack+0x293>
     b90:	4c ce       	rjmp	.-872    	; 0x82a <__DATA_REGION_LENGTH__+0x2a>
     b92:	62 96       	adiw	r28, 0x12	; 18
     b94:	1f af       	std	Y+63, r17	; 0x3f
     b96:	62 97       	sbiw	r28, 0x12	; 18
     b98:	63 96       	adiw	r28, 0x13	; 19
     b9a:	1f ae       	std	Y+63, r1	; 0x3f
     b9c:	63 97       	sbiw	r28, 0x13	; 19
     b9e:	be 01       	movw	r22, r28
     ba0:	6f 5a       	subi	r22, 0xAF	; 175
     ba2:	7f 4f       	sbci	r23, 0xFF	; 255
     ba4:	ce 01       	movw	r24, r28
     ba6:	01 96       	adiw	r24, 0x01	; 1
     ba8:	0e 94 6e 16 	call	0x2cdc	; 0x2cdc <strcat>
     bac:	42 e0       	ldi	r20, 0x02	; 2
     bae:	64 e1       	ldi	r22, 0x14	; 20
     bb0:	ce 01       	movw	r24, r28
     bb2:	01 96       	adiw	r24, 0x01	; 1
     bb4:	0e 94 6b 0f 	call	0x1ed6	; 0x1ed6 <oled_print>
     bb8:	38 ce       	rjmp	.-912    	; 0x82a <__DATA_REGION_LENGTH__+0x2a>
						break;

						case STATE_PT2_B:
						if (key == 'D' && strlen(buffer) > 0) { buffer[strlen(buffer) - 1] = '\0'; oled_clear_line(3); oled_print("B: ", 0, 3); oled_print(buffer, 20, 3); }
     bba:	14 34       	cpi	r17, 0x44	; 68
     bbc:	01 f5       	brne	.+64     	; 0xbfe <__stack+0x2ff>
     bbe:	89 81       	ldd	r24, Y+1	; 0x01
     bc0:	88 23       	and	r24, r24
     bc2:	e9 f0       	breq	.+58     	; 0xbfe <__stack+0x2ff>
     bc4:	8e 01       	movw	r16, r28
     bc6:	0f 5f       	subi	r16, 0xFF	; 255
     bc8:	1f 4f       	sbci	r17, 0xFF	; 255
     bca:	f8 01       	movw	r30, r16
     bcc:	01 90       	ld	r0, Z+
     bce:	00 20       	and	r0, r0
     bd0:	e9 f7       	brne	.-6      	; 0xbcc <__stack+0x2cd>
     bd2:	31 97       	sbiw	r30, 0x01	; 1
     bd4:	e0 1b       	sub	r30, r16
     bd6:	f1 0b       	sbc	r31, r17
     bd8:	31 97       	sbiw	r30, 0x01	; 1
     bda:	e0 0f       	add	r30, r16
     bdc:	f1 1f       	adc	r31, r17
     bde:	10 82       	st	Z, r1
     be0:	83 e0       	ldi	r24, 0x03	; 3
     be2:	0e 94 a1 0f 	call	0x1f42	; 0x1f42 <oled_clear_line>
     be6:	43 e0       	ldi	r20, 0x03	; 3
     be8:	60 e0       	ldi	r22, 0x00	; 0
     bea:	81 ec       	ldi	r24, 0xC1	; 193
     bec:	91 e0       	ldi	r25, 0x01	; 1
     bee:	0e 94 6b 0f 	call	0x1ed6	; 0x1ed6 <oled_print>
     bf2:	43 e0       	ldi	r20, 0x03	; 3
     bf4:	64 e1       	ldi	r22, 0x14	; 20
     bf6:	c8 01       	movw	r24, r16
     bf8:	0e 94 6b 0f 	call	0x1ed6	; 0x1ed6 <oled_print>
     bfc:	16 ce       	rjmp	.-980    	; 0x82a <__DATA_REGION_LENGTH__+0x2a>
						else if (key == '=') {
     bfe:	1d 33       	cpi	r17, 0x3D	; 61
     c00:	89 f4       	brne	.+34     	; 0xc24 <__stack+0x325>
							b = atof(buffer); buffer[0] = '\0'; oled_print("C: ", 0, 4); current_state = STATE_PT2_C;
     c02:	ce 01       	movw	r24, r28
     c04:	01 96       	adiw	r24, 0x01	; 1
     c06:	0e 94 6a 16 	call	0x2cd4	; 0x2cd4 <atof>
     c0a:	6b 01       	movw	r12, r22
     c0c:	7c 01       	movw	r14, r24
     c0e:	19 82       	std	Y+1, r1	; 0x01
     c10:	44 e0       	ldi	r20, 0x04	; 4
     c12:	60 e0       	ldi	r22, 0x00	; 0
     c14:	85 ec       	ldi	r24, 0xC5	; 197
     c16:	91 e0       	ldi	r25, 0x01	; 1
     c18:	0e 94 6b 0f 	call	0x1ed6	; 0x1ed6 <oled_print>
     c1c:	68 94       	set
     c1e:	77 24       	eor	r7, r7
     c20:	72 f8       	bld	r7, 2
     c22:	03 ce       	rjmp	.-1018   	; 0x82a <__DATA_REGION_LENGTH__+0x2a>
							} else if ((key >= '0' && key <= '9') || key == '.' || key == '-') { char t[2] = {key, '\0'}; strcat(buffer, t); oled_print(buffer, 20, 3); }
     c24:	80 ed       	ldi	r24, 0xD0	; 208
     c26:	81 0f       	add	r24, r17
     c28:	8a 30       	cpi	r24, 0x0A	; 10
     c2a:	28 f0       	brcs	.+10     	; 0xc36 <__stack+0x337>
     c2c:	1e 32       	cpi	r17, 0x2E	; 46
     c2e:	19 f0       	breq	.+6      	; 0xc36 <__stack+0x337>
     c30:	1d 32       	cpi	r17, 0x2D	; 45
     c32:	09 f0       	breq	.+2      	; 0xc36 <__stack+0x337>
     c34:	fa cd       	rjmp	.-1036   	; 0x82a <__DATA_REGION_LENGTH__+0x2a>
     c36:	62 96       	adiw	r28, 0x12	; 18
     c38:	1f af       	std	Y+63, r17	; 0x3f
     c3a:	62 97       	sbiw	r28, 0x12	; 18
     c3c:	63 96       	adiw	r28, 0x13	; 19
     c3e:	1f ae       	std	Y+63, r1	; 0x3f
     c40:	63 97       	sbiw	r28, 0x13	; 19
     c42:	be 01       	movw	r22, r28
     c44:	6f 5a       	subi	r22, 0xAF	; 175
     c46:	7f 4f       	sbci	r23, 0xFF	; 255
     c48:	ce 01       	movw	r24, r28
     c4a:	01 96       	adiw	r24, 0x01	; 1
     c4c:	0e 94 6e 16 	call	0x2cdc	; 0x2cdc <strcat>
     c50:	43 e0       	ldi	r20, 0x03	; 3
     c52:	64 e1       	ldi	r22, 0x14	; 20
     c54:	ce 01       	movw	r24, r28
     c56:	01 96       	adiw	r24, 0x01	; 1
     c58:	0e 94 6b 0f 	call	0x1ed6	; 0x1ed6 <oled_print>
     c5c:	e6 cd       	rjmp	.-1076   	; 0x82a <__DATA_REGION_LENGTH__+0x2a>
							break;

							case STATE_PT2_C:
							if (key == 'D' && strlen(buffer) > 0) { buffer[strlen(buffer) - 1] = '\0'; oled_clear_line(4); oled_print("C: ", 0, 4); oled_print(buffer, 20, 4); }
     c5e:	14 34       	cpi	r17, 0x44	; 68
     c60:	01 f5       	brne	.+64     	; 0xca2 <__stack+0x3a3>
     c62:	89 81       	ldd	r24, Y+1	; 0x01
     c64:	88 23       	and	r24, r24
     c66:	e9 f0       	breq	.+58     	; 0xca2 <__stack+0x3a3>
     c68:	8e 01       	movw	r16, r28
     c6a:	0f 5f       	subi	r16, 0xFF	; 255
     c6c:	1f 4f       	sbci	r17, 0xFF	; 255
     c6e:	f8 01       	movw	r30, r16
     c70:	01 90       	ld	r0, Z+
     c72:	00 20       	and	r0, r0
     c74:	e9 f7       	brne	.-6      	; 0xc70 <__stack+0x371>
     c76:	31 97       	sbiw	r30, 0x01	; 1
     c78:	e0 1b       	sub	r30, r16
     c7a:	f1 0b       	sbc	r31, r17
     c7c:	31 97       	sbiw	r30, 0x01	; 1
     c7e:	e0 0f       	add	r30, r16
     c80:	f1 1f       	adc	r31, r17
     c82:	10 82       	st	Z, r1
     c84:	84 e0       	ldi	r24, 0x04	; 4
     c86:	0e 94 a1 0f 	call	0x1f42	; 0x1f42 <oled_clear_line>
     c8a:	44 e0       	ldi	r20, 0x04	; 4
     c8c:	60 e0       	ldi	r22, 0x00	; 0
     c8e:	85 ec       	ldi	r24, 0xC5	; 197
     c90:	91 e0       	ldi	r25, 0x01	; 1
     c92:	0e 94 6b 0f 	call	0x1ed6	; 0x1ed6 <oled_print>
     c96:	44 e0       	ldi	r20, 0x04	; 4
     c98:	64 e1       	ldi	r22, 0x14	; 20
     c9a:	c8 01       	movw	r24, r16
     c9c:	0e 94 6b 0f 	call	0x1ed6	; 0x1ed6 <oled_print>
     ca0:	c4 cd       	rjmp	.-1144   	; 0x82a <__DATA_REGION_LENGTH__+0x2a>
							else if (key == '=') {
     ca2:	1d 33       	cpi	r17, 0x3D	; 61
     ca4:	09 f0       	breq	.+2      	; 0xca8 <__stack+0x3a9>
     ca6:	8c c1       	rjmp	.+792    	; 0xfc0 <__stack+0x6c1>
								c = atof(buffer); buffer[0] = '\0'; current_state = STATE_PT2_RESULT;
     ca8:	ce 01       	movw	r24, r28
     caa:	01 96       	adiw	r24, 0x01	; 1
     cac:	0e 94 6a 16 	call	0x2cd4	; 0x2cd4 <atof>
     cb0:	2b 01       	movw	r4, r22
     cb2:	3c 01       	movw	r6, r24
     cb4:	19 82       	std	Y+1, r1	; 0x01
								char s1[16], s2[16]; oled_clear_line(6);
     cb6:	86 e0       	ldi	r24, 0x06	; 6
     cb8:	0e 94 a1 0f 	call	0x1f42	; 0x1f42 <oled_clear_line>
								
								if (a == 0) {
     cbc:	20 e0       	ldi	r18, 0x00	; 0
     cbe:	30 e0       	ldi	r19, 0x00	; 0
     cc0:	a9 01       	movw	r20, r18
     cc2:	c3 56       	subi	r28, 0x63	; 99
     cc4:	df 4f       	sbci	r29, 0xFF	; 255
     cc6:	68 81       	ld	r22, Y
     cc8:	79 81       	ldd	r23, Y+1	; 0x01
     cca:	8a 81       	ldd	r24, Y+2	; 0x02
     ccc:	9b 81       	ldd	r25, Y+3	; 0x03
     cce:	cd 59       	subi	r28, 0x9D	; 157
     cd0:	d0 40       	sbci	r29, 0x00	; 0
     cd2:	0e 94 4a 12 	call	0x2494	; 0x2494 <__cmpsf2>
     cd6:	81 11       	cpse	r24, r1
     cd8:	4e c0       	rjmp	.+156    	; 0xd76 <__stack+0x477>
									oled_print("A=0 -> PT Bac 1", 0, 5);
     cda:	45 e0       	ldi	r20, 0x05	; 5
     cdc:	60 e0       	ldi	r22, 0x00	; 0
     cde:	89 ec       	ldi	r24, 0xC9	; 201
     ce0:	91 e0       	ldi	r25, 0x01	; 1
     ce2:	0e 94 6b 0f 	call	0x1ed6	; 0x1ed6 <oled_print>
									if (b == 0) {
     ce6:	20 e0       	ldi	r18, 0x00	; 0
     ce8:	30 e0       	ldi	r19, 0x00	; 0
     cea:	a9 01       	movw	r20, r18
     cec:	c7 01       	movw	r24, r14
     cee:	b6 01       	movw	r22, r12
     cf0:	0e 94 4a 12 	call	0x2494	; 0x2494 <__cmpsf2>
     cf4:	81 11       	cpse	r24, r1
     cf6:	17 c0       	rjmp	.+46     	; 0xd26 <__stack+0x427>
										if (c == 0) oled_print("VO SO NGHIEM !", 0, 6); else oled_print("VO NGHIEM !", 0, 6);
     cf8:	20 e0       	ldi	r18, 0x00	; 0
     cfa:	30 e0       	ldi	r19, 0x00	; 0
     cfc:	a9 01       	movw	r20, r18
     cfe:	c3 01       	movw	r24, r6
     d00:	b2 01       	movw	r22, r4
     d02:	0e 94 4a 12 	call	0x2494	; 0x2494 <__cmpsf2>
     d06:	81 11       	cpse	r24, r1
     d08:	07 c0       	rjmp	.+14     	; 0xd18 <__stack+0x419>
     d0a:	46 e0       	ldi	r20, 0x06	; 6
     d0c:	60 e0       	ldi	r22, 0x00	; 0
     d0e:	89 ed       	ldi	r24, 0xD9	; 217
     d10:	91 e0       	ldi	r25, 0x01	; 1
     d12:	0e 94 6b 0f 	call	0x1ed6	; 0x1ed6 <oled_print>
     d16:	49 c1       	rjmp	.+658    	; 0xfaa <__stack+0x6ab>
     d18:	46 e0       	ldi	r20, 0x06	; 6
     d1a:	60 e0       	ldi	r22, 0x00	; 0
     d1c:	88 ee       	ldi	r24, 0xE8	; 232
     d1e:	91 e0       	ldi	r25, 0x01	; 1
     d20:	0e 94 6b 0f 	call	0x1ed6	; 0x1ed6 <oled_print>
     d24:	42 c1       	rjmp	.+644    	; 0xfaa <__stack+0x6ab>
										} else {
										double x = -c / b; if (x == -0.0) x = 0.0;
     d26:	c3 01       	movw	r24, r6
     d28:	b2 01       	movw	r22, r4
     d2a:	90 58       	subi	r25, 0x80	; 128
     d2c:	a7 01       	movw	r20, r14
     d2e:	96 01       	movw	r18, r12
     d30:	0e 94 54 12 	call	0x24a8	; 0x24a8 <__divsf3>
     d34:	2b 01       	movw	r4, r22
     d36:	3c 01       	movw	r6, r24
     d38:	20 e0       	ldi	r18, 0x00	; 0
     d3a:	30 e0       	ldi	r19, 0x00	; 0
     d3c:	a9 01       	movw	r20, r18
     d3e:	0e 94 4a 12 	call	0x2494	; 0x2494 <__cmpsf2>
     d42:	81 11       	cpse	r24, r1
     d44:	03 c0       	rjmp	.+6      	; 0xd4c <__stack+0x44d>
     d46:	41 2c       	mov	r4, r1
     d48:	51 2c       	mov	r5, r1
     d4a:	32 01       	movw	r6, r4
										dtostrf(x, 6, 2, s1); oled_print("X =", 0, 6); oled_print(s1, 25, 6);
     d4c:	8e 01       	movw	r16, r28
     d4e:	0f 58       	subi	r16, 0x8F	; 143
     d50:	1f 4f       	sbci	r17, 0xFF	; 255
     d52:	22 e0       	ldi	r18, 0x02	; 2
     d54:	46 e0       	ldi	r20, 0x06	; 6
     d56:	c3 01       	movw	r24, r6
     d58:	b2 01       	movw	r22, r4
     d5a:	0e 94 4a 16 	call	0x2c94	; 0x2c94 <dtostrf>
     d5e:	46 e0       	ldi	r20, 0x06	; 6
     d60:	60 e0       	ldi	r22, 0x00	; 0
     d62:	84 ef       	ldi	r24, 0xF4	; 244
     d64:	91 e0       	ldi	r25, 0x01	; 1
     d66:	0e 94 6b 0f 	call	0x1ed6	; 0x1ed6 <oled_print>
     d6a:	46 e0       	ldi	r20, 0x06	; 6
     d6c:	69 e1       	ldi	r22, 0x19	; 25
     d6e:	c8 01       	movw	r24, r16
     d70:	0e 94 6b 0f 	call	0x1ed6	; 0x1ed6 <oled_print>
     d74:	1a c1       	rjmp	.+564    	; 0xfaa <__stack+0x6ab>
									}
									} else {
									double d = b*b - 4*a*c;
     d76:	a7 01       	movw	r20, r14
     d78:	96 01       	movw	r18, r12
     d7a:	c7 01       	movw	r24, r14
     d7c:	b6 01       	movw	r22, r12
     d7e:	0e 94 14 14 	call	0x2828	; 0x2828 <__mulsf3>
     d82:	cf 56       	subi	r28, 0x6F	; 111
     d84:	df 4f       	sbci	r29, 0xFF	; 255
     d86:	68 83       	st	Y, r22
     d88:	79 83       	std	Y+1, r23	; 0x01
     d8a:	8a 83       	std	Y+2, r24	; 0x02
     d8c:	9b 83       	std	Y+3, r25	; 0x03
     d8e:	c1 59       	subi	r28, 0x91	; 145
     d90:	d0 40       	sbci	r29, 0x00	; 0
     d92:	20 e0       	ldi	r18, 0x00	; 0
     d94:	30 e0       	ldi	r19, 0x00	; 0
     d96:	40 e8       	ldi	r20, 0x80	; 128
     d98:	50 e4       	ldi	r21, 0x40	; 64
     d9a:	c3 56       	subi	r28, 0x63	; 99
     d9c:	df 4f       	sbci	r29, 0xFF	; 255
     d9e:	68 81       	ld	r22, Y
     da0:	79 81       	ldd	r23, Y+1	; 0x01
     da2:	8a 81       	ldd	r24, Y+2	; 0x02
     da4:	9b 81       	ldd	r25, Y+3	; 0x03
     da6:	cd 59       	subi	r28, 0x9D	; 157
     da8:	d0 40       	sbci	r29, 0x00	; 0
     daa:	0e 94 14 14 	call	0x2828	; 0x2828 <__mulsf3>
     dae:	9b 01       	movw	r18, r22
     db0:	ac 01       	movw	r20, r24
     db2:	c3 01       	movw	r24, r6
     db4:	b2 01       	movw	r22, r4
     db6:	0e 94 14 14 	call	0x2828	; 0x2828 <__mulsf3>
     dba:	9b 01       	movw	r18, r22
     dbc:	ac 01       	movw	r20, r24
     dbe:	cf 56       	subi	r28, 0x6F	; 111
     dc0:	df 4f       	sbci	r29, 0xFF	; 255
     dc2:	68 81       	ld	r22, Y
     dc4:	79 81       	ldd	r23, Y+1	; 0x01
     dc6:	8a 81       	ldd	r24, Y+2	; 0x02
     dc8:	9b 81       	ldd	r25, Y+3	; 0x03
     dca:	c1 59       	subi	r28, 0x91	; 145
     dcc:	d0 40       	sbci	r29, 0x00	; 0
     dce:	0e 94 dd 11 	call	0x23ba	; 0x23ba <__subsf3>
     dd2:	2b 01       	movw	r4, r22
     dd4:	3c 01       	movw	r6, r24
									if (d < 0) oled_print("VO NGHIEM !", 0, 6);
     dd6:	20 e0       	ldi	r18, 0x00	; 0
     dd8:	30 e0       	ldi	r19, 0x00	; 0
     dda:	a9 01       	movw	r20, r18
     ddc:	0e 94 4a 12 	call	0x2494	; 0x2494 <__cmpsf2>
     de0:	88 23       	and	r24, r24
     de2:	3c f4       	brge	.+14     	; 0xdf2 <__stack+0x4f3>
     de4:	46 e0       	ldi	r20, 0x06	; 6
     de6:	60 e0       	ldi	r22, 0x00	; 0
     de8:	88 ee       	ldi	r24, 0xE8	; 232
     dea:	91 e0       	ldi	r25, 0x01	; 1
     dec:	0e 94 6b 0f 	call	0x1ed6	; 0x1ed6 <oled_print>
     df0:	dc c0       	rjmp	.+440    	; 0xfaa <__stack+0x6ab>
									else if (d == 0) { double x = -b / (2*a); if (x == -0.0) x = 0.0; dtostrf(x, 6, 2, s1); oled_print("X1=X2=", 0, 6); oled_print(s1, 40, 6); }
     df2:	20 e0       	ldi	r18, 0x00	; 0
     df4:	30 e0       	ldi	r19, 0x00	; 0
     df6:	a9 01       	movw	r20, r18
     df8:	c3 01       	movw	r24, r6
     dfa:	b2 01       	movw	r22, r4
     dfc:	0e 94 4a 12 	call	0x2494	; 0x2494 <__cmpsf2>
     e00:	81 11       	cpse	r24, r1
     e02:	34 c0       	rjmp	.+104    	; 0xe6c <__stack+0x56d>
     e04:	c3 56       	subi	r28, 0x63	; 99
     e06:	df 4f       	sbci	r29, 0xFF	; 255
     e08:	28 81       	ld	r18, Y
     e0a:	39 81       	ldd	r19, Y+1	; 0x01
     e0c:	4a 81       	ldd	r20, Y+2	; 0x02
     e0e:	5b 81       	ldd	r21, Y+3	; 0x03
     e10:	cd 59       	subi	r28, 0x9D	; 157
     e12:	d0 40       	sbci	r29, 0x00	; 0
     e14:	ca 01       	movw	r24, r20
     e16:	b9 01       	movw	r22, r18
     e18:	0e 94 de 11 	call	0x23bc	; 0x23bc <__addsf3>
     e1c:	9b 01       	movw	r18, r22
     e1e:	ac 01       	movw	r20, r24
     e20:	c7 01       	movw	r24, r14
     e22:	b6 01       	movw	r22, r12
     e24:	90 58       	subi	r25, 0x80	; 128
     e26:	0e 94 54 12 	call	0x24a8	; 0x24a8 <__divsf3>
     e2a:	2b 01       	movw	r4, r22
     e2c:	3c 01       	movw	r6, r24
     e2e:	20 e0       	ldi	r18, 0x00	; 0
     e30:	30 e0       	ldi	r19, 0x00	; 0
     e32:	a9 01       	movw	r20, r18
     e34:	0e 94 4a 12 	call	0x2494	; 0x2494 <__cmpsf2>
     e38:	81 11       	cpse	r24, r1
     e3a:	03 c0       	rjmp	.+6      	; 0xe42 <__stack+0x543>
     e3c:	41 2c       	mov	r4, r1
     e3e:	51 2c       	mov	r5, r1
     e40:	32 01       	movw	r6, r4
     e42:	8e 01       	movw	r16, r28
     e44:	0f 58       	subi	r16, 0x8F	; 143
     e46:	1f 4f       	sbci	r17, 0xFF	; 255
     e48:	22 e0       	ldi	r18, 0x02	; 2
     e4a:	46 e0       	ldi	r20, 0x06	; 6
     e4c:	c3 01       	movw	r24, r6
     e4e:	b2 01       	movw	r22, r4
     e50:	0e 94 4a 16 	call	0x2c94	; 0x2c94 <dtostrf>
     e54:	46 e0       	ldi	r20, 0x06	; 6
     e56:	60 e0       	ldi	r22, 0x00	; 0
     e58:	88 ef       	ldi	r24, 0xF8	; 248
     e5a:	91 e0       	ldi	r25, 0x01	; 1
     e5c:	0e 94 6b 0f 	call	0x1ed6	; 0x1ed6 <oled_print>
     e60:	46 e0       	ldi	r20, 0x06	; 6
     e62:	68 e2       	ldi	r22, 0x28	; 40
     e64:	c8 01       	movw	r24, r16
     e66:	0e 94 6b 0f 	call	0x1ed6	; 0x1ed6 <oled_print>
     e6a:	9f c0       	rjmp	.+318    	; 0xfaa <__stack+0x6ab>
									else {
										double x1 = (-b + sqrt(d)) / (2*a); double x2 = (-b - sqrt(d)) / (2*a);
     e6c:	c3 01       	movw	r24, r6
     e6e:	b2 01       	movw	r22, r4
     e70:	0e 94 df 14 	call	0x29be	; 0x29be <sqrt>
     e74:	cf 56       	subi	r28, 0x6F	; 111
     e76:	df 4f       	sbci	r29, 0xFF	; 255
     e78:	68 83       	st	Y, r22
     e7a:	79 83       	std	Y+1, r23	; 0x01
     e7c:	8a 83       	std	Y+2, r24	; 0x02
     e7e:	9b 83       	std	Y+3, r25	; 0x03
     e80:	c1 59       	subi	r28, 0x91	; 145
     e82:	d0 40       	sbci	r29, 0x00	; 0
     e84:	a7 01       	movw	r20, r14
     e86:	96 01       	movw	r18, r12
     e88:	0e 94 dd 11 	call	0x23ba	; 0x23ba <__subsf3>
     e8c:	2b 01       	movw	r4, r22
     e8e:	3c 01       	movw	r6, r24
     e90:	c3 56       	subi	r28, 0x63	; 99
     e92:	df 4f       	sbci	r29, 0xFF	; 255
     e94:	28 81       	ld	r18, Y
     e96:	39 81       	ldd	r19, Y+1	; 0x01
     e98:	4a 81       	ldd	r20, Y+2	; 0x02
     e9a:	5b 81       	ldd	r21, Y+3	; 0x03
     e9c:	cd 59       	subi	r28, 0x9D	; 157
     e9e:	d0 40       	sbci	r29, 0x00	; 0
     ea0:	ca 01       	movw	r24, r20
     ea2:	b9 01       	movw	r22, r18
     ea4:	0e 94 de 11 	call	0x23bc	; 0x23bc <__addsf3>
     ea8:	cb 56       	subi	r28, 0x6B	; 107
     eaa:	df 4f       	sbci	r29, 0xFF	; 255
     eac:	68 83       	st	Y, r22
     eae:	79 83       	std	Y+1, r23	; 0x01
     eb0:	8a 83       	std	Y+2, r24	; 0x02
     eb2:	9b 83       	std	Y+3, r25	; 0x03
     eb4:	c5 59       	subi	r28, 0x95	; 149
     eb6:	d0 40       	sbci	r29, 0x00	; 0
     eb8:	9b 01       	movw	r18, r22
     eba:	ac 01       	movw	r20, r24
     ebc:	c3 01       	movw	r24, r6
     ebe:	b2 01       	movw	r22, r4
     ec0:	0e 94 54 12 	call	0x24a8	; 0x24a8 <__divsf3>
     ec4:	2b 01       	movw	r4, r22
     ec6:	3c 01       	movw	r6, r24
     ec8:	cf 56       	subi	r28, 0x6F	; 111
     eca:	df 4f       	sbci	r29, 0xFF	; 255
     ecc:	28 81       	ld	r18, Y
     ece:	39 81       	ldd	r19, Y+1	; 0x01
     ed0:	4a 81       	ldd	r20, Y+2	; 0x02
     ed2:	5b 81       	ldd	r21, Y+3	; 0x03
     ed4:	c1 59       	subi	r28, 0x91	; 145
     ed6:	d0 40       	sbci	r29, 0x00	; 0
     ed8:	c7 01       	movw	r24, r14
     eda:	b6 01       	movw	r22, r12
     edc:	90 58       	subi	r25, 0x80	; 128
     ede:	0e 94 dd 11 	call	0x23ba	; 0x23ba <__subsf3>
     ee2:	cb 56       	subi	r28, 0x6B	; 107
     ee4:	df 4f       	sbci	r29, 0xFF	; 255
     ee6:	28 81       	ld	r18, Y
     ee8:	39 81       	ldd	r19, Y+1	; 0x01
     eea:	4a 81       	ldd	r20, Y+2	; 0x02
     eec:	5b 81       	ldd	r21, Y+3	; 0x03
     eee:	c5 59       	subi	r28, 0x95	; 149
     ef0:	d0 40       	sbci	r29, 0x00	; 0
     ef2:	0e 94 54 12 	call	0x24a8	; 0x24a8 <__divsf3>
     ef6:	cf 56       	subi	r28, 0x6F	; 111
     ef8:	df 4f       	sbci	r29, 0xFF	; 255
     efa:	68 83       	st	Y, r22
     efc:	79 83       	std	Y+1, r23	; 0x01
     efe:	8a 83       	std	Y+2, r24	; 0x02
     f00:	9b 83       	std	Y+3, r25	; 0x03
     f02:	c1 59       	subi	r28, 0x91	; 145
     f04:	d0 40       	sbci	r29, 0x00	; 0
										if (x1 == -0.0) x1 = 0.0; if (x2 == -0.0) x2 = 0.0;
     f06:	20 e0       	ldi	r18, 0x00	; 0
     f08:	30 e0       	ldi	r19, 0x00	; 0
     f0a:	a9 01       	movw	r20, r18
     f0c:	c3 01       	movw	r24, r6
     f0e:	b2 01       	movw	r22, r4
     f10:	0e 94 4a 12 	call	0x2494	; 0x2494 <__cmpsf2>
     f14:	81 11       	cpse	r24, r1
     f16:	03 c0       	rjmp	.+6      	; 0xf1e <__stack+0x61f>
     f18:	41 2c       	mov	r4, r1
     f1a:	51 2c       	mov	r5, r1
     f1c:	32 01       	movw	r6, r4
     f1e:	20 e0       	ldi	r18, 0x00	; 0
     f20:	30 e0       	ldi	r19, 0x00	; 0
     f22:	a9 01       	movw	r20, r18
     f24:	cf 56       	subi	r28, 0x6F	; 111
     f26:	df 4f       	sbci	r29, 0xFF	; 255
     f28:	68 81       	ld	r22, Y
     f2a:	79 81       	ldd	r23, Y+1	; 0x01
     f2c:	8a 81       	ldd	r24, Y+2	; 0x02
     f2e:	9b 81       	ldd	r25, Y+3	; 0x03
     f30:	c1 59       	subi	r28, 0x91	; 145
     f32:	d0 40       	sbci	r29, 0x00	; 0
     f34:	0e 94 4a 12 	call	0x2494	; 0x2494 <__cmpsf2>
     f38:	81 11       	cpse	r24, r1
     f3a:	08 c0       	rjmp	.+16     	; 0xf4c <__stack+0x64d>
     f3c:	cf 56       	subi	r28, 0x6F	; 111
     f3e:	df 4f       	sbci	r29, 0xFF	; 255
     f40:	18 82       	st	Y, r1
     f42:	19 82       	std	Y+1, r1	; 0x01
     f44:	1a 82       	std	Y+2, r1	; 0x02
     f46:	1b 82       	std	Y+3, r1	; 0x03
     f48:	c1 59       	subi	r28, 0x91	; 145
     f4a:	d0 40       	sbci	r29, 0x00	; 0
										dtostrf(x1, 5, 2, s1); dtostrf(x2, 5, 2, s2);
     f4c:	8e 01       	movw	r16, r28
     f4e:	0f 58       	subi	r16, 0x8F	; 143
     f50:	1f 4f       	sbci	r17, 0xFF	; 255
     f52:	22 e0       	ldi	r18, 0x02	; 2
     f54:	45 e0       	ldi	r20, 0x05	; 5
     f56:	c3 01       	movw	r24, r6
     f58:	b2 01       	movw	r22, r4
     f5a:	0e 94 4a 16 	call	0x2c94	; 0x2c94 <dtostrf>
     f5e:	00 52       	subi	r16, 0x20	; 32
     f60:	11 09       	sbc	r17, r1
     f62:	22 e0       	ldi	r18, 0x02	; 2
     f64:	45 e0       	ldi	r20, 0x05	; 5
     f66:	cf 56       	subi	r28, 0x6F	; 111
     f68:	df 4f       	sbci	r29, 0xFF	; 255
     f6a:	68 81       	ld	r22, Y
     f6c:	79 81       	ldd	r23, Y+1	; 0x01
     f6e:	8a 81       	ldd	r24, Y+2	; 0x02
     f70:	9b 81       	ldd	r25, Y+3	; 0x03
     f72:	c1 59       	subi	r28, 0x91	; 145
     f74:	d0 40       	sbci	r29, 0x00	; 0
     f76:	0e 94 4a 16 	call	0x2c94	; 0x2c94 <dtostrf>
										oled_print("X1:", 0, 6); oled_print(s1, 20, 6); oled_print("X2:", 65, 6); oled_print(s2, 85, 6);
     f7a:	46 e0       	ldi	r20, 0x06	; 6
     f7c:	60 e0       	ldi	r22, 0x00	; 0
     f7e:	8f ef       	ldi	r24, 0xFF	; 255
     f80:	91 e0       	ldi	r25, 0x01	; 1
     f82:	0e 94 6b 0f 	call	0x1ed6	; 0x1ed6 <oled_print>
     f86:	46 e0       	ldi	r20, 0x06	; 6
     f88:	64 e1       	ldi	r22, 0x14	; 20
     f8a:	ce 01       	movw	r24, r28
     f8c:	8f 58       	subi	r24, 0x8F	; 143
     f8e:	9f 4f       	sbci	r25, 0xFF	; 255
     f90:	0e 94 6b 0f 	call	0x1ed6	; 0x1ed6 <oled_print>
     f94:	46 e0       	ldi	r20, 0x06	; 6
     f96:	61 e4       	ldi	r22, 0x41	; 65
     f98:	83 e0       	ldi	r24, 0x03	; 3
     f9a:	92 e0       	ldi	r25, 0x02	; 2
     f9c:	0e 94 6b 0f 	call	0x1ed6	; 0x1ed6 <oled_print>
     fa0:	46 e0       	ldi	r20, 0x06	; 6
     fa2:	65 e5       	ldi	r22, 0x55	; 85
     fa4:	c8 01       	movw	r24, r16
     fa6:	0e 94 6b 0f 	call	0x1ed6	; 0x1ed6 <oled_print>
									}
								} oled_print("PRESS AC TO BACK", 0, 7);
     faa:	47 e0       	ldi	r20, 0x07	; 7
     fac:	60 e0       	ldi	r22, 0x00	; 0
     fae:	87 e0       	ldi	r24, 0x07	; 7
     fb0:	92 e0       	ldi	r25, 0x02	; 2
     fb2:	0e 94 6b 0f 	call	0x1ed6	; 0x1ed6 <oled_print>
							break;

							case STATE_PT2_C:
							if (key == 'D' && strlen(buffer) > 0) { buffer[strlen(buffer) - 1] = '\0'; oled_clear_line(4); oled_print("C: ", 0, 4); oled_print(buffer, 20, 4); }
							else if (key == '=') {
								c = atof(buffer); buffer[0] = '\0'; current_state = STATE_PT2_RESULT;
     fb6:	0f 2e       	mov	r0, r31
     fb8:	f5 e0       	ldi	r31, 0x05	; 5
     fba:	7f 2e       	mov	r7, r31
     fbc:	f0 2d       	mov	r31, r0
     fbe:	35 cc       	rjmp	.-1942   	; 0x82a <__DATA_REGION_LENGTH__+0x2a>
										if (x1 == -0.0) x1 = 0.0; if (x2 == -0.0) x2 = 0.0;
										dtostrf(x1, 5, 2, s1); dtostrf(x2, 5, 2, s2);
										oled_print("X1:", 0, 6); oled_print(s1, 20, 6); oled_print("X2:", 65, 6); oled_print(s2, 85, 6);
									}
								} oled_print("PRESS AC TO BACK", 0, 7);
								} else if ((key >= '0' && key <= '9') || key == '.' || key == '-') { char t[2] = {key, '\0'}; strcat(buffer, t); oled_print(buffer, 20, 4); }
     fc0:	80 ed       	ldi	r24, 0xD0	; 208
     fc2:	81 0f       	add	r24, r17
     fc4:	8a 30       	cpi	r24, 0x0A	; 10
     fc6:	28 f0       	brcs	.+10     	; 0xfd2 <__stack+0x6d3>
     fc8:	1e 32       	cpi	r17, 0x2E	; 46
     fca:	19 f0       	breq	.+6      	; 0xfd2 <__stack+0x6d3>
     fcc:	1d 32       	cpi	r17, 0x2D	; 45
     fce:	09 f0       	breq	.+2      	; 0xfd2 <__stack+0x6d3>
     fd0:	2c cc       	rjmp	.-1960   	; 0x82a <__DATA_REGION_LENGTH__+0x2a>
     fd2:	62 96       	adiw	r28, 0x12	; 18
     fd4:	1f af       	std	Y+63, r17	; 0x3f
     fd6:	62 97       	sbiw	r28, 0x12	; 18
     fd8:	63 96       	adiw	r28, 0x13	; 19
     fda:	1f ae       	std	Y+63, r1	; 0x3f
     fdc:	63 97       	sbiw	r28, 0x13	; 19
     fde:	be 01       	movw	r22, r28
     fe0:	6f 5a       	subi	r22, 0xAF	; 175
     fe2:	7f 4f       	sbci	r23, 0xFF	; 255
     fe4:	ce 01       	movw	r24, r28
     fe6:	01 96       	adiw	r24, 0x01	; 1
     fe8:	0e 94 6e 16 	call	0x2cdc	; 0x2cdc <strcat>
     fec:	44 e0       	ldi	r20, 0x04	; 4
     fee:	64 e1       	ldi	r22, 0x14	; 20
     ff0:	ce 01       	movw	r24, r28
     ff2:	01 96       	adiw	r24, 0x01	; 1
     ff4:	0e 94 6b 0f 	call	0x1ed6	; 0x1ed6 <oled_print>
     ff8:	18 cc       	rjmp	.-2000   	; 0x82a <__DATA_REGION_LENGTH__+0x2a>

								// ==========================================
								// CH? ?? 3: H? PH??NG TRÌNH 2 ?N
								// ==========================================
								case STATE_HPT_A1:
								if (key == 'D' && strlen(buffer) > 0) { buffer[strlen(buffer) - 1] = '\0'; oled_clear_line(2); oled_print("A1: ", 0, 2); oled_print(buffer, 25, 2); }
     ffa:	14 34       	cpi	r17, 0x44	; 68
     ffc:	01 f5       	brne	.+64     	; 0x103e <__stack+0x73f>
     ffe:	89 81       	ldd	r24, Y+1	; 0x01
    1000:	88 23       	and	r24, r24
    1002:	e9 f0       	breq	.+58     	; 0x103e <__stack+0x73f>
    1004:	8e 01       	movw	r16, r28
    1006:	0f 5f       	subi	r16, 0xFF	; 255
    1008:	1f 4f       	sbci	r17, 0xFF	; 255
    100a:	f8 01       	movw	r30, r16
    100c:	01 90       	ld	r0, Z+
    100e:	00 20       	and	r0, r0
    1010:	e9 f7       	brne	.-6      	; 0x100c <__stack+0x70d>
    1012:	31 97       	sbiw	r30, 0x01	; 1
    1014:	e0 1b       	sub	r30, r16
    1016:	f1 0b       	sbc	r31, r17
    1018:	31 97       	sbiw	r30, 0x01	; 1
    101a:	e0 0f       	add	r30, r16
    101c:	f1 1f       	adc	r31, r17
    101e:	10 82       	st	Z, r1
    1020:	82 e0       	ldi	r24, 0x02	; 2
    1022:	0e 94 a1 0f 	call	0x1f42	; 0x1f42 <oled_clear_line>
    1026:	42 e0       	ldi	r20, 0x02	; 2
    1028:	60 e0       	ldi	r22, 0x00	; 0
    102a:	84 ea       	ldi	r24, 0xA4	; 164
    102c:	91 e0       	ldi	r25, 0x01	; 1
    102e:	0e 94 6b 0f 	call	0x1ed6	; 0x1ed6 <oled_print>
    1032:	42 e0       	ldi	r20, 0x02	; 2
    1034:	69 e1       	ldi	r22, 0x19	; 25
    1036:	c8 01       	movw	r24, r16
    1038:	0e 94 6b 0f 	call	0x1ed6	; 0x1ed6 <oled_print>
    103c:	f6 cb       	rjmp	.-2068   	; 0x82a <__DATA_REGION_LENGTH__+0x2a>
								else if (key == '=') { a1 = atof(buffer); buffer[0] = '\0'; oled_print("B1: ", 0, 3); current_state = STATE_HPT_B1; }
    103e:	1d 33       	cpi	r17, 0x3D	; 61
    1040:	c1 f4       	brne	.+48     	; 0x1072 <__stack+0x773>
    1042:	ce 01       	movw	r24, r28
    1044:	01 96       	adiw	r24, 0x01	; 1
    1046:	0e 94 6a 16 	call	0x2cd4	; 0x2cd4 <atof>
    104a:	cb 55       	subi	r28, 0x5B	; 91
    104c:	df 4f       	sbci	r29, 0xFF	; 255
    104e:	68 83       	st	Y, r22
    1050:	79 83       	std	Y+1, r23	; 0x01
    1052:	8a 83       	std	Y+2, r24	; 0x02
    1054:	9b 83       	std	Y+3, r25	; 0x03
    1056:	c5 5a       	subi	r28, 0xA5	; 165
    1058:	d0 40       	sbci	r29, 0x00	; 0
    105a:	19 82       	std	Y+1, r1	; 0x01
    105c:	43 e0       	ldi	r20, 0x03	; 3
    105e:	60 e0       	ldi	r22, 0x00	; 0
    1060:	88 e1       	ldi	r24, 0x18	; 24
    1062:	92 e0       	ldi	r25, 0x02	; 2
    1064:	0e 94 6b 0f 	call	0x1ed6	; 0x1ed6 <oled_print>
    1068:	0f 2e       	mov	r0, r31
    106a:	f7 e0       	ldi	r31, 0x07	; 7
    106c:	7f 2e       	mov	r7, r31
    106e:	f0 2d       	mov	r31, r0
    1070:	dc cb       	rjmp	.-2120   	; 0x82a <__DATA_REGION_LENGTH__+0x2a>
								else if ((key >= '0' && key <= '9') || key == '.' || key == '-') { char t[2] = {key, '\0'}; strcat(buffer, t); oled_print(buffer, 25, 2); }
    1072:	80 ed       	ldi	r24, 0xD0	; 208
    1074:	81 0f       	add	r24, r17
    1076:	8a 30       	cpi	r24, 0x0A	; 10
    1078:	28 f0       	brcs	.+10     	; 0x1084 <__stack+0x785>
    107a:	1e 32       	cpi	r17, 0x2E	; 46
    107c:	19 f0       	breq	.+6      	; 0x1084 <__stack+0x785>
    107e:	1d 32       	cpi	r17, 0x2D	; 45
    1080:	09 f0       	breq	.+2      	; 0x1084 <__stack+0x785>
    1082:	d3 cb       	rjmp	.-2138   	; 0x82a <__DATA_REGION_LENGTH__+0x2a>
    1084:	62 96       	adiw	r28, 0x12	; 18
    1086:	1f af       	std	Y+63, r17	; 0x3f
    1088:	62 97       	sbiw	r28, 0x12	; 18
    108a:	63 96       	adiw	r28, 0x13	; 19
    108c:	1f ae       	std	Y+63, r1	; 0x3f
    108e:	63 97       	sbiw	r28, 0x13	; 19
    1090:	be 01       	movw	r22, r28
    1092:	6f 5a       	subi	r22, 0xAF	; 175
    1094:	7f 4f       	sbci	r23, 0xFF	; 255
    1096:	ce 01       	movw	r24, r28
    1098:	01 96       	adiw	r24, 0x01	; 1
    109a:	0e 94 6e 16 	call	0x2cdc	; 0x2cdc <strcat>
    109e:	42 e0       	ldi	r20, 0x02	; 2
    10a0:	69 e1       	ldi	r22, 0x19	; 25
    10a2:	ce 01       	movw	r24, r28
    10a4:	01 96       	adiw	r24, 0x01	; 1
    10a6:	0e 94 6b 0f 	call	0x1ed6	; 0x1ed6 <oled_print>
    10aa:	bf cb       	rjmp	.-2178   	; 0x82a <__DATA_REGION_LENGTH__+0x2a>
								break;

								case STATE_HPT_B1:
								if (key == 'D' && strlen(buffer) > 0) { buffer[strlen(buffer) - 1] = '\0'; oled_clear_line(3); oled_print("B1: ", 0, 3); oled_print(buffer, 25, 3); }
    10ac:	14 34       	cpi	r17, 0x44	; 68
    10ae:	01 f5       	brne	.+64     	; 0x10f0 <__stack+0x7f1>
    10b0:	89 81       	ldd	r24, Y+1	; 0x01
    10b2:	88 23       	and	r24, r24
    10b4:	e9 f0       	breq	.+58     	; 0x10f0 <__stack+0x7f1>
    10b6:	8e 01       	movw	r16, r28
    10b8:	0f 5f       	subi	r16, 0xFF	; 255
    10ba:	1f 4f       	sbci	r17, 0xFF	; 255
    10bc:	f8 01       	movw	r30, r16
    10be:	01 90       	ld	r0, Z+
    10c0:	00 20       	and	r0, r0
    10c2:	e9 f7       	brne	.-6      	; 0x10be <__stack+0x7bf>
    10c4:	31 97       	sbiw	r30, 0x01	; 1
    10c6:	e0 1b       	sub	r30, r16
    10c8:	f1 0b       	sbc	r31, r17
    10ca:	31 97       	sbiw	r30, 0x01	; 1
    10cc:	e0 0f       	add	r30, r16
    10ce:	f1 1f       	adc	r31, r17
    10d0:	10 82       	st	Z, r1
    10d2:	83 e0       	ldi	r24, 0x03	; 3
    10d4:	0e 94 a1 0f 	call	0x1f42	; 0x1f42 <oled_clear_line>
    10d8:	43 e0       	ldi	r20, 0x03	; 3
    10da:	60 e0       	ldi	r22, 0x00	; 0
    10dc:	88 e1       	ldi	r24, 0x18	; 24
    10de:	92 e0       	ldi	r25, 0x02	; 2
    10e0:	0e 94 6b 0f 	call	0x1ed6	; 0x1ed6 <oled_print>
    10e4:	43 e0       	ldi	r20, 0x03	; 3
    10e6:	69 e1       	ldi	r22, 0x19	; 25
    10e8:	c8 01       	movw	r24, r16
    10ea:	0e 94 6b 0f 	call	0x1ed6	; 0x1ed6 <oled_print>
    10ee:	9d cb       	rjmp	.-2246   	; 0x82a <__DATA_REGION_LENGTH__+0x2a>
								else if (key == '=') { b1 = atof(buffer); buffer[0] = '\0'; oled_print("C1: ", 0, 4); current_state = STATE_HPT_C1; }
    10f0:	1d 33       	cpi	r17, 0x3D	; 61
    10f2:	b9 f4       	brne	.+46     	; 0x1122 <__stack+0x823>
    10f4:	ce 01       	movw	r24, r28
    10f6:	01 96       	adiw	r24, 0x01	; 1
    10f8:	0e 94 6a 16 	call	0x2cd4	; 0x2cd4 <atof>
    10fc:	c7 55       	subi	r28, 0x57	; 87
    10fe:	df 4f       	sbci	r29, 0xFF	; 255
    1100:	68 83       	st	Y, r22
    1102:	79 83       	std	Y+1, r23	; 0x01
    1104:	8a 83       	std	Y+2, r24	; 0x02
    1106:	9b 83       	std	Y+3, r25	; 0x03
    1108:	c9 5a       	subi	r28, 0xA9	; 169
    110a:	d0 40       	sbci	r29, 0x00	; 0
    110c:	19 82       	std	Y+1, r1	; 0x01
    110e:	44 e0       	ldi	r20, 0x04	; 4
    1110:	60 e0       	ldi	r22, 0x00	; 0
    1112:	8d e1       	ldi	r24, 0x1D	; 29
    1114:	92 e0       	ldi	r25, 0x02	; 2
    1116:	0e 94 6b 0f 	call	0x1ed6	; 0x1ed6 <oled_print>
    111a:	68 94       	set
    111c:	77 24       	eor	r7, r7
    111e:	73 f8       	bld	r7, 3
    1120:	84 cb       	rjmp	.-2296   	; 0x82a <__DATA_REGION_LENGTH__+0x2a>
								else if ((key >= '0' && key <= '9') || key == '.' || key == '-') { char t[2] = {key, '\0'}; strcat(buffer, t); oled_print(buffer, 25, 3); }
    1122:	80 ed       	ldi	r24, 0xD0	; 208
    1124:	81 0f       	add	r24, r17
    1126:	8a 30       	cpi	r24, 0x0A	; 10
    1128:	28 f0       	brcs	.+10     	; 0x1134 <__stack+0x835>
    112a:	1e 32       	cpi	r17, 0x2E	; 46
    112c:	19 f0       	breq	.+6      	; 0x1134 <__stack+0x835>
    112e:	1d 32       	cpi	r17, 0x2D	; 45
    1130:	09 f0       	breq	.+2      	; 0x1134 <__stack+0x835>
    1132:	7b cb       	rjmp	.-2314   	; 0x82a <__DATA_REGION_LENGTH__+0x2a>
    1134:	62 96       	adiw	r28, 0x12	; 18
    1136:	1f af       	std	Y+63, r17	; 0x3f
    1138:	62 97       	sbiw	r28, 0x12	; 18
    113a:	63 96       	adiw	r28, 0x13	; 19
    113c:	1f ae       	std	Y+63, r1	; 0x3f
    113e:	63 97       	sbiw	r28, 0x13	; 19
    1140:	be 01       	movw	r22, r28
    1142:	6f 5a       	subi	r22, 0xAF	; 175
    1144:	7f 4f       	sbci	r23, 0xFF	; 255
    1146:	ce 01       	movw	r24, r28
    1148:	01 96       	adiw	r24, 0x01	; 1
    114a:	0e 94 6e 16 	call	0x2cdc	; 0x2cdc <strcat>
    114e:	43 e0       	ldi	r20, 0x03	; 3
    1150:	69 e1       	ldi	r22, 0x19	; 25
    1152:	ce 01       	movw	r24, r28
    1154:	01 96       	adiw	r24, 0x01	; 1
    1156:	0e 94 6b 0f 	call	0x1ed6	; 0x1ed6 <oled_print>
    115a:	67 cb       	rjmp	.-2354   	; 0x82a <__DATA_REGION_LENGTH__+0x2a>
								break;

								case STATE_HPT_C1:
								if (key == 'D' && strlen(buffer) > 0) { buffer[strlen(buffer) - 1] = '\0'; oled_clear_line(4); oled_print("C1: ", 0, 4); oled_print(buffer, 25, 4); }
    115c:	14 34       	cpi	r17, 0x44	; 68
    115e:	01 f5       	brne	.+64     	; 0x11a0 <__stack+0x8a1>
    1160:	89 81       	ldd	r24, Y+1	; 0x01
    1162:	88 23       	and	r24, r24
    1164:	e9 f0       	breq	.+58     	; 0x11a0 <__stack+0x8a1>
    1166:	8e 01       	movw	r16, r28
    1168:	0f 5f       	subi	r16, 0xFF	; 255
    116a:	1f 4f       	sbci	r17, 0xFF	; 255
    116c:	f8 01       	movw	r30, r16
    116e:	01 90       	ld	r0, Z+
    1170:	00 20       	and	r0, r0
    1172:	e9 f7       	brne	.-6      	; 0x116e <__stack+0x86f>
    1174:	31 97       	sbiw	r30, 0x01	; 1
    1176:	e0 1b       	sub	r30, r16
    1178:	f1 0b       	sbc	r31, r17
    117a:	31 97       	sbiw	r30, 0x01	; 1
    117c:	e0 0f       	add	r30, r16
    117e:	f1 1f       	adc	r31, r17
    1180:	10 82       	st	Z, r1
    1182:	84 e0       	ldi	r24, 0x04	; 4
    1184:	0e 94 a1 0f 	call	0x1f42	; 0x1f42 <oled_clear_line>
    1188:	44 e0       	ldi	r20, 0x04	; 4
    118a:	60 e0       	ldi	r22, 0x00	; 0
    118c:	8d e1       	ldi	r24, 0x1D	; 29
    118e:	92 e0       	ldi	r25, 0x02	; 2
    1190:	0e 94 6b 0f 	call	0x1ed6	; 0x1ed6 <oled_print>
    1194:	44 e0       	ldi	r20, 0x04	; 4
    1196:	69 e1       	ldi	r22, 0x19	; 25
    1198:	c8 01       	movw	r24, r16
    119a:	0e 94 6b 0f 	call	0x1ed6	; 0x1ed6 <oled_print>
    119e:	45 cb       	rjmp	.-2422   	; 0x82a <__DATA_REGION_LENGTH__+0x2a>
								else if (key == '=') {
    11a0:	1d 33       	cpi	r17, 0x3D	; 61
    11a2:	01 f5       	brne	.+64     	; 0x11e4 <__stack+0x8e5>
									c1 = atof(buffer); buffer[0] = '\0';
    11a4:	ce 01       	movw	r24, r28
    11a6:	01 96       	adiw	r24, 0x01	; 1
    11a8:	0e 94 6a 16 	call	0x2cd4	; 0x2cd4 <atof>
    11ac:	c3 55       	subi	r28, 0x53	; 83
    11ae:	df 4f       	sbci	r29, 0xFF	; 255
    11b0:	68 83       	st	Y, r22
    11b2:	79 83       	std	Y+1, r23	; 0x01
    11b4:	8a 83       	std	Y+2, r24	; 0x02
    11b6:	9b 83       	std	Y+3, r25	; 0x03
    11b8:	cd 5a       	subi	r28, 0xAD	; 173
    11ba:	d0 40       	sbci	r29, 0x00	; 0
    11bc:	19 82       	std	Y+1, r1	; 0x01
									oled_clear(); oled_print("HPT: A2X + B2Y = C2", 0, 0); oled_print("A2: ", 0, 2);
    11be:	0e 94 81 0f 	call	0x1f02	; 0x1f02 <oled_clear>
    11c2:	40 e0       	ldi	r20, 0x00	; 0
    11c4:	60 e0       	ldi	r22, 0x00	; 0
    11c6:	82 e2       	ldi	r24, 0x22	; 34
    11c8:	92 e0       	ldi	r25, 0x02	; 2
    11ca:	0e 94 6b 0f 	call	0x1ed6	; 0x1ed6 <oled_print>
    11ce:	42 e0       	ldi	r20, 0x02	; 2
    11d0:	60 e0       	ldi	r22, 0x00	; 0
    11d2:	86 e3       	ldi	r24, 0x36	; 54
    11d4:	92 e0       	ldi	r25, 0x02	; 2
    11d6:	0e 94 6b 0f 	call	0x1ed6	; 0x1ed6 <oled_print>
									current_state = STATE_HPT_A2;
    11da:	0f 2e       	mov	r0, r31
    11dc:	f9 e0       	ldi	r31, 0x09	; 9
    11de:	7f 2e       	mov	r7, r31
    11e0:	f0 2d       	mov	r31, r0
    11e2:	23 cb       	rjmp	.-2490   	; 0x82a <__DATA_REGION_LENGTH__+0x2a>
									} else if ((key >= '0' && key <= '9') || key == '.' || key == '-') { char t[2] = {key, '\0'}; strcat(buffer, t); oled_print(buffer, 25, 4); }
    11e4:	80 ed       	ldi	r24, 0xD0	; 208
    11e6:	81 0f       	add	r24, r17
    11e8:	8a 30       	cpi	r24, 0x0A	; 10
    11ea:	28 f0       	brcs	.+10     	; 0x11f6 <__stack+0x8f7>
    11ec:	1e 32       	cpi	r17, 0x2E	; 46
    11ee:	19 f0       	breq	.+6      	; 0x11f6 <__stack+0x8f7>
    11f0:	1d 32       	cpi	r17, 0x2D	; 45
    11f2:	09 f0       	breq	.+2      	; 0x11f6 <__stack+0x8f7>
    11f4:	1a cb       	rjmp	.-2508   	; 0x82a <__DATA_REGION_LENGTH__+0x2a>
    11f6:	62 96       	adiw	r28, 0x12	; 18
    11f8:	1f af       	std	Y+63, r17	; 0x3f
    11fa:	62 97       	sbiw	r28, 0x12	; 18
    11fc:	63 96       	adiw	r28, 0x13	; 19
    11fe:	1f ae       	std	Y+63, r1	; 0x3f
    1200:	63 97       	sbiw	r28, 0x13	; 19
    1202:	be 01       	movw	r22, r28
    1204:	6f 5a       	subi	r22, 0xAF	; 175
    1206:	7f 4f       	sbci	r23, 0xFF	; 255
    1208:	ce 01       	movw	r24, r28
    120a:	01 96       	adiw	r24, 0x01	; 1
    120c:	0e 94 6e 16 	call	0x2cdc	; 0x2cdc <strcat>
    1210:	44 e0       	ldi	r20, 0x04	; 4
    1212:	69 e1       	ldi	r22, 0x19	; 25
    1214:	ce 01       	movw	r24, r28
    1216:	01 96       	adiw	r24, 0x01	; 1
    1218:	0e 94 6b 0f 	call	0x1ed6	; 0x1ed6 <oled_print>
    121c:	06 cb       	rjmp	.-2548   	; 0x82a <__DATA_REGION_LENGTH__+0x2a>
									break;

									case STATE_HPT_A2:
									if (key == 'D' && strlen(buffer) > 0) { buffer[strlen(buffer) - 1] = '\0'; oled_clear_line(2); oled_print("A2: ", 0, 2); oled_print(buffer, 25, 2); }
    121e:	14 34       	cpi	r17, 0x44	; 68
    1220:	01 f5       	brne	.+64     	; 0x1262 <__stack+0x963>
    1222:	89 81       	ldd	r24, Y+1	; 0x01
    1224:	88 23       	and	r24, r24
    1226:	e9 f0       	breq	.+58     	; 0x1262 <__stack+0x963>
    1228:	8e 01       	movw	r16, r28
    122a:	0f 5f       	subi	r16, 0xFF	; 255
    122c:	1f 4f       	sbci	r17, 0xFF	; 255
    122e:	f8 01       	movw	r30, r16
    1230:	01 90       	ld	r0, Z+
    1232:	00 20       	and	r0, r0
    1234:	e9 f7       	brne	.-6      	; 0x1230 <__stack+0x931>
    1236:	31 97       	sbiw	r30, 0x01	; 1
    1238:	e0 1b       	sub	r30, r16
    123a:	f1 0b       	sbc	r31, r17
    123c:	31 97       	sbiw	r30, 0x01	; 1
    123e:	e0 0f       	add	r30, r16
    1240:	f1 1f       	adc	r31, r17
    1242:	10 82       	st	Z, r1
    1244:	82 e0       	ldi	r24, 0x02	; 2
    1246:	0e 94 a1 0f 	call	0x1f42	; 0x1f42 <oled_clear_line>
    124a:	42 e0       	ldi	r20, 0x02	; 2
    124c:	60 e0       	ldi	r22, 0x00	; 0
    124e:	86 e3       	ldi	r24, 0x36	; 54
    1250:	92 e0       	ldi	r25, 0x02	; 2
    1252:	0e 94 6b 0f 	call	0x1ed6	; 0x1ed6 <oled_print>
    1256:	42 e0       	ldi	r20, 0x02	; 2
    1258:	69 e1       	ldi	r22, 0x19	; 25
    125a:	c8 01       	movw	r24, r16
    125c:	0e 94 6b 0f 	call	0x1ed6	; 0x1ed6 <oled_print>
    1260:	e4 ca       	rjmp	.-2616   	; 0x82a <__DATA_REGION_LENGTH__+0x2a>
									else if (key == '=') { a2 = atof(buffer); buffer[0] = '\0'; oled_print("B2: ", 0, 3); current_state = STATE_HPT_B2; }
    1262:	1d 33       	cpi	r17, 0x3D	; 61
    1264:	c1 f4       	brne	.+48     	; 0x1296 <__stack+0x997>
    1266:	ce 01       	movw	r24, r28
    1268:	01 96       	adiw	r24, 0x01	; 1
    126a:	0e 94 6a 16 	call	0x2cd4	; 0x2cd4 <atof>
    126e:	cf 54       	subi	r28, 0x4F	; 79
    1270:	df 4f       	sbci	r29, 0xFF	; 255
    1272:	68 83       	st	Y, r22
    1274:	79 83       	std	Y+1, r23	; 0x01
    1276:	8a 83       	std	Y+2, r24	; 0x02
    1278:	9b 83       	std	Y+3, r25	; 0x03
    127a:	c1 5b       	subi	r28, 0xB1	; 177
    127c:	d0 40       	sbci	r29, 0x00	; 0
    127e:	19 82       	std	Y+1, r1	; 0x01
    1280:	43 e0       	ldi	r20, 0x03	; 3
    1282:	60 e0       	ldi	r22, 0x00	; 0
    1284:	8b e3       	ldi	r24, 0x3B	; 59
    1286:	92 e0       	ldi	r25, 0x02	; 2
    1288:	0e 94 6b 0f 	call	0x1ed6	; 0x1ed6 <oled_print>
    128c:	0f 2e       	mov	r0, r31
    128e:	fa e0       	ldi	r31, 0x0A	; 10
    1290:	7f 2e       	mov	r7, r31
    1292:	f0 2d       	mov	r31, r0
    1294:	ca ca       	rjmp	.-2668   	; 0x82a <__DATA_REGION_LENGTH__+0x2a>
									else if ((key >= '0' && key <= '9') || key == '.' || key == '-') { char t[2] = {key, '\0'}; strcat(buffer, t); oled_print(buffer, 25, 2); }
    1296:	80 ed       	ldi	r24, 0xD0	; 208
    1298:	81 0f       	add	r24, r17
    129a:	8a 30       	cpi	r24, 0x0A	; 10
    129c:	28 f0       	brcs	.+10     	; 0x12a8 <__stack+0x9a9>
    129e:	1e 32       	cpi	r17, 0x2E	; 46
    12a0:	19 f0       	breq	.+6      	; 0x12a8 <__stack+0x9a9>
    12a2:	1d 32       	cpi	r17, 0x2D	; 45
    12a4:	09 f0       	breq	.+2      	; 0x12a8 <__stack+0x9a9>
    12a6:	c1 ca       	rjmp	.-2686   	; 0x82a <__DATA_REGION_LENGTH__+0x2a>
    12a8:	62 96       	adiw	r28, 0x12	; 18
    12aa:	1f af       	std	Y+63, r17	; 0x3f
    12ac:	62 97       	sbiw	r28, 0x12	; 18
    12ae:	63 96       	adiw	r28, 0x13	; 19
    12b0:	1f ae       	std	Y+63, r1	; 0x3f
    12b2:	63 97       	sbiw	r28, 0x13	; 19
    12b4:	be 01       	movw	r22, r28
    12b6:	6f 5a       	subi	r22, 0xAF	; 175
    12b8:	7f 4f       	sbci	r23, 0xFF	; 255
    12ba:	ce 01       	movw	r24, r28
    12bc:	01 96       	adiw	r24, 0x01	; 1
    12be:	0e 94 6e 16 	call	0x2cdc	; 0x2cdc <strcat>
    12c2:	42 e0       	ldi	r20, 0x02	; 2
    12c4:	69 e1       	ldi	r22, 0x19	; 25
    12c6:	ce 01       	movw	r24, r28
    12c8:	01 96       	adiw	r24, 0x01	; 1
    12ca:	0e 94 6b 0f 	call	0x1ed6	; 0x1ed6 <oled_print>
    12ce:	ad ca       	rjmp	.-2726   	; 0x82a <__DATA_REGION_LENGTH__+0x2a>
									break;

									case STATE_HPT_B2:
									if (key == 'D' && strlen(buffer) > 0) { buffer[strlen(buffer) - 1] = '\0'; oled_clear_line(3); oled_print("B2: ", 0, 3); oled_print(buffer, 25, 3); }
    12d0:	14 34       	cpi	r17, 0x44	; 68
    12d2:	01 f5       	brne	.+64     	; 0x1314 <__stack+0xa15>
    12d4:	89 81       	ldd	r24, Y+1	; 0x01
    12d6:	88 23       	and	r24, r24
    12d8:	e9 f0       	breq	.+58     	; 0x1314 <__stack+0xa15>
    12da:	8e 01       	movw	r16, r28
    12dc:	0f 5f       	subi	r16, 0xFF	; 255
    12de:	1f 4f       	sbci	r17, 0xFF	; 255
    12e0:	f8 01       	movw	r30, r16
    12e2:	01 90       	ld	r0, Z+
    12e4:	00 20       	and	r0, r0
    12e6:	e9 f7       	brne	.-6      	; 0x12e2 <__stack+0x9e3>
    12e8:	31 97       	sbiw	r30, 0x01	; 1
    12ea:	e0 1b       	sub	r30, r16
    12ec:	f1 0b       	sbc	r31, r17
    12ee:	31 97       	sbiw	r30, 0x01	; 1
    12f0:	e0 0f       	add	r30, r16
    12f2:	f1 1f       	adc	r31, r17
    12f4:	10 82       	st	Z, r1
    12f6:	83 e0       	ldi	r24, 0x03	; 3
    12f8:	0e 94 a1 0f 	call	0x1f42	; 0x1f42 <oled_clear_line>
    12fc:	43 e0       	ldi	r20, 0x03	; 3
    12fe:	60 e0       	ldi	r22, 0x00	; 0
    1300:	8b e3       	ldi	r24, 0x3B	; 59
    1302:	92 e0       	ldi	r25, 0x02	; 2
    1304:	0e 94 6b 0f 	call	0x1ed6	; 0x1ed6 <oled_print>
    1308:	43 e0       	ldi	r20, 0x03	; 3
    130a:	69 e1       	ldi	r22, 0x19	; 25
    130c:	c8 01       	movw	r24, r16
    130e:	0e 94 6b 0f 	call	0x1ed6	; 0x1ed6 <oled_print>
    1312:	8b ca       	rjmp	.-2794   	; 0x82a <__DATA_REGION_LENGTH__+0x2a>
									else if (key == '=') { b2 = atof(buffer); buffer[0] = '\0'; oled_print("C2: ", 0, 4); current_state = STATE_HPT_C2; }
    1314:	1d 33       	cpi	r17, 0x3D	; 61
    1316:	c1 f4       	brne	.+48     	; 0x1348 <__stack+0xa49>
    1318:	ce 01       	movw	r24, r28
    131a:	01 96       	adiw	r24, 0x01	; 1
    131c:	0e 94 6a 16 	call	0x2cd4	; 0x2cd4 <atof>
    1320:	cb 54       	subi	r28, 0x4B	; 75
    1322:	df 4f       	sbci	r29, 0xFF	; 255
    1324:	68 83       	st	Y, r22
    1326:	79 83       	std	Y+1, r23	; 0x01
    1328:	8a 83       	std	Y+2, r24	; 0x02
    132a:	9b 83       	std	Y+3, r25	; 0x03
    132c:	c5 5b       	subi	r28, 0xB5	; 181
    132e:	d0 40       	sbci	r29, 0x00	; 0
    1330:	19 82       	std	Y+1, r1	; 0x01
    1332:	44 e0       	ldi	r20, 0x04	; 4
    1334:	60 e0       	ldi	r22, 0x00	; 0
    1336:	80 e4       	ldi	r24, 0x40	; 64
    1338:	92 e0       	ldi	r25, 0x02	; 2
    133a:	0e 94 6b 0f 	call	0x1ed6	; 0x1ed6 <oled_print>
    133e:	0f 2e       	mov	r0, r31
    1340:	fb e0       	ldi	r31, 0x0B	; 11
    1342:	7f 2e       	mov	r7, r31
    1344:	f0 2d       	mov	r31, r0
    1346:	71 ca       	rjmp	.-2846   	; 0x82a <__DATA_REGION_LENGTH__+0x2a>
									else if ((key >= '0' && key <= '9') || key == '.' || key == '-') { char t[2] = {key, '\0'}; strcat(buffer, t); oled_print(buffer, 25, 3); }
    1348:	80 ed       	ldi	r24, 0xD0	; 208
    134a:	81 0f       	add	r24, r17
    134c:	8a 30       	cpi	r24, 0x0A	; 10
    134e:	28 f0       	brcs	.+10     	; 0x135a <__stack+0xa5b>
    1350:	1e 32       	cpi	r17, 0x2E	; 46
    1352:	19 f0       	breq	.+6      	; 0x135a <__stack+0xa5b>
    1354:	1d 32       	cpi	r17, 0x2D	; 45
    1356:	09 f0       	breq	.+2      	; 0x135a <__stack+0xa5b>
    1358:	68 ca       	rjmp	.-2864   	; 0x82a <__DATA_REGION_LENGTH__+0x2a>
    135a:	62 96       	adiw	r28, 0x12	; 18
    135c:	1f af       	std	Y+63, r17	; 0x3f
    135e:	62 97       	sbiw	r28, 0x12	; 18
    1360:	63 96       	adiw	r28, 0x13	; 19
    1362:	1f ae       	std	Y+63, r1	; 0x3f
    1364:	63 97       	sbiw	r28, 0x13	; 19
    1366:	be 01       	movw	r22, r28
    1368:	6f 5a       	subi	r22, 0xAF	; 175
    136a:	7f 4f       	sbci	r23, 0xFF	; 255
    136c:	ce 01       	movw	r24, r28
    136e:	01 96       	adiw	r24, 0x01	; 1
    1370:	0e 94 6e 16 	call	0x2cdc	; 0x2cdc <strcat>
    1374:	43 e0       	ldi	r20, 0x03	; 3
    1376:	69 e1       	ldi	r22, 0x19	; 25
    1378:	ce 01       	movw	r24, r28
    137a:	01 96       	adiw	r24, 0x01	; 1
    137c:	0e 94 6b 0f 	call	0x1ed6	; 0x1ed6 <oled_print>
    1380:	54 ca       	rjmp	.-2904   	; 0x82a <__DATA_REGION_LENGTH__+0x2a>
									break;

									case STATE_HPT_C2:
									if (key == 'D' && strlen(buffer) > 0) { buffer[strlen(buffer) - 1] = '\0'; oled_clear_line(4); oled_print("C2: ", 0, 4); oled_print(buffer, 25, 4); }
    1382:	14 34       	cpi	r17, 0x44	; 68
    1384:	01 f5       	brne	.+64     	; 0x13c6 <__stack+0xac7>
    1386:	89 81       	ldd	r24, Y+1	; 0x01
    1388:	88 23       	and	r24, r24
    138a:	e9 f0       	breq	.+58     	; 0x13c6 <__stack+0xac7>
    138c:	8e 01       	movw	r16, r28
    138e:	0f 5f       	subi	r16, 0xFF	; 255
    1390:	1f 4f       	sbci	r17, 0xFF	; 255
    1392:	f8 01       	movw	r30, r16
    1394:	01 90       	ld	r0, Z+
    1396:	00 20       	and	r0, r0
    1398:	e9 f7       	brne	.-6      	; 0x1394 <__stack+0xa95>
    139a:	31 97       	sbiw	r30, 0x01	; 1
    139c:	e0 1b       	sub	r30, r16
    139e:	f1 0b       	sbc	r31, r17
    13a0:	31 97       	sbiw	r30, 0x01	; 1
    13a2:	e0 0f       	add	r30, r16
    13a4:	f1 1f       	adc	r31, r17
    13a6:	10 82       	st	Z, r1
    13a8:	84 e0       	ldi	r24, 0x04	; 4
    13aa:	0e 94 a1 0f 	call	0x1f42	; 0x1f42 <oled_clear_line>
    13ae:	44 e0       	ldi	r20, 0x04	; 4
    13b0:	60 e0       	ldi	r22, 0x00	; 0
    13b2:	80 e4       	ldi	r24, 0x40	; 64
    13b4:	92 e0       	ldi	r25, 0x02	; 2
    13b6:	0e 94 6b 0f 	call	0x1ed6	; 0x1ed6 <oled_print>
    13ba:	44 e0       	ldi	r20, 0x04	; 4
    13bc:	69 e1       	ldi	r22, 0x19	; 25
    13be:	c8 01       	movw	r24, r16
    13c0:	0e 94 6b 0f 	call	0x1ed6	; 0x1ed6 <oled_print>
    13c4:	32 ca       	rjmp	.-2972   	; 0x82a <__DATA_REGION_LENGTH__+0x2a>
									else if (key == '=') {
    13c6:	1d 33       	cpi	r17, 0x3D	; 61
    13c8:	09 f0       	breq	.+2      	; 0x13cc <__stack+0xacd>
    13ca:	6c c1       	rjmp	.+728    	; 0x16a4 <__stack+0xda5>
										c2 = atof(buffer); buffer[0] = '\0'; current_state = STATE_HPT_RESULT;
    13cc:	ce 01       	movw	r24, r28
    13ce:	01 96       	adiw	r24, 0x01	; 1
    13d0:	0e 94 6a 16 	call	0x2cd4	; 0x2cd4 <atof>
    13d4:	cb 56       	subi	r28, 0x6B	; 107
    13d6:	df 4f       	sbci	r29, 0xFF	; 255
    13d8:	68 83       	st	Y, r22
    13da:	79 83       	std	Y+1, r23	; 0x01
    13dc:	8a 83       	std	Y+2, r24	; 0x02
    13de:	9b 83       	std	Y+3, r25	; 0x03
    13e0:	c5 59       	subi	r28, 0x95	; 149
    13e2:	d0 40       	sbci	r29, 0x00	; 0
    13e4:	19 82       	std	Y+1, r1	; 0x01
										
										// Tính ??nh th?c Cramer
										double D  = a1 * b2 - a2 * b1;
    13e6:	cb 54       	subi	r28, 0x4B	; 75
    13e8:	df 4f       	sbci	r29, 0xFF	; 255
    13ea:	28 81       	ld	r18, Y
    13ec:	39 81       	ldd	r19, Y+1	; 0x01
    13ee:	4a 81       	ldd	r20, Y+2	; 0x02
    13f0:	5b 81       	ldd	r21, Y+3	; 0x03
    13f2:	c5 5b       	subi	r28, 0xB5	; 181
    13f4:	d0 40       	sbci	r29, 0x00	; 0
    13f6:	cb 55       	subi	r28, 0x5B	; 91
    13f8:	df 4f       	sbci	r29, 0xFF	; 255
    13fa:	68 81       	ld	r22, Y
    13fc:	79 81       	ldd	r23, Y+1	; 0x01
    13fe:	8a 81       	ldd	r24, Y+2	; 0x02
    1400:	9b 81       	ldd	r25, Y+3	; 0x03
    1402:	c5 5a       	subi	r28, 0xA5	; 165
    1404:	d0 40       	sbci	r29, 0x00	; 0
    1406:	0e 94 14 14 	call	0x2828	; 0x2828 <__mulsf3>
    140a:	2b 01       	movw	r4, r22
    140c:	3c 01       	movw	r6, r24
    140e:	cf 54       	subi	r28, 0x4F	; 79
    1410:	df 4f       	sbci	r29, 0xFF	; 255
    1412:	28 81       	ld	r18, Y
    1414:	39 81       	ldd	r19, Y+1	; 0x01
    1416:	4a 81       	ldd	r20, Y+2	; 0x02
    1418:	5b 81       	ldd	r21, Y+3	; 0x03
    141a:	c1 5b       	subi	r28, 0xB1	; 177
    141c:	d0 40       	sbci	r29, 0x00	; 0
    141e:	c7 55       	subi	r28, 0x57	; 87
    1420:	df 4f       	sbci	r29, 0xFF	; 255
    1422:	68 81       	ld	r22, Y
    1424:	79 81       	ldd	r23, Y+1	; 0x01
    1426:	8a 81       	ldd	r24, Y+2	; 0x02
    1428:	9b 81       	ldd	r25, Y+3	; 0x03
    142a:	c9 5a       	subi	r28, 0xA9	; 169
    142c:	d0 40       	sbci	r29, 0x00	; 0
    142e:	0e 94 14 14 	call	0x2828	; 0x2828 <__mulsf3>
    1432:	9b 01       	movw	r18, r22
    1434:	ac 01       	movw	r20, r24
    1436:	c3 01       	movw	r24, r6
    1438:	b2 01       	movw	r22, r4
    143a:	0e 94 dd 11 	call	0x23ba	; 0x23ba <__subsf3>
    143e:	cf 56       	subi	r28, 0x6F	; 111
    1440:	df 4f       	sbci	r29, 0xFF	; 255
    1442:	68 83       	st	Y, r22
    1444:	79 83       	std	Y+1, r23	; 0x01
    1446:	8a 83       	std	Y+2, r24	; 0x02
    1448:	9b 83       	std	Y+3, r25	; 0x03
    144a:	c1 59       	subi	r28, 0x91	; 145
    144c:	d0 40       	sbci	r29, 0x00	; 0
										double Dx = c1 * b2 - c2 * b1;
    144e:	cb 54       	subi	r28, 0x4B	; 75
    1450:	df 4f       	sbci	r29, 0xFF	; 255
    1452:	28 81       	ld	r18, Y
    1454:	39 81       	ldd	r19, Y+1	; 0x01
    1456:	4a 81       	ldd	r20, Y+2	; 0x02
    1458:	5b 81       	ldd	r21, Y+3	; 0x03
    145a:	c5 5b       	subi	r28, 0xB5	; 181
    145c:	d0 40       	sbci	r29, 0x00	; 0
    145e:	c3 55       	subi	r28, 0x53	; 83
    1460:	df 4f       	sbci	r29, 0xFF	; 255
    1462:	68 81       	ld	r22, Y
    1464:	79 81       	ldd	r23, Y+1	; 0x01
    1466:	8a 81       	ldd	r24, Y+2	; 0x02
    1468:	9b 81       	ldd	r25, Y+3	; 0x03
    146a:	cd 5a       	subi	r28, 0xAD	; 173
    146c:	d0 40       	sbci	r29, 0x00	; 0
    146e:	0e 94 14 14 	call	0x2828	; 0x2828 <__mulsf3>
    1472:	2b 01       	movw	r4, r22
    1474:	3c 01       	movw	r6, r24
    1476:	cb 56       	subi	r28, 0x6B	; 107
    1478:	df 4f       	sbci	r29, 0xFF	; 255
    147a:	28 81       	ld	r18, Y
    147c:	39 81       	ldd	r19, Y+1	; 0x01
    147e:	4a 81       	ldd	r20, Y+2	; 0x02
    1480:	5b 81       	ldd	r21, Y+3	; 0x03
    1482:	c5 59       	subi	r28, 0x95	; 149
    1484:	d0 40       	sbci	r29, 0x00	; 0
    1486:	c7 55       	subi	r28, 0x57	; 87
    1488:	df 4f       	sbci	r29, 0xFF	; 255
    148a:	68 81       	ld	r22, Y
    148c:	79 81       	ldd	r23, Y+1	; 0x01
    148e:	8a 81       	ldd	r24, Y+2	; 0x02
    1490:	9b 81       	ldd	r25, Y+3	; 0x03
    1492:	c9 5a       	subi	r28, 0xA9	; 169
    1494:	d0 40       	sbci	r29, 0x00	; 0
    1496:	0e 94 14 14 	call	0x2828	; 0x2828 <__mulsf3>
    149a:	9b 01       	movw	r18, r22
    149c:	ac 01       	movw	r20, r24
    149e:	c3 01       	movw	r24, r6
    14a0:	b2 01       	movw	r22, r4
    14a2:	0e 94 dd 11 	call	0x23ba	; 0x23ba <__subsf3>
    14a6:	2b 01       	movw	r4, r22
    14a8:	3c 01       	movw	r6, r24
										double Dy = a1 * c2 - a2 * c1;
    14aa:	cb 56       	subi	r28, 0x6B	; 107
    14ac:	df 4f       	sbci	r29, 0xFF	; 255
    14ae:	28 81       	ld	r18, Y
    14b0:	39 81       	ldd	r19, Y+1	; 0x01
    14b2:	4a 81       	ldd	r20, Y+2	; 0x02
    14b4:	5b 81       	ldd	r21, Y+3	; 0x03
    14b6:	c5 59       	subi	r28, 0x95	; 149
    14b8:	d0 40       	sbci	r29, 0x00	; 0
    14ba:	cb 55       	subi	r28, 0x5B	; 91
    14bc:	df 4f       	sbci	r29, 0xFF	; 255
    14be:	68 81       	ld	r22, Y
    14c0:	79 81       	ldd	r23, Y+1	; 0x01
    14c2:	8a 81       	ldd	r24, Y+2	; 0x02
    14c4:	9b 81       	ldd	r25, Y+3	; 0x03
    14c6:	c5 5a       	subi	r28, 0xA5	; 165
    14c8:	d0 40       	sbci	r29, 0x00	; 0
    14ca:	0e 94 14 14 	call	0x2828	; 0x2828 <__mulsf3>
    14ce:	cb 56       	subi	r28, 0x6B	; 107
    14d0:	df 4f       	sbci	r29, 0xFF	; 255
    14d2:	68 83       	st	Y, r22
    14d4:	79 83       	std	Y+1, r23	; 0x01
    14d6:	8a 83       	std	Y+2, r24	; 0x02
    14d8:	9b 83       	std	Y+3, r25	; 0x03
    14da:	c5 59       	subi	r28, 0x95	; 149
    14dc:	d0 40       	sbci	r29, 0x00	; 0
    14de:	cf 54       	subi	r28, 0x4F	; 79
    14e0:	df 4f       	sbci	r29, 0xFF	; 255
    14e2:	28 81       	ld	r18, Y
    14e4:	39 81       	ldd	r19, Y+1	; 0x01
    14e6:	4a 81       	ldd	r20, Y+2	; 0x02
    14e8:	5b 81       	ldd	r21, Y+3	; 0x03
    14ea:	c1 5b       	subi	r28, 0xB1	; 177
    14ec:	d0 40       	sbci	r29, 0x00	; 0
    14ee:	c3 55       	subi	r28, 0x53	; 83
    14f0:	df 4f       	sbci	r29, 0xFF	; 255
    14f2:	68 81       	ld	r22, Y
    14f4:	79 81       	ldd	r23, Y+1	; 0x01
    14f6:	8a 81       	ldd	r24, Y+2	; 0x02
    14f8:	9b 81       	ldd	r25, Y+3	; 0x03
    14fa:	cd 5a       	subi	r28, 0xAD	; 173
    14fc:	d0 40       	sbci	r29, 0x00	; 0
    14fe:	0e 94 14 14 	call	0x2828	; 0x2828 <__mulsf3>
    1502:	9b 01       	movw	r18, r22
    1504:	ac 01       	movw	r20, r24
    1506:	cb 56       	subi	r28, 0x6B	; 107
    1508:	df 4f       	sbci	r29, 0xFF	; 255
    150a:	68 81       	ld	r22, Y
    150c:	79 81       	ldd	r23, Y+1	; 0x01
    150e:	8a 81       	ldd	r24, Y+2	; 0x02
    1510:	9b 81       	ldd	r25, Y+3	; 0x03
    1512:	c5 59       	subi	r28, 0x95	; 149
    1514:	d0 40       	sbci	r29, 0x00	; 0
    1516:	0e 94 dd 11 	call	0x23ba	; 0x23ba <__subsf3>
    151a:	cb 56       	subi	r28, 0x6B	; 107
    151c:	df 4f       	sbci	r29, 0xFF	; 255
    151e:	68 83       	st	Y, r22
    1520:	79 83       	std	Y+1, r23	; 0x01
    1522:	8a 83       	std	Y+2, r24	; 0x02
    1524:	9b 83       	std	Y+3, r25	; 0x03
    1526:	c5 59       	subi	r28, 0x95	; 149
    1528:	d0 40       	sbci	r29, 0x00	; 0
										
										oled_clear_line(6);
    152a:	86 e0       	ldi	r24, 0x06	; 6
    152c:	0e 94 a1 0f 	call	0x1f42	; 0x1f42 <oled_clear_line>
										if (D == 0) {
    1530:	20 e0       	ldi	r18, 0x00	; 0
    1532:	30 e0       	ldi	r19, 0x00	; 0
    1534:	a9 01       	movw	r20, r18
    1536:	cf 56       	subi	r28, 0x6F	; 111
    1538:	df 4f       	sbci	r29, 0xFF	; 255
    153a:	68 81       	ld	r22, Y
    153c:	79 81       	ldd	r23, Y+1	; 0x01
    153e:	8a 81       	ldd	r24, Y+2	; 0x02
    1540:	9b 81       	ldd	r25, Y+3	; 0x03
    1542:	c1 59       	subi	r28, 0x91	; 145
    1544:	d0 40       	sbci	r29, 0x00	; 0
    1546:	0e 94 4a 12 	call	0x2494	; 0x2494 <__cmpsf2>
    154a:	81 11       	cpse	r24, r1
    154c:	26 c0       	rjmp	.+76     	; 0x159a <__stack+0xc9b>
											if (Dx == 0 && Dy == 0) oled_print("VO SO NGHIEM !", 0, 6); else oled_print("VO NGHIEM !", 0, 6);
    154e:	20 e0       	ldi	r18, 0x00	; 0
    1550:	30 e0       	ldi	r19, 0x00	; 0
    1552:	a9 01       	movw	r20, r18
    1554:	c3 01       	movw	r24, r6
    1556:	b2 01       	movw	r22, r4
    1558:	0e 94 4a 12 	call	0x2494	; 0x2494 <__cmpsf2>
    155c:	81 11       	cpse	r24, r1
    155e:	16 c0       	rjmp	.+44     	; 0x158c <__stack+0xc8d>
    1560:	20 e0       	ldi	r18, 0x00	; 0
    1562:	30 e0       	ldi	r19, 0x00	; 0
    1564:	a9 01       	movw	r20, r18
    1566:	cb 56       	subi	r28, 0x6B	; 107
    1568:	df 4f       	sbci	r29, 0xFF	; 255
    156a:	68 81       	ld	r22, Y
    156c:	79 81       	ldd	r23, Y+1	; 0x01
    156e:	8a 81       	ldd	r24, Y+2	; 0x02
    1570:	9b 81       	ldd	r25, Y+3	; 0x03
    1572:	c5 59       	subi	r28, 0x95	; 149
    1574:	d0 40       	sbci	r29, 0x00	; 0
    1576:	0e 94 4a 12 	call	0x2494	; 0x2494 <__cmpsf2>
    157a:	81 11       	cpse	r24, r1
    157c:	07 c0       	rjmp	.+14     	; 0x158c <__stack+0xc8d>
    157e:	46 e0       	ldi	r20, 0x06	; 6
    1580:	60 e0       	ldi	r22, 0x00	; 0
    1582:	89 ed       	ldi	r24, 0xD9	; 217
    1584:	91 e0       	ldi	r25, 0x01	; 1
    1586:	0e 94 6b 0f 	call	0x1ed6	; 0x1ed6 <oled_print>
    158a:	81 c0       	rjmp	.+258    	; 0x168e <__stack+0xd8f>
    158c:	46 e0       	ldi	r20, 0x06	; 6
    158e:	60 e0       	ldi	r22, 0x00	; 0
    1590:	88 ee       	ldi	r24, 0xE8	; 232
    1592:	91 e0       	ldi	r25, 0x01	; 1
    1594:	0e 94 6b 0f 	call	0x1ed6	; 0x1ed6 <oled_print>
    1598:	7a c0       	rjmp	.+244    	; 0x168e <__stack+0xd8f>
											} else {
											char s1[16], s2[16];
											double x = Dx / D; double y = Dy / D;
    159a:	cf 56       	subi	r28, 0x6F	; 111
    159c:	df 4f       	sbci	r29, 0xFF	; 255
    159e:	28 81       	ld	r18, Y
    15a0:	39 81       	ldd	r19, Y+1	; 0x01
    15a2:	4a 81       	ldd	r20, Y+2	; 0x02
    15a4:	5b 81       	ldd	r21, Y+3	; 0x03
    15a6:	c1 59       	subi	r28, 0x91	; 145
    15a8:	d0 40       	sbci	r29, 0x00	; 0
    15aa:	c3 01       	movw	r24, r6
    15ac:	b2 01       	movw	r22, r4
    15ae:	0e 94 54 12 	call	0x24a8	; 0x24a8 <__divsf3>
    15b2:	2b 01       	movw	r4, r22
    15b4:	3c 01       	movw	r6, r24
    15b6:	cf 56       	subi	r28, 0x6F	; 111
    15b8:	df 4f       	sbci	r29, 0xFF	; 255
    15ba:	28 81       	ld	r18, Y
    15bc:	39 81       	ldd	r19, Y+1	; 0x01
    15be:	4a 81       	ldd	r20, Y+2	; 0x02
    15c0:	5b 81       	ldd	r21, Y+3	; 0x03
    15c2:	c1 59       	subi	r28, 0x91	; 145
    15c4:	d0 40       	sbci	r29, 0x00	; 0
    15c6:	cb 56       	subi	r28, 0x6B	; 107
    15c8:	df 4f       	sbci	r29, 0xFF	; 255
    15ca:	68 81       	ld	r22, Y
    15cc:	79 81       	ldd	r23, Y+1	; 0x01
    15ce:	8a 81       	ldd	r24, Y+2	; 0x02
    15d0:	9b 81       	ldd	r25, Y+3	; 0x03
    15d2:	c5 59       	subi	r28, 0x95	; 149
    15d4:	d0 40       	sbci	r29, 0x00	; 0
    15d6:	0e 94 54 12 	call	0x24a8	; 0x24a8 <__divsf3>
    15da:	cf 56       	subi	r28, 0x6F	; 111
    15dc:	df 4f       	sbci	r29, 0xFF	; 255
    15de:	68 83       	st	Y, r22
    15e0:	79 83       	std	Y+1, r23	; 0x01
    15e2:	8a 83       	std	Y+2, r24	; 0x02
    15e4:	9b 83       	std	Y+3, r25	; 0x03
    15e6:	c1 59       	subi	r28, 0x91	; 145
    15e8:	d0 40       	sbci	r29, 0x00	; 0
											if (x == -0.0) x = 0.0; if (y == -0.0) y = 0.0;
    15ea:	20 e0       	ldi	r18, 0x00	; 0
    15ec:	30 e0       	ldi	r19, 0x00	; 0
    15ee:	a9 01       	movw	r20, r18
    15f0:	c3 01       	movw	r24, r6
    15f2:	b2 01       	movw	r22, r4
    15f4:	0e 94 4a 12 	call	0x2494	; 0x2494 <__cmpsf2>
    15f8:	81 11       	cpse	r24, r1
    15fa:	03 c0       	rjmp	.+6      	; 0x1602 <__stack+0xd03>
    15fc:	41 2c       	mov	r4, r1
    15fe:	51 2c       	mov	r5, r1
    1600:	32 01       	movw	r6, r4
    1602:	20 e0       	ldi	r18, 0x00	; 0
    1604:	30 e0       	ldi	r19, 0x00	; 0
    1606:	a9 01       	movw	r20, r18
    1608:	cf 56       	subi	r28, 0x6F	; 111
    160a:	df 4f       	sbci	r29, 0xFF	; 255
    160c:	68 81       	ld	r22, Y
    160e:	79 81       	ldd	r23, Y+1	; 0x01
    1610:	8a 81       	ldd	r24, Y+2	; 0x02
    1612:	9b 81       	ldd	r25, Y+3	; 0x03
    1614:	c1 59       	subi	r28, 0x91	; 145
    1616:	d0 40       	sbci	r29, 0x00	; 0
    1618:	0e 94 4a 12 	call	0x2494	; 0x2494 <__cmpsf2>
    161c:	81 11       	cpse	r24, r1
    161e:	08 c0       	rjmp	.+16     	; 0x1630 <__stack+0xd31>
    1620:	cf 56       	subi	r28, 0x6F	; 111
    1622:	df 4f       	sbci	r29, 0xFF	; 255
    1624:	18 82       	st	Y, r1
    1626:	19 82       	std	Y+1, r1	; 0x01
    1628:	1a 82       	std	Y+2, r1	; 0x02
    162a:	1b 82       	std	Y+3, r1	; 0x03
    162c:	c1 59       	subi	r28, 0x91	; 145
    162e:	d0 40       	sbci	r29, 0x00	; 0
											dtostrf(x, 5, 2, s1); dtostrf(y, 5, 2, s2);
    1630:	8e 01       	movw	r16, r28
    1632:	0f 58       	subi	r16, 0x8F	; 143
    1634:	1f 4f       	sbci	r17, 0xFF	; 255
    1636:	22 e0       	ldi	r18, 0x02	; 2
    1638:	45 e0       	ldi	r20, 0x05	; 5
    163a:	c3 01       	movw	r24, r6
    163c:	b2 01       	movw	r22, r4
    163e:	0e 94 4a 16 	call	0x2c94	; 0x2c94 <dtostrf>
    1642:	00 52       	subi	r16, 0x20	; 32
    1644:	11 09       	sbc	r17, r1
    1646:	22 e0       	ldi	r18, 0x02	; 2
    1648:	45 e0       	ldi	r20, 0x05	; 5
    164a:	cf 56       	subi	r28, 0x6F	; 111
    164c:	df 4f       	sbci	r29, 0xFF	; 255
    164e:	68 81       	ld	r22, Y
    1650:	79 81       	ldd	r23, Y+1	; 0x01
    1652:	8a 81       	ldd	r24, Y+2	; 0x02
    1654:	9b 81       	ldd	r25, Y+3	; 0x03
    1656:	c1 59       	subi	r28, 0x91	; 145
    1658:	d0 40       	sbci	r29, 0x00	; 0
    165a:	0e 94 4a 16 	call	0x2c94	; 0x2c94 <dtostrf>
											oled_print("X: ", 0, 6); oled_print(s1, 20, 6);
    165e:	46 e0       	ldi	r20, 0x06	; 6
    1660:	60 e0       	ldi	r22, 0x00	; 0
    1662:	85 e4       	ldi	r24, 0x45	; 69
    1664:	92 e0       	ldi	r25, 0x02	; 2
    1666:	0e 94 6b 0f 	call	0x1ed6	; 0x1ed6 <oled_print>
    166a:	46 e0       	ldi	r20, 0x06	; 6
    166c:	64 e1       	ldi	r22, 0x14	; 20
    166e:	ce 01       	movw	r24, r28
    1670:	8f 58       	subi	r24, 0x8F	; 143
    1672:	9f 4f       	sbci	r25, 0xFF	; 255
    1674:	0e 94 6b 0f 	call	0x1ed6	; 0x1ed6 <oled_print>
											oled_print("Y: ", 65, 6); oled_print(s2, 85, 6);
    1678:	46 e0       	ldi	r20, 0x06	; 6
    167a:	61 e4       	ldi	r22, 0x41	; 65
    167c:	89 e4       	ldi	r24, 0x49	; 73
    167e:	92 e0       	ldi	r25, 0x02	; 2
    1680:	0e 94 6b 0f 	call	0x1ed6	; 0x1ed6 <oled_print>
    1684:	46 e0       	ldi	r20, 0x06	; 6
    1686:	65 e5       	ldi	r22, 0x55	; 85
    1688:	c8 01       	movw	r24, r16
    168a:	0e 94 6b 0f 	call	0x1ed6	; 0x1ed6 <oled_print>
										} oled_print("PRESS AC TO BACK", 0, 7);
    168e:	47 e0       	ldi	r20, 0x07	; 7
    1690:	60 e0       	ldi	r22, 0x00	; 0
    1692:	87 e0       	ldi	r24, 0x07	; 7
    1694:	92 e0       	ldi	r25, 0x02	; 2
    1696:	0e 94 6b 0f 	call	0x1ed6	; 0x1ed6 <oled_print>
									break;

									case STATE_HPT_C2:
									if (key == 'D' && strlen(buffer) > 0) { buffer[strlen(buffer) - 1] = '\0'; oled_clear_line(4); oled_print("C2: ", 0, 4); oled_print(buffer, 25, 4); }
									else if (key == '=') {
										c2 = atof(buffer); buffer[0] = '\0'; current_state = STATE_HPT_RESULT;
    169a:	0f 2e       	mov	r0, r31
    169c:	fc e0       	ldi	r31, 0x0C	; 12
    169e:	7f 2e       	mov	r7, r31
    16a0:	f0 2d       	mov	r31, r0
    16a2:	c3 c8       	rjmp	.-3706   	; 0x82a <__DATA_REGION_LENGTH__+0x2a>
											if (x == -0.0) x = 0.0; if (y == -0.0) y = 0.0;
											dtostrf(x, 5, 2, s1); dtostrf(y, 5, 2, s2);
											oled_print("X: ", 0, 6); oled_print(s1, 20, 6);
											oled_print("Y: ", 65, 6); oled_print(s2, 85, 6);
										} oled_print("PRESS AC TO BACK", 0, 7);
										} else if ((key >= '0' && key <= '9') || key == '.' || key == '-') { char t[2] = {key, '\0'}; strcat(buffer, t); oled_print(buffer, 25, 4); }
    16a4:	80 ed       	ldi	r24, 0xD0	; 208
    16a6:	81 0f       	add	r24, r17
    16a8:	8a 30       	cpi	r24, 0x0A	; 10
    16aa:	28 f0       	brcs	.+10     	; 0x16b6 <__stack+0xdb7>
    16ac:	1e 32       	cpi	r17, 0x2E	; 46
    16ae:	19 f0       	breq	.+6      	; 0x16b6 <__stack+0xdb7>
    16b0:	1d 32       	cpi	r17, 0x2D	; 45
    16b2:	09 f0       	breq	.+2      	; 0x16b6 <__stack+0xdb7>
    16b4:	ba c8       	rjmp	.-3724   	; 0x82a <__DATA_REGION_LENGTH__+0x2a>
    16b6:	62 96       	adiw	r28, 0x12	; 18
    16b8:	1f af       	std	Y+63, r17	; 0x3f
    16ba:	62 97       	sbiw	r28, 0x12	; 18
    16bc:	63 96       	adiw	r28, 0x13	; 19
    16be:	1f ae       	std	Y+63, r1	; 0x3f
    16c0:	63 97       	sbiw	r28, 0x13	; 19
    16c2:	be 01       	movw	r22, r28
    16c4:	6f 5a       	subi	r22, 0xAF	; 175
    16c6:	7f 4f       	sbci	r23, 0xFF	; 255
    16c8:	ce 01       	movw	r24, r28
    16ca:	01 96       	adiw	r24, 0x01	; 1
    16cc:	0e 94 6e 16 	call	0x2cdc	; 0x2cdc <strcat>
    16d0:	44 e0       	ldi	r20, 0x04	; 4
    16d2:	69 e1       	ldi	r22, 0x19	; 25
    16d4:	ce 01       	movw	r24, r28
    16d6:	01 96       	adiw	r24, 0x01	; 1
    16d8:	0e 94 6b 0f 	call	0x1ed6	; 0x1ed6 <oled_print>
    16dc:	a6 c8       	rjmp	.-3764   	; 0x82a <__DATA_REGION_LENGTH__+0x2a>

										// ==========================================
										// CH? ?? 4: S? PH?C
										// ==========================================
										case STATE_CMPLX_Z1:
										if (key == 'D' && strlen(buffer) > 0) { buffer[strlen(buffer) - 1] = '\0'; oled_clear_line(2); oled_print("Z1: ", 0, 2); oled_print(buffer, 25, 2); }
    16de:	14 34       	cpi	r17, 0x44	; 68
    16e0:	01 f5       	brne	.+64     	; 0x1722 <__stack+0xe23>
    16e2:	89 81       	ldd	r24, Y+1	; 0x01
    16e4:	88 23       	and	r24, r24
    16e6:	e9 f0       	breq	.+58     	; 0x1722 <__stack+0xe23>
    16e8:	8e 01       	movw	r16, r28
    16ea:	0f 5f       	subi	r16, 0xFF	; 255
    16ec:	1f 4f       	sbci	r17, 0xFF	; 255
    16ee:	f8 01       	movw	r30, r16
    16f0:	01 90       	ld	r0, Z+
    16f2:	00 20       	and	r0, r0
    16f4:	e9 f7       	brne	.-6      	; 0x16f0 <__stack+0xdf1>
    16f6:	31 97       	sbiw	r30, 0x01	; 1
    16f8:	e0 1b       	sub	r30, r16
    16fa:	f1 0b       	sbc	r31, r17
    16fc:	31 97       	sbiw	r30, 0x01	; 1
    16fe:	e0 0f       	add	r30, r16
    1700:	f1 1f       	adc	r31, r17
    1702:	10 82       	st	Z, r1
    1704:	82 e0       	ldi	r24, 0x02	; 2
    1706:	0e 94 a1 0f 	call	0x1f42	; 0x1f42 <oled_clear_line>
    170a:	42 e0       	ldi	r20, 0x02	; 2
    170c:	60 e0       	ldi	r22, 0x00	; 0
    170e:	87 eb       	ldi	r24, 0xB7	; 183
    1710:	91 e0       	ldi	r25, 0x01	; 1
    1712:	0e 94 6b 0f 	call	0x1ed6	; 0x1ed6 <oled_print>
    1716:	42 e0       	ldi	r20, 0x02	; 2
    1718:	69 e1       	ldi	r22, 0x19	; 25
    171a:	c8 01       	movw	r24, r16
    171c:	0e 94 6b 0f 	call	0x1ed6	; 0x1ed6 <oled_print>
    1720:	84 c8       	rjmp	.-3832   	; 0x82a <__DATA_REGION_LENGTH__+0x2a>
										else if (key == '=') {
    1722:	1d 33       	cpi	r17, 0x3D	; 61
    1724:	b1 f4       	brne	.+44     	; 0x1752 <__stack+0xe53>
											parse_complex(buffer, &real1, &imag1);
    1726:	ae 01       	movw	r20, r28
    1728:	4b 5b       	subi	r20, 0xBB	; 187
    172a:	5f 4f       	sbci	r21, 0xFF	; 255
    172c:	be 01       	movw	r22, r28
    172e:	6f 5b       	subi	r22, 0xBF	; 191
    1730:	7f 4f       	sbci	r23, 0xFF	; 255
    1732:	ce 01       	movw	r24, r28
    1734:	01 96       	adiw	r24, 0x01	; 1
    1736:	0e 94 d0 02 	call	0x5a0	; 0x5a0 <parse_complex>
											buffer[0] = '\0'; oled_print("OP (+-*/): ", 0, 3); current_state = STATE_CMPLX_OP;
    173a:	19 82       	std	Y+1, r1	; 0x01
    173c:	43 e0       	ldi	r20, 0x03	; 3
    173e:	60 e0       	ldi	r22, 0x00	; 0
    1740:	8d e4       	ldi	r24, 0x4D	; 77
    1742:	92 e0       	ldi	r25, 0x02	; 2
    1744:	0e 94 6b 0f 	call	0x1ed6	; 0x1ed6 <oled_print>
    1748:	0f 2e       	mov	r0, r31
    174a:	fe e0       	ldi	r31, 0x0E	; 14
    174c:	7f 2e       	mov	r7, r31
    174e:	f0 2d       	mov	r31, r0
    1750:	6c c8       	rjmp	.-3880   	; 0x82a <__DATA_REGION_LENGTH__+0x2a>
											} else if ((key >= '0' && key <= '9') || key == '.' || key == '-' || key == '+' || key == 'i') {
    1752:	80 ed       	ldi	r24, 0xD0	; 208
    1754:	81 0f       	add	r24, r17
    1756:	8a 30       	cpi	r24, 0x0A	; 10
    1758:	48 f0       	brcs	.+18     	; 0x176c <__stack+0xe6d>
    175a:	1e 32       	cpi	r17, 0x2E	; 46
    175c:	39 f0       	breq	.+14     	; 0x176c <__stack+0xe6d>
    175e:	1d 32       	cpi	r17, 0x2D	; 45
    1760:	29 f0       	breq	.+10     	; 0x176c <__stack+0xe6d>
    1762:	1b 32       	cpi	r17, 0x2B	; 43
    1764:	19 f0       	breq	.+6      	; 0x176c <__stack+0xe6d>
    1766:	19 36       	cpi	r17, 0x69	; 105
    1768:	09 f0       	breq	.+2      	; 0x176c <__stack+0xe6d>
    176a:	5f c8       	rjmp	.-3906   	; 0x82a <__DATA_REGION_LENGTH__+0x2a>
											char t[2] = {key, '\0'}; strcat(buffer, t); oled_print(buffer, 25, 2);
    176c:	62 96       	adiw	r28, 0x12	; 18
    176e:	1f af       	std	Y+63, r17	; 0x3f
    1770:	62 97       	sbiw	r28, 0x12	; 18
    1772:	63 96       	adiw	r28, 0x13	; 19
    1774:	1f ae       	std	Y+63, r1	; 0x3f
    1776:	63 97       	sbiw	r28, 0x13	; 19
    1778:	be 01       	movw	r22, r28
    177a:	6f 5a       	subi	r22, 0xAF	; 175
    177c:	7f 4f       	sbci	r23, 0xFF	; 255
    177e:	ce 01       	movw	r24, r28
    1780:	01 96       	adiw	r24, 0x01	; 1
    1782:	0e 94 6e 16 	call	0x2cdc	; 0x2cdc <strcat>
    1786:	42 e0       	ldi	r20, 0x02	; 2
    1788:	69 e1       	ldi	r22, 0x19	; 25
    178a:	ce 01       	movw	r24, r28
    178c:	01 96       	adiw	r24, 0x01	; 1
    178e:	0e 94 6b 0f 	call	0x1ed6	; 0x1ed6 <oled_print>
    1792:	4b c8       	rjmp	.-3946   	; 0x82a <__DATA_REGION_LENGTH__+0x2a>
											}
											break;

											case STATE_CMPLX_OP:
											if (key == '+' || key == '-' || key == '*' || key == '/') {
    1794:	1b 32       	cpi	r17, 0x2B	; 43
    1796:	39 f0       	breq	.+14     	; 0x17a6 <__stack+0xea7>
    1798:	1d 32       	cpi	r17, 0x2D	; 45
    179a:	29 f0       	breq	.+10     	; 0x17a6 <__stack+0xea7>
    179c:	1a 32       	cpi	r17, 0x2A	; 42
    179e:	19 f0       	breq	.+6      	; 0x17a6 <__stack+0xea7>
    17a0:	1f 32       	cpi	r17, 0x2F	; 47
    17a2:	09 f0       	breq	.+2      	; 0x17a6 <__stack+0xea7>
    17a4:	42 c8       	rjmp	.-3964   	; 0x82a <__DATA_REGION_LENGTH__+0x2a>
											complex_op = key; char t[2] = {key, '\0'}; oled_print(t, 70, 3);
    17a6:	62 96       	adiw	r28, 0x12	; 18
    17a8:	1f af       	std	Y+63, r17	; 0x3f
    17aa:	62 97       	sbiw	r28, 0x12	; 18
    17ac:	63 96       	adiw	r28, 0x13	; 19
    17ae:	1f ae       	std	Y+63, r1	; 0x3f
    17b0:	63 97       	sbiw	r28, 0x13	; 19
    17b2:	43 e0       	ldi	r20, 0x03	; 3
    17b4:	66 e4       	ldi	r22, 0x46	; 70
    17b6:	ce 01       	movw	r24, r28
    17b8:	8f 5a       	subi	r24, 0xAF	; 175
    17ba:	9f 4f       	sbci	r25, 0xFF	; 255
    17bc:	0e 94 6b 0f 	call	0x1ed6	; 0x1ed6 <oled_print>
											oled_print("Z2: ", 0, 4); current_state = STATE_CMPLX_Z2;
    17c0:	44 e0       	ldi	r20, 0x04	; 4
    17c2:	60 e0       	ldi	r22, 0x00	; 0
    17c4:	89 e5       	ldi	r24, 0x59	; 89
    17c6:	92 e0       	ldi	r25, 0x02	; 2
    17c8:	0e 94 6b 0f 	call	0x1ed6	; 0x1ed6 <oled_print>
											}
											break;

											case STATE_CMPLX_OP:
											if (key == '+' || key == '-' || key == '*' || key == '/') {
											complex_op = key; char t[2] = {key, '\0'}; oled_print(t, 70, 3);
    17cc:	a1 2e       	mov	r10, r17
											oled_print("Z2: ", 0, 4); current_state = STATE_CMPLX_Z2;
    17ce:	0f 2e       	mov	r0, r31
    17d0:	ff e0       	ldi	r31, 0x0F	; 15
    17d2:	7f 2e       	mov	r7, r31
    17d4:	f0 2d       	mov	r31, r0
    17d6:	29 c8       	rjmp	.-4014   	; 0x82a <__DATA_REGION_LENGTH__+0x2a>
											}
											break;

											case STATE_CMPLX_Z2:
											if (key == 'D' && strlen(buffer) > 0) { buffer[strlen(buffer) - 1] = '\0'; oled_clear_line(4); oled_print("Z2: ", 0, 4); oled_print(buffer, 25, 4); }
    17d8:	14 34       	cpi	r17, 0x44	; 68
    17da:	01 f5       	brne	.+64     	; 0x181c <__stack+0xf1d>
    17dc:	89 81       	ldd	r24, Y+1	; 0x01
    17de:	88 23       	and	r24, r24
    17e0:	e9 f0       	breq	.+58     	; 0x181c <__stack+0xf1d>
    17e2:	8e 01       	movw	r16, r28
    17e4:	0f 5f       	subi	r16, 0xFF	; 255
    17e6:	1f 4f       	sbci	r17, 0xFF	; 255
    17e8:	f8 01       	movw	r30, r16
    17ea:	01 90       	ld	r0, Z+
    17ec:	00 20       	and	r0, r0
    17ee:	e9 f7       	brne	.-6      	; 0x17ea <__stack+0xeeb>
    17f0:	31 97       	sbiw	r30, 0x01	; 1
    17f2:	e0 1b       	sub	r30, r16
    17f4:	f1 0b       	sbc	r31, r17
    17f6:	31 97       	sbiw	r30, 0x01	; 1
    17f8:	e0 0f       	add	r30, r16
    17fa:	f1 1f       	adc	r31, r17
    17fc:	10 82       	st	Z, r1
    17fe:	84 e0       	ldi	r24, 0x04	; 4
    1800:	0e 94 a1 0f 	call	0x1f42	; 0x1f42 <oled_clear_line>
    1804:	44 e0       	ldi	r20, 0x04	; 4
    1806:	60 e0       	ldi	r22, 0x00	; 0
    1808:	89 e5       	ldi	r24, 0x59	; 89
    180a:	92 e0       	ldi	r25, 0x02	; 2
    180c:	0e 94 6b 0f 	call	0x1ed6	; 0x1ed6 <oled_print>
    1810:	44 e0       	ldi	r20, 0x04	; 4
    1812:	69 e1       	ldi	r22, 0x19	; 25
    1814:	c8 01       	movw	r24, r16
    1816:	0e 94 6b 0f 	call	0x1ed6	; 0x1ed6 <oled_print>
    181a:	07 c8       	rjmp	.-4082   	; 0x82a <__DATA_REGION_LENGTH__+0x2a>
											else if (key == '=') {
    181c:	1d 33       	cpi	r17, 0x3D	; 61
    181e:	09 f0       	breq	.+2      	; 0x1822 <__stack+0xf23>
    1820:	4b c2       	rjmp	.+1174   	; 0x1cb8 <__stack+0x13b9>
											parse_complex(buffer, &real2, &imag2);
    1822:	ae 01       	movw	r20, r28
    1824:	43 5b       	subi	r20, 0xB3	; 179
    1826:	5f 4f       	sbci	r21, 0xFF	; 255
    1828:	be 01       	movw	r22, r28
    182a:	67 5b       	subi	r22, 0xB7	; 183
    182c:	7f 4f       	sbci	r23, 0xFF	; 255
    182e:	ce 01       	movw	r24, r28
    1830:	01 96       	adiw	r24, 0x01	; 1
    1832:	0e 94 d0 02 	call	0x5a0	; 0x5a0 <parse_complex>
											buffer[0] = '\0'; current_state = STATE_CMPLX_RESULT;
    1836:	19 82       	std	Y+1, r1	; 0x01
											
											// Thu?t toán s? ph?c th? công
											double res_real = 0, res_imag = 0;
											if (complex_op == '+') { res_real = real1 + real2; res_imag = imag1 + imag2; }
    1838:	bb e2       	ldi	r27, 0x2B	; 43
    183a:	ab 12       	cpse	r10, r27
    183c:	27 c0       	rjmp	.+78     	; 0x188c <__stack+0xf8d>
    183e:	25 96       	adiw	r28, 0x05	; 5
    1840:	6c ad       	ldd	r22, Y+60	; 0x3c
    1842:	7d ad       	ldd	r23, Y+61	; 0x3d
    1844:	8e ad       	ldd	r24, Y+62	; 0x3e
    1846:	9f ad       	ldd	r25, Y+63	; 0x3f
    1848:	25 97       	sbiw	r28, 0x05	; 5
    184a:	2d 96       	adiw	r28, 0x0d	; 13
    184c:	2c ad       	ldd	r18, Y+60	; 0x3c
    184e:	3d ad       	ldd	r19, Y+61	; 0x3d
    1850:	4e ad       	ldd	r20, Y+62	; 0x3e
    1852:	5f ad       	ldd	r21, Y+63	; 0x3f
    1854:	2d 97       	sbiw	r28, 0x0d	; 13
    1856:	0e 94 de 11 	call	0x23bc	; 0x23bc <__addsf3>
    185a:	cf 56       	subi	r28, 0x6F	; 111
    185c:	df 4f       	sbci	r29, 0xFF	; 255
    185e:	68 83       	st	Y, r22
    1860:	79 83       	std	Y+1, r23	; 0x01
    1862:	8a 83       	std	Y+2, r24	; 0x02
    1864:	9b 83       	std	Y+3, r25	; 0x03
    1866:	c1 59       	subi	r28, 0x91	; 145
    1868:	d0 40       	sbci	r29, 0x00	; 0
    186a:	29 96       	adiw	r28, 0x09	; 9
    186c:	6c ad       	ldd	r22, Y+60	; 0x3c
    186e:	7d ad       	ldd	r23, Y+61	; 0x3d
    1870:	8e ad       	ldd	r24, Y+62	; 0x3e
    1872:	9f ad       	ldd	r25, Y+63	; 0x3f
    1874:	29 97       	sbiw	r28, 0x09	; 9
    1876:	61 96       	adiw	r28, 0x11	; 17
    1878:	2c ad       	ldd	r18, Y+60	; 0x3c
    187a:	3d ad       	ldd	r19, Y+61	; 0x3d
    187c:	4e ad       	ldd	r20, Y+62	; 0x3e
    187e:	5f ad       	ldd	r21, Y+63	; 0x3f
    1880:	61 97       	sbiw	r28, 0x11	; 17
    1882:	0e 94 de 11 	call	0x23bc	; 0x23bc <__addsf3>
    1886:	2b 01       	movw	r4, r22
    1888:	3c 01       	movw	r6, r24
    188a:	b1 c1       	rjmp	.+866    	; 0x1bee <__stack+0x12ef>
											else if (complex_op == '-') { res_real = real1 - real2; res_imag = imag1 - imag2; }
    188c:	8d e2       	ldi	r24, 0x2D	; 45
    188e:	a8 12       	cpse	r10, r24
    1890:	27 c0       	rjmp	.+78     	; 0x18e0 <__stack+0xfe1>
    1892:	25 96       	adiw	r28, 0x05	; 5
    1894:	6c ad       	ldd	r22, Y+60	; 0x3c
    1896:	7d ad       	ldd	r23, Y+61	; 0x3d
    1898:	8e ad       	ldd	r24, Y+62	; 0x3e
    189a:	9f ad       	ldd	r25, Y+63	; 0x3f
    189c:	25 97       	sbiw	r28, 0x05	; 5
    189e:	2d 96       	adiw	r28, 0x0d	; 13
    18a0:	2c ad       	ldd	r18, Y+60	; 0x3c
    18a2:	3d ad       	ldd	r19, Y+61	; 0x3d
    18a4:	4e ad       	ldd	r20, Y+62	; 0x3e
    18a6:	5f ad       	ldd	r21, Y+63	; 0x3f
    18a8:	2d 97       	sbiw	r28, 0x0d	; 13
    18aa:	0e 94 dd 11 	call	0x23ba	; 0x23ba <__subsf3>
    18ae:	cf 56       	subi	r28, 0x6F	; 111
    18b0:	df 4f       	sbci	r29, 0xFF	; 255
    18b2:	68 83       	st	Y, r22
    18b4:	79 83       	std	Y+1, r23	; 0x01
    18b6:	8a 83       	std	Y+2, r24	; 0x02
    18b8:	9b 83       	std	Y+3, r25	; 0x03
    18ba:	c1 59       	subi	r28, 0x91	; 145
    18bc:	d0 40       	sbci	r29, 0x00	; 0
    18be:	29 96       	adiw	r28, 0x09	; 9
    18c0:	6c ad       	ldd	r22, Y+60	; 0x3c
    18c2:	7d ad       	ldd	r23, Y+61	; 0x3d
    18c4:	8e ad       	ldd	r24, Y+62	; 0x3e
    18c6:	9f ad       	ldd	r25, Y+63	; 0x3f
    18c8:	29 97       	sbiw	r28, 0x09	; 9
    18ca:	61 96       	adiw	r28, 0x11	; 17
    18cc:	2c ad       	ldd	r18, Y+60	; 0x3c
    18ce:	3d ad       	ldd	r19, Y+61	; 0x3d
    18d0:	4e ad       	ldd	r20, Y+62	; 0x3e
    18d2:	5f ad       	ldd	r21, Y+63	; 0x3f
    18d4:	61 97       	sbiw	r28, 0x11	; 17
    18d6:	0e 94 dd 11 	call	0x23ba	; 0x23ba <__subsf3>
    18da:	2b 01       	movw	r4, r22
    18dc:	3c 01       	movw	r6, r24
    18de:	87 c1       	rjmp	.+782    	; 0x1bee <__stack+0x12ef>
											else if (complex_op == '*') {
    18e0:	9a e2       	ldi	r25, 0x2A	; 42
    18e2:	a9 12       	cpse	r10, r25
    18e4:	93 c0       	rjmp	.+294    	; 0x1a0c <__stack+0x110d>
											res_real = real1*real2 - imag1*imag2; res_imag = real1*imag2 + imag1*real2;
    18e6:	25 96       	adiw	r28, 0x05	; 5
    18e8:	8c ad       	ldd	r24, Y+60	; 0x3c
    18ea:	9d ad       	ldd	r25, Y+61	; 0x3d
    18ec:	ae ad       	ldd	r26, Y+62	; 0x3e
    18ee:	bf ad       	ldd	r27, Y+63	; 0x3f
    18f0:	25 97       	sbiw	r28, 0x05	; 5
    18f2:	cb 56       	subi	r28, 0x6B	; 107
    18f4:	df 4f       	sbci	r29, 0xFF	; 255
    18f6:	88 83       	st	Y, r24
    18f8:	99 83       	std	Y+1, r25	; 0x01
    18fa:	aa 83       	std	Y+2, r26	; 0x02
    18fc:	bb 83       	std	Y+3, r27	; 0x03
    18fe:	c5 59       	subi	r28, 0x95	; 149
    1900:	d0 40       	sbci	r29, 0x00	; 0
    1902:	2d 96       	adiw	r28, 0x0d	; 13
    1904:	4c ac       	ldd	r4, Y+60	; 0x3c
    1906:	5d ac       	ldd	r5, Y+61	; 0x3d
    1908:	6e ac       	ldd	r6, Y+62	; 0x3e
    190a:	7f ac       	ldd	r7, Y+63	; 0x3f
    190c:	2d 97       	sbiw	r28, 0x0d	; 13
    190e:	a3 01       	movw	r20, r6
    1910:	92 01       	movw	r18, r4
    1912:	bc 01       	movw	r22, r24
    1914:	cd 01       	movw	r24, r26
    1916:	0e 94 14 14 	call	0x2828	; 0x2828 <__mulsf3>
    191a:	cf 56       	subi	r28, 0x6F	; 111
    191c:	df 4f       	sbci	r29, 0xFF	; 255
    191e:	68 83       	st	Y, r22
    1920:	79 83       	std	Y+1, r23	; 0x01
    1922:	8a 83       	std	Y+2, r24	; 0x02
    1924:	9b 83       	std	Y+3, r25	; 0x03
    1926:	c1 59       	subi	r28, 0x91	; 145
    1928:	d0 40       	sbci	r29, 0x00	; 0
    192a:	29 96       	adiw	r28, 0x09	; 9
    192c:	8c ad       	ldd	r24, Y+60	; 0x3c
    192e:	9d ad       	ldd	r25, Y+61	; 0x3d
    1930:	ae ad       	ldd	r26, Y+62	; 0x3e
    1932:	bf ad       	ldd	r27, Y+63	; 0x3f
    1934:	29 97       	sbiw	r28, 0x09	; 9
    1936:	c7 56       	subi	r28, 0x67	; 103
    1938:	df 4f       	sbci	r29, 0xFF	; 255
    193a:	88 83       	st	Y, r24
    193c:	99 83       	std	Y+1, r25	; 0x01
    193e:	aa 83       	std	Y+2, r26	; 0x02
    1940:	bb 83       	std	Y+3, r27	; 0x03
    1942:	c9 59       	subi	r28, 0x99	; 153
    1944:	d0 40       	sbci	r29, 0x00	; 0
    1946:	61 96       	adiw	r28, 0x11	; 17
    1948:	8c ad       	ldd	r24, Y+60	; 0x3c
    194a:	9d ad       	ldd	r25, Y+61	; 0x3d
    194c:	ae ad       	ldd	r26, Y+62	; 0x3e
    194e:	bf ad       	ldd	r27, Y+63	; 0x3f
    1950:	61 97       	sbiw	r28, 0x11	; 17
    1952:	cf 55       	subi	r28, 0x5F	; 95
    1954:	df 4f       	sbci	r29, 0xFF	; 255
    1956:	88 83       	st	Y, r24
    1958:	99 83       	std	Y+1, r25	; 0x01
    195a:	aa 83       	std	Y+2, r26	; 0x02
    195c:	bb 83       	std	Y+3, r27	; 0x03
    195e:	c1 5a       	subi	r28, 0xA1	; 161
    1960:	d0 40       	sbci	r29, 0x00	; 0
    1962:	9c 01       	movw	r18, r24
    1964:	ad 01       	movw	r20, r26
    1966:	c7 56       	subi	r28, 0x67	; 103
    1968:	df 4f       	sbci	r29, 0xFF	; 255
    196a:	68 81       	ld	r22, Y
    196c:	79 81       	ldd	r23, Y+1	; 0x01
    196e:	8a 81       	ldd	r24, Y+2	; 0x02
    1970:	9b 81       	ldd	r25, Y+3	; 0x03
    1972:	c9 59       	subi	r28, 0x99	; 153
    1974:	d0 40       	sbci	r29, 0x00	; 0
    1976:	0e 94 14 14 	call	0x2828	; 0x2828 <__mulsf3>
    197a:	9b 01       	movw	r18, r22
    197c:	ac 01       	movw	r20, r24
    197e:	cf 56       	subi	r28, 0x6F	; 111
    1980:	df 4f       	sbci	r29, 0xFF	; 255
    1982:	68 81       	ld	r22, Y
    1984:	79 81       	ldd	r23, Y+1	; 0x01
    1986:	8a 81       	ldd	r24, Y+2	; 0x02
    1988:	9b 81       	ldd	r25, Y+3	; 0x03
    198a:	c1 59       	subi	r28, 0x91	; 145
    198c:	d0 40       	sbci	r29, 0x00	; 0
    198e:	0e 94 dd 11 	call	0x23ba	; 0x23ba <__subsf3>
    1992:	cf 56       	subi	r28, 0x6F	; 111
    1994:	df 4f       	sbci	r29, 0xFF	; 255
    1996:	68 83       	st	Y, r22
    1998:	79 83       	std	Y+1, r23	; 0x01
    199a:	8a 83       	std	Y+2, r24	; 0x02
    199c:	9b 83       	std	Y+3, r25	; 0x03
    199e:	c1 59       	subi	r28, 0x91	; 145
    19a0:	d0 40       	sbci	r29, 0x00	; 0
    19a2:	cf 55       	subi	r28, 0x5F	; 95
    19a4:	df 4f       	sbci	r29, 0xFF	; 255
    19a6:	28 81       	ld	r18, Y
    19a8:	39 81       	ldd	r19, Y+1	; 0x01
    19aa:	4a 81       	ldd	r20, Y+2	; 0x02
    19ac:	5b 81       	ldd	r21, Y+3	; 0x03
    19ae:	c1 5a       	subi	r28, 0xA1	; 161
    19b0:	d0 40       	sbci	r29, 0x00	; 0
    19b2:	cb 56       	subi	r28, 0x6B	; 107
    19b4:	df 4f       	sbci	r29, 0xFF	; 255
    19b6:	68 81       	ld	r22, Y
    19b8:	79 81       	ldd	r23, Y+1	; 0x01
    19ba:	8a 81       	ldd	r24, Y+2	; 0x02
    19bc:	9b 81       	ldd	r25, Y+3	; 0x03
    19be:	c5 59       	subi	r28, 0x95	; 149
    19c0:	d0 40       	sbci	r29, 0x00	; 0
    19c2:	0e 94 14 14 	call	0x2828	; 0x2828 <__mulsf3>
    19c6:	cb 56       	subi	r28, 0x6B	; 107
    19c8:	df 4f       	sbci	r29, 0xFF	; 255
    19ca:	68 83       	st	Y, r22
    19cc:	79 83       	std	Y+1, r23	; 0x01
    19ce:	8a 83       	std	Y+2, r24	; 0x02
    19d0:	9b 83       	std	Y+3, r25	; 0x03
    19d2:	c5 59       	subi	r28, 0x95	; 149
    19d4:	d0 40       	sbci	r29, 0x00	; 0
    19d6:	c7 56       	subi	r28, 0x67	; 103
    19d8:	df 4f       	sbci	r29, 0xFF	; 255
    19da:	28 81       	ld	r18, Y
    19dc:	39 81       	ldd	r19, Y+1	; 0x01
    19de:	4a 81       	ldd	r20, Y+2	; 0x02
    19e0:	5b 81       	ldd	r21, Y+3	; 0x03
    19e2:	c9 59       	subi	r28, 0x99	; 153
    19e4:	d0 40       	sbci	r29, 0x00	; 0
    19e6:	c3 01       	movw	r24, r6
    19e8:	b2 01       	movw	r22, r4
    19ea:	0e 94 14 14 	call	0x2828	; 0x2828 <__mulsf3>
    19ee:	9b 01       	movw	r18, r22
    19f0:	ac 01       	movw	r20, r24
    19f2:	cb 56       	subi	r28, 0x6B	; 107
    19f4:	df 4f       	sbci	r29, 0xFF	; 255
    19f6:	68 81       	ld	r22, Y
    19f8:	79 81       	ldd	r23, Y+1	; 0x01
    19fa:	8a 81       	ldd	r24, Y+2	; 0x02
    19fc:	9b 81       	ldd	r25, Y+3	; 0x03
    19fe:	c5 59       	subi	r28, 0x95	; 149
    1a00:	d0 40       	sbci	r29, 0x00	; 0
    1a02:	0e 94 de 11 	call	0x23bc	; 0x23bc <__addsf3>
    1a06:	2b 01       	movw	r4, r22
    1a08:	3c 01       	movw	r6, r24
    1a0a:	f1 c0       	rjmp	.+482    	; 0x1bee <__stack+0x12ef>
											}
											else if (complex_op == '/') {
    1a0c:	9f e2       	ldi	r25, 0x2F	; 47
    1a0e:	a9 12       	cpse	r10, r25
    1a10:	d7 c0       	rjmp	.+430    	; 0x1bc0 <__stack+0x12c1>
											double denom = real2*real2 + imag2*imag2;
    1a12:	2d 96       	adiw	r28, 0x0d	; 13
    1a14:	8c ad       	ldd	r24, Y+60	; 0x3c
    1a16:	9d ad       	ldd	r25, Y+61	; 0x3d
    1a18:	ae ad       	ldd	r26, Y+62	; 0x3e
    1a1a:	bf ad       	ldd	r27, Y+63	; 0x3f
    1a1c:	2d 97       	sbiw	r28, 0x0d	; 13
    1a1e:	cb 56       	subi	r28, 0x6B	; 107
    1a20:	df 4f       	sbci	r29, 0xFF	; 255
    1a22:	88 83       	st	Y, r24
    1a24:	99 83       	std	Y+1, r25	; 0x01
    1a26:	aa 83       	std	Y+2, r26	; 0x02
    1a28:	bb 83       	std	Y+3, r27	; 0x03
    1a2a:	c5 59       	subi	r28, 0x95	; 149
    1a2c:	d0 40       	sbci	r29, 0x00	; 0
    1a2e:	9c 01       	movw	r18, r24
    1a30:	ad 01       	movw	r20, r26
    1a32:	bc 01       	movw	r22, r24
    1a34:	cd 01       	movw	r24, r26
    1a36:	0e 94 14 14 	call	0x2828	; 0x2828 <__mulsf3>
    1a3a:	cf 56       	subi	r28, 0x6F	; 111
    1a3c:	df 4f       	sbci	r29, 0xFF	; 255
    1a3e:	68 83       	st	Y, r22
    1a40:	79 83       	std	Y+1, r23	; 0x01
    1a42:	8a 83       	std	Y+2, r24	; 0x02
    1a44:	9b 83       	std	Y+3, r25	; 0x03
    1a46:	c1 59       	subi	r28, 0x91	; 145
    1a48:	d0 40       	sbci	r29, 0x00	; 0
    1a4a:	61 96       	adiw	r28, 0x11	; 17
    1a4c:	4c ac       	ldd	r4, Y+60	; 0x3c
    1a4e:	5d ac       	ldd	r5, Y+61	; 0x3d
    1a50:	6e ac       	ldd	r6, Y+62	; 0x3e
    1a52:	7f ac       	ldd	r7, Y+63	; 0x3f
    1a54:	61 97       	sbiw	r28, 0x11	; 17
    1a56:	a3 01       	movw	r20, r6
    1a58:	92 01       	movw	r18, r4
    1a5a:	c3 01       	movw	r24, r6
    1a5c:	b2 01       	movw	r22, r4
    1a5e:	0e 94 14 14 	call	0x2828	; 0x2828 <__mulsf3>
    1a62:	9b 01       	movw	r18, r22
    1a64:	ac 01       	movw	r20, r24
    1a66:	cf 56       	subi	r28, 0x6F	; 111
    1a68:	df 4f       	sbci	r29, 0xFF	; 255
    1a6a:	68 81       	ld	r22, Y
    1a6c:	79 81       	ldd	r23, Y+1	; 0x01
    1a6e:	8a 81       	ldd	r24, Y+2	; 0x02
    1a70:	9b 81       	ldd	r25, Y+3	; 0x03
    1a72:	c1 59       	subi	r28, 0x91	; 145
    1a74:	d0 40       	sbci	r29, 0x00	; 0
    1a76:	0e 94 de 11 	call	0x23bc	; 0x23bc <__addsf3>
    1a7a:	c7 56       	subi	r28, 0x67	; 103
    1a7c:	df 4f       	sbci	r29, 0xFF	; 255
    1a7e:	68 83       	st	Y, r22
    1a80:	79 83       	std	Y+1, r23	; 0x01
    1a82:	8a 83       	std	Y+2, r24	; 0x02
    1a84:	9b 83       	std	Y+3, r25	; 0x03
    1a86:	c9 59       	subi	r28, 0x99	; 153
    1a88:	d0 40       	sbci	r29, 0x00	; 0
											if (denom != 0) {
    1a8a:	20 e0       	ldi	r18, 0x00	; 0
    1a8c:	30 e0       	ldi	r19, 0x00	; 0
    1a8e:	a9 01       	movw	r20, r18
    1a90:	0e 94 4a 12 	call	0x2494	; 0x2494 <__cmpsf2>
    1a94:	88 23       	and	r24, r24
    1a96:	09 f4       	brne	.+2      	; 0x1a9a <__stack+0x119b>
    1a98:	9f c0       	rjmp	.+318    	; 0x1bd8 <__stack+0x12d9>
											res_real = (real1*real2 + imag1*imag2) / denom; res_imag = (imag1*real2 - real1*imag2) / denom;
    1a9a:	25 96       	adiw	r28, 0x05	; 5
    1a9c:	8c ad       	ldd	r24, Y+60	; 0x3c
    1a9e:	9d ad       	ldd	r25, Y+61	; 0x3d
    1aa0:	ae ad       	ldd	r26, Y+62	; 0x3e
    1aa2:	bf ad       	ldd	r27, Y+63	; 0x3f
    1aa4:	25 97       	sbiw	r28, 0x05	; 5
    1aa6:	cf 55       	subi	r28, 0x5F	; 95
    1aa8:	df 4f       	sbci	r29, 0xFF	; 255
    1aaa:	88 83       	st	Y, r24
    1aac:	99 83       	std	Y+1, r25	; 0x01
    1aae:	aa 83       	std	Y+2, r26	; 0x02
    1ab0:	bb 83       	std	Y+3, r27	; 0x03
    1ab2:	c1 5a       	subi	r28, 0xA1	; 161
    1ab4:	d0 40       	sbci	r29, 0x00	; 0
    1ab6:	9c 01       	movw	r18, r24
    1ab8:	ad 01       	movw	r20, r26
    1aba:	cb 56       	subi	r28, 0x6B	; 107
    1abc:	df 4f       	sbci	r29, 0xFF	; 255
    1abe:	68 81       	ld	r22, Y
    1ac0:	79 81       	ldd	r23, Y+1	; 0x01
    1ac2:	8a 81       	ldd	r24, Y+2	; 0x02
    1ac4:	9b 81       	ldd	r25, Y+3	; 0x03
    1ac6:	c5 59       	subi	r28, 0x95	; 149
    1ac8:	d0 40       	sbci	r29, 0x00	; 0
    1aca:	0e 94 14 14 	call	0x2828	; 0x2828 <__mulsf3>
    1ace:	cf 56       	subi	r28, 0x6F	; 111
    1ad0:	df 4f       	sbci	r29, 0xFF	; 255
    1ad2:	68 83       	st	Y, r22
    1ad4:	79 83       	std	Y+1, r23	; 0x01
    1ad6:	8a 83       	std	Y+2, r24	; 0x02
    1ad8:	9b 83       	std	Y+3, r25	; 0x03
    1ada:	c1 59       	subi	r28, 0x91	; 145
    1adc:	d0 40       	sbci	r29, 0x00	; 0
    1ade:	29 96       	adiw	r28, 0x09	; 9
    1ae0:	8c ad       	ldd	r24, Y+60	; 0x3c
    1ae2:	9d ad       	ldd	r25, Y+61	; 0x3d
    1ae4:	ae ad       	ldd	r26, Y+62	; 0x3e
    1ae6:	bf ad       	ldd	r27, Y+63	; 0x3f
    1ae8:	29 97       	sbiw	r28, 0x09	; 9
    1aea:	c7 54       	subi	r28, 0x47	; 71
    1aec:	df 4f       	sbci	r29, 0xFF	; 255
    1aee:	88 83       	st	Y, r24
    1af0:	99 83       	std	Y+1, r25	; 0x01
    1af2:	aa 83       	std	Y+2, r26	; 0x02
    1af4:	bb 83       	std	Y+3, r27	; 0x03
    1af6:	c9 5b       	subi	r28, 0xB9	; 185
    1af8:	d0 40       	sbci	r29, 0x00	; 0
    1afa:	9c 01       	movw	r18, r24
    1afc:	ad 01       	movw	r20, r26
    1afe:	c3 01       	movw	r24, r6
    1b00:	b2 01       	movw	r22, r4
    1b02:	0e 94 14 14 	call	0x2828	; 0x2828 <__mulsf3>
    1b06:	9b 01       	movw	r18, r22
    1b08:	ac 01       	movw	r20, r24
    1b0a:	cf 56       	subi	r28, 0x6F	; 111
    1b0c:	df 4f       	sbci	r29, 0xFF	; 255
    1b0e:	68 81       	ld	r22, Y
    1b10:	79 81       	ldd	r23, Y+1	; 0x01
    1b12:	8a 81       	ldd	r24, Y+2	; 0x02
    1b14:	9b 81       	ldd	r25, Y+3	; 0x03
    1b16:	c1 59       	subi	r28, 0x91	; 145
    1b18:	d0 40       	sbci	r29, 0x00	; 0
    1b1a:	0e 94 de 11 	call	0x23bc	; 0x23bc <__addsf3>
    1b1e:	c7 56       	subi	r28, 0x67	; 103
    1b20:	df 4f       	sbci	r29, 0xFF	; 255
    1b22:	28 81       	ld	r18, Y
    1b24:	39 81       	ldd	r19, Y+1	; 0x01
    1b26:	4a 81       	ldd	r20, Y+2	; 0x02
    1b28:	5b 81       	ldd	r21, Y+3	; 0x03
    1b2a:	c9 59       	subi	r28, 0x99	; 153
    1b2c:	d0 40       	sbci	r29, 0x00	; 0
    1b2e:	0e 94 54 12 	call	0x24a8	; 0x24a8 <__divsf3>
    1b32:	cf 56       	subi	r28, 0x6F	; 111
    1b34:	df 4f       	sbci	r29, 0xFF	; 255
    1b36:	68 83       	st	Y, r22
    1b38:	79 83       	std	Y+1, r23	; 0x01
    1b3a:	8a 83       	std	Y+2, r24	; 0x02
    1b3c:	9b 83       	std	Y+3, r25	; 0x03
    1b3e:	c1 59       	subi	r28, 0x91	; 145
    1b40:	d0 40       	sbci	r29, 0x00	; 0
    1b42:	c7 54       	subi	r28, 0x47	; 71
    1b44:	df 4f       	sbci	r29, 0xFF	; 255
    1b46:	28 81       	ld	r18, Y
    1b48:	39 81       	ldd	r19, Y+1	; 0x01
    1b4a:	4a 81       	ldd	r20, Y+2	; 0x02
    1b4c:	5b 81       	ldd	r21, Y+3	; 0x03
    1b4e:	c9 5b       	subi	r28, 0xB9	; 185
    1b50:	d0 40       	sbci	r29, 0x00	; 0
    1b52:	cb 56       	subi	r28, 0x6B	; 107
    1b54:	df 4f       	sbci	r29, 0xFF	; 255
    1b56:	68 81       	ld	r22, Y
    1b58:	79 81       	ldd	r23, Y+1	; 0x01
    1b5a:	8a 81       	ldd	r24, Y+2	; 0x02
    1b5c:	9b 81       	ldd	r25, Y+3	; 0x03
    1b5e:	c5 59       	subi	r28, 0x95	; 149
    1b60:	d0 40       	sbci	r29, 0x00	; 0
    1b62:	0e 94 14 14 	call	0x2828	; 0x2828 <__mulsf3>
    1b66:	cb 56       	subi	r28, 0x6B	; 107
    1b68:	df 4f       	sbci	r29, 0xFF	; 255
    1b6a:	68 83       	st	Y, r22
    1b6c:	79 83       	std	Y+1, r23	; 0x01
    1b6e:	8a 83       	std	Y+2, r24	; 0x02
    1b70:	9b 83       	std	Y+3, r25	; 0x03
    1b72:	c5 59       	subi	r28, 0x95	; 149
    1b74:	d0 40       	sbci	r29, 0x00	; 0
    1b76:	cf 55       	subi	r28, 0x5F	; 95
    1b78:	df 4f       	sbci	r29, 0xFF	; 255
    1b7a:	28 81       	ld	r18, Y
    1b7c:	39 81       	ldd	r19, Y+1	; 0x01
    1b7e:	4a 81       	ldd	r20, Y+2	; 0x02
    1b80:	5b 81       	ldd	r21, Y+3	; 0x03
    1b82:	c1 5a       	subi	r28, 0xA1	; 161
    1b84:	d0 40       	sbci	r29, 0x00	; 0
    1b86:	c3 01       	movw	r24, r6
    1b88:	b2 01       	movw	r22, r4
    1b8a:	0e 94 14 14 	call	0x2828	; 0x2828 <__mulsf3>
    1b8e:	9b 01       	movw	r18, r22
    1b90:	ac 01       	movw	r20, r24
    1b92:	cb 56       	subi	r28, 0x6B	; 107
    1b94:	df 4f       	sbci	r29, 0xFF	; 255
    1b96:	68 81       	ld	r22, Y
    1b98:	79 81       	ldd	r23, Y+1	; 0x01
    1b9a:	8a 81       	ldd	r24, Y+2	; 0x02
    1b9c:	9b 81       	ldd	r25, Y+3	; 0x03
    1b9e:	c5 59       	subi	r28, 0x95	; 149
    1ba0:	d0 40       	sbci	r29, 0x00	; 0
    1ba2:	0e 94 dd 11 	call	0x23ba	; 0x23ba <__subsf3>
    1ba6:	c7 56       	subi	r28, 0x67	; 103
    1ba8:	df 4f       	sbci	r29, 0xFF	; 255
    1baa:	28 81       	ld	r18, Y
    1bac:	39 81       	ldd	r19, Y+1	; 0x01
    1bae:	4a 81       	ldd	r20, Y+2	; 0x02
    1bb0:	5b 81       	ldd	r21, Y+3	; 0x03
    1bb2:	c9 59       	subi	r28, 0x99	; 153
    1bb4:	d0 40       	sbci	r29, 0x00	; 0
    1bb6:	0e 94 54 12 	call	0x24a8	; 0x24a8 <__divsf3>
    1bba:	2b 01       	movw	r4, r22
    1bbc:	3c 01       	movw	r6, r24
    1bbe:	17 c0       	rjmp	.+46     	; 0x1bee <__stack+0x12ef>
											else if (key == '=') {
											parse_complex(buffer, &real2, &imag2);
											buffer[0] = '\0'; current_state = STATE_CMPLX_RESULT;
											
											// Thu?t toán s? ph?c th? công
											double res_real = 0, res_imag = 0;
    1bc0:	41 2c       	mov	r4, r1
    1bc2:	51 2c       	mov	r5, r1
    1bc4:	32 01       	movw	r6, r4
    1bc6:	cf 56       	subi	r28, 0x6F	; 111
    1bc8:	df 4f       	sbci	r29, 0xFF	; 255
    1bca:	48 82       	st	Y, r4
    1bcc:	59 82       	std	Y+1, r5	; 0x01
    1bce:	6a 82       	std	Y+2, r6	; 0x02
    1bd0:	7b 82       	std	Y+3, r7	; 0x03
    1bd2:	c1 59       	subi	r28, 0x91	; 145
    1bd4:	d0 40       	sbci	r29, 0x00	; 0
    1bd6:	0b c0       	rjmp	.+22     	; 0x1bee <__stack+0x12ef>
    1bd8:	41 2c       	mov	r4, r1
    1bda:	51 2c       	mov	r5, r1
    1bdc:	32 01       	movw	r6, r4
    1bde:	cf 56       	subi	r28, 0x6F	; 111
    1be0:	df 4f       	sbci	r29, 0xFF	; 255
    1be2:	48 82       	st	Y, r4
    1be4:	59 82       	std	Y+1, r5	; 0x01
    1be6:	6a 82       	std	Y+2, r6	; 0x02
    1be8:	7b 82       	std	Y+3, r7	; 0x03
    1bea:	c1 59       	subi	r28, 0x91	; 145
    1bec:	d0 40       	sbci	r29, 0x00	; 0
											res_real = (real1*real2 + imag1*imag2) / denom; res_imag = (imag1*real2 - real1*imag2) / denom;
											}
											}
											
											char sr[16], si[16], final_ans[32];
											dtostrf(res_real, 0, 2, sr); dtostrf(fabs(res_imag), 0, 2, si);
    1bee:	8e 01       	movw	r16, r28
    1bf0:	0f 57       	subi	r16, 0x7F	; 127
    1bf2:	1f 4f       	sbci	r17, 0xFF	; 255
    1bf4:	22 e0       	ldi	r18, 0x02	; 2
    1bf6:	40 e0       	ldi	r20, 0x00	; 0
    1bf8:	cf 56       	subi	r28, 0x6F	; 111
    1bfa:	df 4f       	sbci	r29, 0xFF	; 255
    1bfc:	68 81       	ld	r22, Y
    1bfe:	79 81       	ldd	r23, Y+1	; 0x01
    1c00:	8a 81       	ldd	r24, Y+2	; 0x02
    1c02:	9b 81       	ldd	r25, Y+3	; 0x03
    1c04:	c1 59       	subi	r28, 0x91	; 145
    1c06:	d0 40       	sbci	r29, 0x00	; 0
    1c08:	0e 94 4a 16 	call	0x2c94	; 0x2c94 <dtostrf>
    1c0c:	c3 01       	movw	r24, r6
    1c0e:	b2 01       	movw	r22, r4
    1c10:	9f 77       	andi	r25, 0x7F	; 127
    1c12:	00 51       	subi	r16, 0x10	; 16
    1c14:	11 09       	sbc	r17, r1
    1c16:	22 e0       	ldi	r18, 0x02	; 2
    1c18:	40 e0       	ldi	r20, 0x00	; 0
    1c1a:	0e 94 4a 16 	call	0x2c94	; 0x2c94 <dtostrf>
											oled_clear_line(6); oled_print("Ans: ", 0, 6);
    1c1e:	86 e0       	ldi	r24, 0x06	; 6
    1c20:	0e 94 a1 0f 	call	0x1f42	; 0x1f42 <oled_clear_line>
    1c24:	46 e0       	ldi	r20, 0x06	; 6
    1c26:	60 e0       	ldi	r22, 0x00	; 0
    1c28:	8e e5       	ldi	r24, 0x5E	; 94
    1c2a:	92 e0       	ldi	r25, 0x02	; 2
    1c2c:	0e 94 6b 0f 	call	0x1ed6	; 0x1ed6 <oled_print>
											if (res_imag >= 0) sprintf(final_ans, "%s + %si", sr, si); else sprintf(final_ans, "%s - %si", sr, si);
    1c30:	20 e0       	ldi	r18, 0x00	; 0
    1c32:	30 e0       	ldi	r19, 0x00	; 0
    1c34:	a9 01       	movw	r20, r18
    1c36:	c3 01       	movw	r24, r6
    1c38:	b2 01       	movw	r22, r4
    1c3a:	0e 94 b7 13 	call	0x276e	; 0x276e <__gesf2>
    1c3e:	88 23       	and	r24, r24
    1c40:	bc f0       	brlt	.+46     	; 0x1c70 <__stack+0x1371>
    1c42:	c8 01       	movw	r24, r16
    1c44:	9f 93       	push	r25
    1c46:	0f 93       	push	r16
    1c48:	40 96       	adiw	r24, 0x10	; 16
    1c4a:	9f 93       	push	r25
    1c4c:	8f 93       	push	r24
    1c4e:	84 e6       	ldi	r24, 0x64	; 100
    1c50:	92 e0       	ldi	r25, 0x02	; 2
    1c52:	9f 93       	push	r25
    1c54:	8f 93       	push	r24
    1c56:	ce 01       	movw	r24, r28
    1c58:	8f 5a       	subi	r24, 0xAF	; 175
    1c5a:	9f 4f       	sbci	r25, 0xFF	; 255
    1c5c:	9f 93       	push	r25
    1c5e:	8f 93       	push	r24
    1c60:	0e 94 92 16 	call	0x2d24	; 0x2d24 <sprintf>
    1c64:	0f b6       	in	r0, 0x3f	; 63
    1c66:	f8 94       	cli
    1c68:	de bf       	out	0x3e, r29	; 62
    1c6a:	0f be       	out	0x3f, r0	; 63
    1c6c:	cd bf       	out	0x3d, r28	; 61
    1c6e:	18 c0       	rjmp	.+48     	; 0x1ca0 <__stack+0x13a1>
    1c70:	ce 01       	movw	r24, r28
    1c72:	8f 58       	subi	r24, 0x8F	; 143
    1c74:	9f 4f       	sbci	r25, 0xFF	; 255
    1c76:	9f 93       	push	r25
    1c78:	8f 93       	push	r24
    1c7a:	40 96       	adiw	r24, 0x10	; 16
    1c7c:	9f 93       	push	r25
    1c7e:	8f 93       	push	r24
    1c80:	8d e6       	ldi	r24, 0x6D	; 109
    1c82:	92 e0       	ldi	r25, 0x02	; 2
    1c84:	9f 93       	push	r25
    1c86:	8f 93       	push	r24
    1c88:	ce 01       	movw	r24, r28
    1c8a:	8f 5a       	subi	r24, 0xAF	; 175
    1c8c:	9f 4f       	sbci	r25, 0xFF	; 255
    1c8e:	9f 93       	push	r25
    1c90:	8f 93       	push	r24
    1c92:	0e 94 92 16 	call	0x2d24	; 0x2d24 <sprintf>
    1c96:	0f b6       	in	r0, 0x3f	; 63
    1c98:	f8 94       	cli
    1c9a:	de bf       	out	0x3e, r29	; 62
    1c9c:	0f be       	out	0x3f, r0	; 63
    1c9e:	cd bf       	out	0x3d, r28	; 61
											oled_print(final_ans, 35, 6);
    1ca0:	46 e0       	ldi	r20, 0x06	; 6
    1ca2:	63 e2       	ldi	r22, 0x23	; 35
    1ca4:	ce 01       	movw	r24, r28
    1ca6:	8f 5a       	subi	r24, 0xAF	; 175
    1ca8:	9f 4f       	sbci	r25, 0xFF	; 255
    1caa:	0e 94 6b 0f 	call	0x1ed6	; 0x1ed6 <oled_print>

											case STATE_CMPLX_Z2:
											if (key == 'D' && strlen(buffer) > 0) { buffer[strlen(buffer) - 1] = '\0'; oled_clear_line(4); oled_print("Z2: ", 0, 4); oled_print(buffer, 25, 4); }
											else if (key == '=') {
											parse_complex(buffer, &real2, &imag2);
											buffer[0] = '\0'; current_state = STATE_CMPLX_RESULT;
    1cae:	68 94       	set
    1cb0:	77 24       	eor	r7, r7
    1cb2:	74 f8       	bld	r7, 4
    1cb4:	0c 94 15 04 	jmp	0x82a	; 0x82a <__DATA_REGION_LENGTH__+0x2a>
											char sr[16], si[16], final_ans[32];
											dtostrf(res_real, 0, 2, sr); dtostrf(fabs(res_imag), 0, 2, si);
											oled_clear_line(6); oled_print("Ans: ", 0, 6);
											if (res_imag >= 0) sprintf(final_ans, "%s + %si", sr, si); else sprintf(final_ans, "%s - %si", sr, si);
											oled_print(final_ans, 35, 6);
											} else if ((key >= '0' && key <= '9') || key == '.' || key == '-' || key == '+' || key == 'i') {
    1cb8:	80 ed       	ldi	r24, 0xD0	; 208
    1cba:	81 0f       	add	r24, r17
    1cbc:	8a 30       	cpi	r24, 0x0A	; 10
    1cbe:	50 f0       	brcs	.+20     	; 0x1cd4 <__stack+0x13d5>
    1cc0:	1e 32       	cpi	r17, 0x2E	; 46
    1cc2:	41 f0       	breq	.+16     	; 0x1cd4 <__stack+0x13d5>
    1cc4:	1d 32       	cpi	r17, 0x2D	; 45
    1cc6:	31 f0       	breq	.+12     	; 0x1cd4 <__stack+0x13d5>
    1cc8:	1b 32       	cpi	r17, 0x2B	; 43
    1cca:	21 f0       	breq	.+8      	; 0x1cd4 <__stack+0x13d5>
    1ccc:	19 36       	cpi	r17, 0x69	; 105
    1cce:	11 f0       	breq	.+4      	; 0x1cd4 <__stack+0x13d5>
    1cd0:	0c 94 15 04 	jmp	0x82a	; 0x82a <__DATA_REGION_LENGTH__+0x2a>
											char t[2] = {key, '\0'}; strcat(buffer, t); oled_print(buffer, 25, 4);
    1cd4:	62 96       	adiw	r28, 0x12	; 18
    1cd6:	1f af       	std	Y+63, r17	; 0x3f
    1cd8:	62 97       	sbiw	r28, 0x12	; 18
    1cda:	63 96       	adiw	r28, 0x13	; 19
    1cdc:	1f ae       	std	Y+63, r1	; 0x3f
    1cde:	63 97       	sbiw	r28, 0x13	; 19
    1ce0:	be 01       	movw	r22, r28
    1ce2:	6f 5a       	subi	r22, 0xAF	; 175
    1ce4:	7f 4f       	sbci	r23, 0xFF	; 255
    1ce6:	ce 01       	movw	r24, r28
    1ce8:	01 96       	adiw	r24, 0x01	; 1
    1cea:	0e 94 6e 16 	call	0x2cdc	; 0x2cdc <strcat>
    1cee:	44 e0       	ldi	r20, 0x04	; 4
    1cf0:	69 e1       	ldi	r22, 0x19	; 25
    1cf2:	ce 01       	movw	r24, r28
    1cf4:	01 96       	adiw	r24, 0x01	; 1
    1cf6:	0e 94 6b 0f 	call	0x1ed6	; 0x1ed6 <oled_print>
    1cfa:	0c 94 15 04 	jmp	0x82a	; 0x82a <__DATA_REGION_LENGTH__+0x2a>

00001cfe <oled_cmd>:
#include "oled.h"
#include "i2c.h"
#include "font.h"

void oled_cmd(uint8_t c) { i2c_start(); i2c_write(0x78); i2c_write(0x00); i2c_write(c); i2c_stop(); }
    1cfe:	cf 93       	push	r28
    1d00:	c8 2f       	mov	r28, r24
    1d02:	0e 94 fc 01 	call	0x3f8	; 0x3f8 <i2c_start>
    1d06:	88 e7       	ldi	r24, 0x78	; 120
    1d08:	0e 94 11 02 	call	0x422	; 0x422 <i2c_write>
    1d0c:	80 e0       	ldi	r24, 0x00	; 0
    1d0e:	0e 94 11 02 	call	0x422	; 0x422 <i2c_write>
    1d12:	8c 2f       	mov	r24, r28
    1d14:	0e 94 11 02 	call	0x422	; 0x422 <i2c_write>
    1d18:	0e 94 0d 02 	call	0x41a	; 0x41a <i2c_stop>
    1d1c:	cf 91       	pop	r28
    1d1e:	08 95       	ret

00001d20 <oled_data>:
void oled_data(uint8_t d) { i2c_start(); i2c_write(0x78); i2c_write(0x40); i2c_write(d); i2c_stop(); }
    1d20:	cf 93       	push	r28
    1d22:	c8 2f       	mov	r28, r24
    1d24:	0e 94 fc 01 	call	0x3f8	; 0x3f8 <i2c_start>
    1d28:	88 e7       	ldi	r24, 0x78	; 120
    1d2a:	0e 94 11 02 	call	0x422	; 0x422 <i2c_write>
    1d2e:	80 e4       	ldi	r24, 0x40	; 64
    1d30:	0e 94 11 02 	call	0x422	; 0x422 <i2c_write>
    1d34:	8c 2f       	mov	r24, r28
    1d36:	0e 94 11 02 	call	0x422	; 0x422 <i2c_write>
    1d3a:	0e 94 0d 02 	call	0x41a	; 0x41a <i2c_stop>
    1d3e:	cf 91       	pop	r28
    1d40:	08 95       	ret

00001d42 <oled_init>:

void oled_init(void) {
    1d42:	1f 93       	push	r17
    1d44:	cf 93       	push	r28
    1d46:	df 93       	push	r29
    1d48:	cd b7       	in	r28, 0x3d	; 61
    1d4a:	de b7       	in	r29, 0x3e	; 62
    1d4c:	6c 97       	sbiw	r28, 0x1c	; 28
    1d4e:	0f b6       	in	r0, 0x3f	; 63
    1d50:	f8 94       	cli
    1d52:	de bf       	out	0x3e, r29	; 62
    1d54:	0f be       	out	0x3f, r0	; 63
    1d56:	cd bf       	out	0x3d, r28	; 61
	uint8_t cmds[] = {0xAE, 0x20, 0x10, 0xB0, 0xC8, 0x00, 0x10, 0x40, 0x81, 0xFF, 0xA1, 0xA6, 0xA8, 0x3F, 0xA4, 0xD3, 0x00, 0xD5, 0xF0, 0xD9, 0x22, 0xDA, 0x12, 0xDB, 0x20, 0x8D, 0x14, 0xAF};
    1d58:	8c e1       	ldi	r24, 0x1C	; 28
    1d5a:	e1 e0       	ldi	r30, 0x01	; 1
    1d5c:	f1 e0       	ldi	r31, 0x01	; 1
    1d5e:	de 01       	movw	r26, r28
    1d60:	11 96       	adiw	r26, 0x01	; 1
    1d62:	01 90       	ld	r0, Z+
    1d64:	0d 92       	st	X+, r0
    1d66:	8a 95       	dec	r24
    1d68:	e1 f7       	brne	.-8      	; 0x1d62 <oled_init+0x20>
	i2c_init(); _delay_ms(100);
    1d6a:	0e 94 f8 01 	call	0x3f0	; 0x3f0 <i2c_init>
	#else
		//round up by default
		__ticks_dc = (uint32_t)(ceil(fabs(__tmp)));
	#endif

	__builtin_avr_delay_cycles(__ticks_dc);
    1d6e:	2f ef       	ldi	r18, 0xFF	; 255
    1d70:	80 e7       	ldi	r24, 0x70	; 112
    1d72:	92 e0       	ldi	r25, 0x02	; 2
    1d74:	21 50       	subi	r18, 0x01	; 1
    1d76:	80 40       	sbci	r24, 0x00	; 0
    1d78:	90 40       	sbci	r25, 0x00	; 0
    1d7a:	e1 f7       	brne	.-8      	; 0x1d74 <oled_init+0x32>
    1d7c:	00 c0       	rjmp	.+0      	; 0x1d7e <oled_init+0x3c>
    1d7e:	00 00       	nop
	for(uint8_t i=0; i<28; i++) oled_cmd(cmds[i]);
    1d80:	10 e0       	ldi	r17, 0x00	; 0
    1d82:	0a c0       	rjmp	.+20     	; 0x1d98 <oled_init+0x56>
    1d84:	e1 e0       	ldi	r30, 0x01	; 1
    1d86:	f0 e0       	ldi	r31, 0x00	; 0
    1d88:	ec 0f       	add	r30, r28
    1d8a:	fd 1f       	adc	r31, r29
    1d8c:	e1 0f       	add	r30, r17
    1d8e:	f1 1d       	adc	r31, r1
    1d90:	80 81       	ld	r24, Z
    1d92:	0e 94 7f 0e 	call	0x1cfe	; 0x1cfe <oled_cmd>
    1d96:	1f 5f       	subi	r17, 0xFF	; 255
    1d98:	1c 31       	cpi	r17, 0x1C	; 28
    1d9a:	a0 f3       	brcs	.-24     	; 0x1d84 <oled_init+0x42>
}
    1d9c:	6c 96       	adiw	r28, 0x1c	; 28
    1d9e:	0f b6       	in	r0, 0x3f	; 63
    1da0:	f8 94       	cli
    1da2:	de bf       	out	0x3e, r29	; 62
    1da4:	0f be       	out	0x3f, r0	; 63
    1da6:	cd bf       	out	0x3d, r28	; 61
    1da8:	df 91       	pop	r29
    1daa:	cf 91       	pop	r28
    1dac:	1f 91       	pop	r17
    1dae:	08 95       	ret

00001db0 <oled_char>:

void oled_char(char c, uint8_t x, uint8_t y) {
    1db0:	1f 93       	push	r17
    1db2:	cf 93       	push	r28
    1db4:	df 93       	push	r29
    1db6:	c6 2f       	mov	r28, r22
	uint8_t idx = 0;
	if (c == ' ') idx = 0;
    1db8:	80 32       	cpi	r24, 0x20	; 32
    1dba:	c1 f1       	breq	.+112    	; 0x1e2c <oled_char+0x7c>
	else if (c >= '0' && c <= '9') idx = c - '0' + 1;
    1dbc:	90 ed       	ldi	r25, 0xD0	; 208
    1dbe:	98 0f       	add	r25, r24
    1dc0:	9a 30       	cpi	r25, 0x0A	; 10
    1dc2:	18 f4       	brcc	.+6      	; 0x1dca <oled_char+0x1a>
    1dc4:	11 ed       	ldi	r17, 0xD1	; 209
    1dc6:	18 0f       	add	r17, r24
    1dc8:	5a c0       	rjmp	.+180    	; 0x1e7e <oled_char+0xce>
	else if (c >= 'A' && c <= 'Z') idx = c - 'A' + 11;
    1dca:	9f eb       	ldi	r25, 0xBF	; 191
    1dcc:	98 0f       	add	r25, r24
    1dce:	9a 31       	cpi	r25, 0x1A	; 26
    1dd0:	18 f4       	brcc	.+6      	; 0x1dd8 <oled_char+0x28>
    1dd2:	1a ec       	ldi	r17, 0xCA	; 202
    1dd4:	18 0f       	add	r17, r24
    1dd6:	53 c0       	rjmp	.+166    	; 0x1e7e <oled_char+0xce>
	else if (c == '+') idx = 37; else if (c == '-') idx = 38; else if (c == '*') idx = 39;
    1dd8:	8b 32       	cpi	r24, 0x2B	; 43
    1dda:	51 f1       	breq	.+84     	; 0x1e30 <oled_char+0x80>
    1ddc:	8d 32       	cpi	r24, 0x2D	; 45
    1dde:	51 f1       	breq	.+84     	; 0x1e34 <oled_char+0x84>
    1de0:	8a 32       	cpi	r24, 0x2A	; 42
    1de2:	51 f1       	breq	.+84     	; 0x1e38 <oled_char+0x88>
	else if (c == '/') idx = 40; else if (c == '.') idx = 41; else if (c == '=') idx = 42;
    1de4:	8f 32       	cpi	r24, 0x2F	; 47
    1de6:	51 f1       	breq	.+84     	; 0x1e3c <oled_char+0x8c>
    1de8:	8e 32       	cpi	r24, 0x2E	; 46
    1dea:	51 f1       	breq	.+84     	; 0x1e40 <oled_char+0x90>
    1dec:	8d 33       	cpi	r24, 0x3D	; 61
    1dee:	51 f1       	breq	.+84     	; 0x1e44 <oled_char+0x94>
	else if (c == ':') idx = 43; else if (c == '^') idx = 44; else if (c == 'q') idx = 45;
    1df0:	8a 33       	cpi	r24, 0x3A	; 58
    1df2:	51 f1       	breq	.+84     	; 0x1e48 <oled_char+0x98>
    1df4:	8e 35       	cpi	r24, 0x5E	; 94
    1df6:	51 f1       	breq	.+84     	; 0x1e4c <oled_char+0x9c>
    1df8:	81 37       	cpi	r24, 0x71	; 113
    1dfa:	51 f1       	breq	.+84     	; 0x1e50 <oled_char+0xa0>
	else if (c == 's') idx = 46; else if (c == 'i') idx = 47; else if (c == 'n') idx = 48;
    1dfc:	83 37       	cpi	r24, 0x73	; 115
    1dfe:	51 f1       	breq	.+84     	; 0x1e54 <oled_char+0xa4>
    1e00:	89 36       	cpi	r24, 0x69	; 105
    1e02:	51 f1       	breq	.+84     	; 0x1e58 <oled_char+0xa8>
    1e04:	8e 36       	cpi	r24, 0x6E	; 110
    1e06:	51 f1       	breq	.+84     	; 0x1e5c <oled_char+0xac>
	else if (c == 'c') idx = 49; else if (c == 'o') idx = 50; else if (c == 't') idx = 51;
    1e08:	83 36       	cpi	r24, 0x63	; 99
    1e0a:	51 f1       	breq	.+84     	; 0x1e60 <oled_char+0xb0>
    1e0c:	8f 36       	cpi	r24, 0x6F	; 111
    1e0e:	51 f1       	breq	.+84     	; 0x1e64 <oled_char+0xb4>
    1e10:	84 37       	cpi	r24, 0x74	; 116
    1e12:	51 f1       	breq	.+84     	; 0x1e68 <oled_char+0xb8>
	else if (c == 'a') idx = 52; else if (c == '(') idx = 53; else if (c == ')') idx = 54;
    1e14:	81 36       	cpi	r24, 0x61	; 97
    1e16:	51 f1       	breq	.+84     	; 0x1e6c <oled_char+0xbc>
    1e18:	88 32       	cpi	r24, 0x28	; 40
    1e1a:	51 f1       	breq	.+84     	; 0x1e70 <oled_char+0xc0>
    1e1c:	89 32       	cpi	r24, 0x29	; 41
    1e1e:	51 f1       	breq	.+84     	; 0x1e74 <oled_char+0xc4>
	else if (c == 'l') idx = 55; else if (c == 'g') idx = 56;
    1e20:	8c 36       	cpi	r24, 0x6C	; 108
    1e22:	51 f1       	breq	.+84     	; 0x1e78 <oled_char+0xc8>
    1e24:	87 36       	cpi	r24, 0x67	; 103
    1e26:	51 f1       	breq	.+84     	; 0x1e7c <oled_char+0xcc>
	i2c_init(); _delay_ms(100);
	for(uint8_t i=0; i<28; i++) oled_cmd(cmds[i]);
}

void oled_char(char c, uint8_t x, uint8_t y) {
	uint8_t idx = 0;
    1e28:	10 e0       	ldi	r17, 0x00	; 0
    1e2a:	29 c0       	rjmp	.+82     	; 0x1e7e <oled_char+0xce>
	if (c == ' ') idx = 0;
    1e2c:	10 e0       	ldi	r17, 0x00	; 0
    1e2e:	27 c0       	rjmp	.+78     	; 0x1e7e <oled_char+0xce>
	else if (c >= '0' && c <= '9') idx = c - '0' + 1;
	else if (c >= 'A' && c <= 'Z') idx = c - 'A' + 11;
	else if (c == '+') idx = 37; else if (c == '-') idx = 38; else if (c == '*') idx = 39;
    1e30:	15 e2       	ldi	r17, 0x25	; 37
    1e32:	25 c0       	rjmp	.+74     	; 0x1e7e <oled_char+0xce>
    1e34:	16 e2       	ldi	r17, 0x26	; 38
    1e36:	23 c0       	rjmp	.+70     	; 0x1e7e <oled_char+0xce>
    1e38:	17 e2       	ldi	r17, 0x27	; 39
    1e3a:	21 c0       	rjmp	.+66     	; 0x1e7e <oled_char+0xce>
	else if (c == '/') idx = 40; else if (c == '.') idx = 41; else if (c == '=') idx = 42;
    1e3c:	18 e2       	ldi	r17, 0x28	; 40
    1e3e:	1f c0       	rjmp	.+62     	; 0x1e7e <oled_char+0xce>
    1e40:	19 e2       	ldi	r17, 0x29	; 41
    1e42:	1d c0       	rjmp	.+58     	; 0x1e7e <oled_char+0xce>
    1e44:	1a e2       	ldi	r17, 0x2A	; 42
    1e46:	1b c0       	rjmp	.+54     	; 0x1e7e <oled_char+0xce>
	else if (c == ':') idx = 43; else if (c == '^') idx = 44; else if (c == 'q') idx = 45;
    1e48:	1b e2       	ldi	r17, 0x2B	; 43
    1e4a:	19 c0       	rjmp	.+50     	; 0x1e7e <oled_char+0xce>
    1e4c:	1c e2       	ldi	r17, 0x2C	; 44
    1e4e:	17 c0       	rjmp	.+46     	; 0x1e7e <oled_char+0xce>
    1e50:	1d e2       	ldi	r17, 0x2D	; 45
    1e52:	15 c0       	rjmp	.+42     	; 0x1e7e <oled_char+0xce>
	else if (c == 's') idx = 46; else if (c == 'i') idx = 47; else if (c == 'n') idx = 48;
    1e54:	1e e2       	ldi	r17, 0x2E	; 46
    1e56:	13 c0       	rjmp	.+38     	; 0x1e7e <oled_char+0xce>
    1e58:	1f e2       	ldi	r17, 0x2F	; 47
    1e5a:	11 c0       	rjmp	.+34     	; 0x1e7e <oled_char+0xce>
    1e5c:	10 e3       	ldi	r17, 0x30	; 48
    1e5e:	0f c0       	rjmp	.+30     	; 0x1e7e <oled_char+0xce>
	else if (c == 'c') idx = 49; else if (c == 'o') idx = 50; else if (c == 't') idx = 51;
    1e60:	11 e3       	ldi	r17, 0x31	; 49
    1e62:	0d c0       	rjmp	.+26     	; 0x1e7e <oled_char+0xce>
    1e64:	12 e3       	ldi	r17, 0x32	; 50
    1e66:	0b c0       	rjmp	.+22     	; 0x1e7e <oled_char+0xce>
    1e68:	13 e3       	ldi	r17, 0x33	; 51
    1e6a:	09 c0       	rjmp	.+18     	; 0x1e7e <oled_char+0xce>
	else if (c == 'a') idx = 52; else if (c == '(') idx = 53; else if (c == ')') idx = 54;
    1e6c:	14 e3       	ldi	r17, 0x34	; 52
    1e6e:	07 c0       	rjmp	.+14     	; 0x1e7e <oled_char+0xce>
    1e70:	15 e3       	ldi	r17, 0x35	; 53
    1e72:	05 c0       	rjmp	.+10     	; 0x1e7e <oled_char+0xce>
    1e74:	16 e3       	ldi	r17, 0x36	; 54
    1e76:	03 c0       	rjmp	.+6      	; 0x1e7e <oled_char+0xce>
	else if (c == 'l') idx = 55; else if (c == 'g') idx = 56;
    1e78:	17 e3       	ldi	r17, 0x37	; 55
    1e7a:	01 c0       	rjmp	.+2      	; 0x1e7e <oled_char+0xce>
    1e7c:	18 e3       	ldi	r17, 0x38	; 56
	
	oled_cmd(0xB0 + y); oled_cmd(0x00 + (x & 0x0F)); oled_cmd(0x10 + ((x >> 4) & 0x0F));
    1e7e:	80 eb       	ldi	r24, 0xB0	; 176
    1e80:	84 0f       	add	r24, r20
    1e82:	0e 94 7f 0e 	call	0x1cfe	; 0x1cfe <oled_cmd>
    1e86:	8c 2f       	mov	r24, r28
    1e88:	8f 70       	andi	r24, 0x0F	; 15
    1e8a:	0e 94 7f 0e 	call	0x1cfe	; 0x1cfe <oled_cmd>
    1e8e:	8c 2f       	mov	r24, r28
    1e90:	82 95       	swap	r24
    1e92:	8f 70       	andi	r24, 0x0F	; 15
    1e94:	80 5f       	subi	r24, 0xF0	; 240
    1e96:	0e 94 7f 0e 	call	0x1cfe	; 0x1cfe <oled_cmd>
	for (int i = 0; i < 5; i++) {
    1e9a:	c0 e0       	ldi	r28, 0x00	; 0
    1e9c:	d0 e0       	ldi	r29, 0x00	; 0
    1e9e:	11 c0       	rjmp	.+34     	; 0x1ec2 <oled_char+0x112>
		oled_data(pgm_read_byte(&(font[idx][i])));
    1ea0:	21 2f       	mov	r18, r17
    1ea2:	30 e0       	ldi	r19, 0x00	; 0
    1ea4:	f9 01       	movw	r30, r18
    1ea6:	ee 0f       	add	r30, r30
    1ea8:	ff 1f       	adc	r31, r31
    1eaa:	ee 0f       	add	r30, r30
    1eac:	ff 1f       	adc	r31, r31
    1eae:	e2 0f       	add	r30, r18
    1eb0:	f3 1f       	adc	r31, r19
    1eb2:	ec 0f       	add	r30, r28
    1eb4:	fd 1f       	adc	r31, r29
    1eb6:	eb 56       	subi	r30, 0x6B	; 107
    1eb8:	fd 4f       	sbci	r31, 0xFD	; 253
    1eba:	84 91       	lpm	r24, Z
    1ebc:	0e 94 90 0e 	call	0x1d20	; 0x1d20 <oled_data>
	else if (c == 'c') idx = 49; else if (c == 'o') idx = 50; else if (c == 't') idx = 51;
	else if (c == 'a') idx = 52; else if (c == '(') idx = 53; else if (c == ')') idx = 54;
	else if (c == 'l') idx = 55; else if (c == 'g') idx = 56;
	
	oled_cmd(0xB0 + y); oled_cmd(0x00 + (x & 0x0F)); oled_cmd(0x10 + ((x >> 4) & 0x0F));
	for (int i = 0; i < 5; i++) {
    1ec0:	21 96       	adiw	r28, 0x01	; 1
    1ec2:	c5 30       	cpi	r28, 0x05	; 5
    1ec4:	d1 05       	cpc	r29, r1
    1ec6:	64 f3       	brlt	.-40     	; 0x1ea0 <oled_char+0xf0>
		oled_data(pgm_read_byte(&(font[idx][i])));
	}
	oled_data(0x00);
    1ec8:	80 e0       	ldi	r24, 0x00	; 0
    1eca:	0e 94 90 0e 	call	0x1d20	; 0x1d20 <oled_data>
}
    1ece:	df 91       	pop	r29
    1ed0:	cf 91       	pop	r28
    1ed2:	1f 91       	pop	r17
    1ed4:	08 95       	ret

00001ed6 <oled_print>:

void oled_print(const char *s, uint8_t x, uint8_t y) { while(*s) { oled_char(*s++, x, y); x+=6; } }
    1ed6:	0f 93       	push	r16
    1ed8:	1f 93       	push	r17
    1eda:	cf 93       	push	r28
    1edc:	df 93       	push	r29
    1ede:	ec 01       	movw	r28, r24
    1ee0:	16 2f       	mov	r17, r22
    1ee2:	04 2f       	mov	r16, r20
    1ee4:	06 c0       	rjmp	.+12     	; 0x1ef2 <oled_print+0x1c>
    1ee6:	21 96       	adiw	r28, 0x01	; 1
    1ee8:	40 2f       	mov	r20, r16
    1eea:	61 2f       	mov	r22, r17
    1eec:	0e 94 d8 0e 	call	0x1db0	; 0x1db0 <oled_char>
    1ef0:	1a 5f       	subi	r17, 0xFA	; 250
    1ef2:	88 81       	ld	r24, Y
    1ef4:	81 11       	cpse	r24, r1
    1ef6:	f7 cf       	rjmp	.-18     	; 0x1ee6 <oled_print+0x10>
    1ef8:	df 91       	pop	r29
    1efa:	cf 91       	pop	r28
    1efc:	1f 91       	pop	r17
    1efe:	0f 91       	pop	r16
    1f00:	08 95       	ret

00001f02 <oled_clear>:
void oled_clear(void) { for(uint8_t i=0; i<8; i++) { oled_cmd(0xB0+i); oled_cmd(0x00); oled_cmd(0x10); for(int j=0; j<128; j++) oled_data(0x00); } }
    1f02:	1f 93       	push	r17
    1f04:	cf 93       	push	r28
    1f06:	df 93       	push	r29
    1f08:	10 e0       	ldi	r17, 0x00	; 0
    1f0a:	15 c0       	rjmp	.+42     	; 0x1f36 <oled_clear+0x34>
    1f0c:	80 eb       	ldi	r24, 0xB0	; 176
    1f0e:	81 0f       	add	r24, r17
    1f10:	0e 94 7f 0e 	call	0x1cfe	; 0x1cfe <oled_cmd>
    1f14:	80 e0       	ldi	r24, 0x00	; 0
    1f16:	0e 94 7f 0e 	call	0x1cfe	; 0x1cfe <oled_cmd>
    1f1a:	80 e1       	ldi	r24, 0x10	; 16
    1f1c:	0e 94 7f 0e 	call	0x1cfe	; 0x1cfe <oled_cmd>
    1f20:	c0 e0       	ldi	r28, 0x00	; 0
    1f22:	d0 e0       	ldi	r29, 0x00	; 0
    1f24:	04 c0       	rjmp	.+8      	; 0x1f2e <oled_clear+0x2c>
    1f26:	80 e0       	ldi	r24, 0x00	; 0
    1f28:	0e 94 90 0e 	call	0x1d20	; 0x1d20 <oled_data>
    1f2c:	21 96       	adiw	r28, 0x01	; 1
    1f2e:	c0 38       	cpi	r28, 0x80	; 128
    1f30:	d1 05       	cpc	r29, r1
    1f32:	cc f3       	brlt	.-14     	; 0x1f26 <oled_clear+0x24>
    1f34:	1f 5f       	subi	r17, 0xFF	; 255
    1f36:	18 30       	cpi	r17, 0x08	; 8
    1f38:	48 f3       	brcs	.-46     	; 0x1f0c <oled_clear+0xa>
    1f3a:	df 91       	pop	r29
    1f3c:	cf 91       	pop	r28
    1f3e:	1f 91       	pop	r17
    1f40:	08 95       	ret

00001f42 <oled_clear_line>:
    1f42:	cf 93       	push	r28
    1f44:	df 93       	push	r29
    1f46:	80 55       	subi	r24, 0x50	; 80
    1f48:	0e 94 7f 0e 	call	0x1cfe	; 0x1cfe <oled_cmd>
    1f4c:	80 e0       	ldi	r24, 0x00	; 0
    1f4e:	0e 94 7f 0e 	call	0x1cfe	; 0x1cfe <oled_cmd>
    1f52:	80 e1       	ldi	r24, 0x10	; 16
    1f54:	0e 94 7f 0e 	call	0x1cfe	; 0x1cfe <oled_cmd>
    1f58:	c0 e0       	ldi	r28, 0x00	; 0
    1f5a:	d0 e0       	ldi	r29, 0x00	; 0
    1f5c:	04 c0       	rjmp	.+8      	; 0x1f66 <oled_clear_line+0x24>
    1f5e:	80 e0       	ldi	r24, 0x00	; 0
    1f60:	0e 94 90 0e 	call	0x1d20	; 0x1d20 <oled_data>
    1f64:	21 96       	adiw	r28, 0x01	; 1
    1f66:	c0 38       	cpi	r28, 0x80	; 128
    1f68:	d1 05       	cpc	r29, r1
    1f6a:	cc f3       	brlt	.-14     	; 0x1f5e <oled_clear_line+0x1c>
    1f6c:	df 91       	pop	r29
    1f6e:	cf 91       	pop	r28
    1f70:	08 95       	ret

00001f72 <number>:
double calculate_expression(const char* expression_string) {
	ptr = expression_string;
	return expression();
}

static double number(void) {
    1f72:	6f 92       	push	r6
    1f74:	7f 92       	push	r7
    1f76:	8f 92       	push	r8
    1f78:	9f 92       	push	r9
    1f7a:	af 92       	push	r10
    1f7c:	bf 92       	push	r11
    1f7e:	cf 92       	push	r12
    1f80:	df 92       	push	r13
    1f82:	ef 92       	push	r14
    1f84:	ff 92       	push	r15
    1f86:	1f 93       	push	r17
    1f88:	cf 93       	push	r28
    1f8a:	df 93       	push	r29
	double r = 0;
	if (*ptr == '(') { ptr++; r = expression(); if (*ptr == ')') ptr++; return r; }
    1f8c:	c0 91 8e 02 	lds	r28, 0x028E	; 0x80028e <ptr>
    1f90:	d0 91 8f 02 	lds	r29, 0x028F	; 0x80028f <ptr+0x1>
    1f94:	18 81       	ld	r17, Y
    1f96:	18 32       	cpi	r17, 0x28	; 40
    1f98:	c9 f4       	brne	.+50     	; 0x1fcc <number+0x5a>
    1f9a:	21 96       	adiw	r28, 0x01	; 1
    1f9c:	d0 93 8f 02 	sts	0x028F, r29	; 0x80028f <ptr+0x1>
    1fa0:	c0 93 8e 02 	sts	0x028E, r28	; 0x80028e <ptr>
    1fa4:	0e 94 a1 11 	call	0x2342	; 0x2342 <expression>
    1fa8:	e0 91 8e 02 	lds	r30, 0x028E	; 0x80028e <ptr>
    1fac:	f0 91 8f 02 	lds	r31, 0x028F	; 0x80028f <ptr+0x1>
    1fb0:	20 81       	ld	r18, Z
    1fb2:	29 32       	cpi	r18, 0x29	; 41
    1fb4:	09 f0       	breq	.+2      	; 0x1fb8 <number+0x46>
    1fb6:	57 c1       	rjmp	.+686    	; 0x2266 <number+0x2f4>
    1fb8:	31 96       	adiw	r30, 0x01	; 1
    1fba:	f0 93 8f 02 	sts	0x028F, r31	; 0x80028f <ptr+0x1>
    1fbe:	e0 93 8e 02 	sts	0x028E, r30	; 0x80028e <ptr>
    1fc2:	56 2f       	mov	r21, r22
    1fc4:	47 2f       	mov	r20, r23
    1fc6:	38 2f       	mov	r19, r24
    1fc8:	29 2f       	mov	r18, r25
    1fca:	51 c1       	rjmp	.+674    	; 0x226e <number+0x2fc>
	if (strncmp(ptr, "sin", 3) == 0) { ptr += 3; return sin(number() * PI / 180.0); }
    1fcc:	43 e0       	ldi	r20, 0x03	; 3
    1fce:	50 e0       	ldi	r21, 0x00	; 0
    1fd0:	66 e7       	ldi	r22, 0x76	; 118
    1fd2:	72 e0       	ldi	r23, 0x02	; 2
    1fd4:	ce 01       	movw	r24, r28
    1fd6:	0e 94 84 16 	call	0x2d08	; 0x2d08 <strncmp>
    1fda:	89 2b       	or	r24, r25
    1fdc:	d1 f4       	brne	.+52     	; 0x2012 <number+0xa0>
    1fde:	23 96       	adiw	r28, 0x03	; 3
    1fe0:	d0 93 8f 02 	sts	0x028F, r29	; 0x80028f <ptr+0x1>
    1fe4:	c0 93 8e 02 	sts	0x028E, r28	; 0x80028e <ptr>
    1fe8:	0e 94 b9 0f 	call	0x1f72	; 0x1f72 <number>
    1fec:	2b ed       	ldi	r18, 0xDB	; 219
    1fee:	3f e0       	ldi	r19, 0x0F	; 15
    1ff0:	49 e4       	ldi	r20, 0x49	; 73
    1ff2:	50 e4       	ldi	r21, 0x40	; 64
    1ff4:	0e 94 14 14 	call	0x2828	; 0x2828 <__mulsf3>
    1ff8:	20 e0       	ldi	r18, 0x00	; 0
    1ffa:	30 e0       	ldi	r19, 0x00	; 0
    1ffc:	44 e3       	ldi	r20, 0x34	; 52
    1ffe:	53 e4       	ldi	r21, 0x43	; 67
    2000:	0e 94 54 12 	call	0x24a8	; 0x24a8 <__divsf3>
    2004:	0e 94 d1 14 	call	0x29a2	; 0x29a2 <sin>
    2008:	56 2f       	mov	r21, r22
    200a:	47 2f       	mov	r20, r23
    200c:	38 2f       	mov	r19, r24
    200e:	29 2f       	mov	r18, r25
    2010:	2e c1       	rjmp	.+604    	; 0x226e <number+0x2fc>
	if (strncmp(ptr, "cos", 3) == 0) { ptr += 3; return cos(number() * PI / 180.0); }
    2012:	43 e0       	ldi	r20, 0x03	; 3
    2014:	50 e0       	ldi	r21, 0x00	; 0
    2016:	6a e7       	ldi	r22, 0x7A	; 122
    2018:	72 e0       	ldi	r23, 0x02	; 2
    201a:	ce 01       	movw	r24, r28
    201c:	0e 94 84 16 	call	0x2d08	; 0x2d08 <strncmp>
    2020:	89 2b       	or	r24, r25
    2022:	d1 f4       	brne	.+52     	; 0x2058 <number+0xe6>
    2024:	23 96       	adiw	r28, 0x03	; 3
    2026:	d0 93 8f 02 	sts	0x028F, r29	; 0x80028f <ptr+0x1>
    202a:	c0 93 8e 02 	sts	0x028E, r28	; 0x80028e <ptr>
    202e:	0e 94 b9 0f 	call	0x1f72	; 0x1f72 <number>
    2032:	2b ed       	ldi	r18, 0xDB	; 219
    2034:	3f e0       	ldi	r19, 0x0F	; 15
    2036:	49 e4       	ldi	r20, 0x49	; 73
    2038:	50 e4       	ldi	r21, 0x40	; 64
    203a:	0e 94 14 14 	call	0x2828	; 0x2828 <__mulsf3>
    203e:	20 e0       	ldi	r18, 0x00	; 0
    2040:	30 e0       	ldi	r19, 0x00	; 0
    2042:	44 e3       	ldi	r20, 0x34	; 52
    2044:	53 e4       	ldi	r21, 0x43	; 67
    2046:	0e 94 54 12 	call	0x24a8	; 0x24a8 <__divsf3>
    204a:	0e 94 4f 12 	call	0x249e	; 0x249e <cos>
    204e:	56 2f       	mov	r21, r22
    2050:	47 2f       	mov	r20, r23
    2052:	38 2f       	mov	r19, r24
    2054:	29 2f       	mov	r18, r25
    2056:	0b c1       	rjmp	.+534    	; 0x226e <number+0x2fc>
	if (strncmp(ptr, "tan", 3) == 0) { ptr += 3; return tan(number() * PI / 180.0); }
    2058:	43 e0       	ldi	r20, 0x03	; 3
    205a:	50 e0       	ldi	r21, 0x00	; 0
    205c:	6e e7       	ldi	r22, 0x7E	; 126
    205e:	72 e0       	ldi	r23, 0x02	; 2
    2060:	ce 01       	movw	r24, r28
    2062:	0e 94 84 16 	call	0x2d08	; 0x2d08 <strncmp>
    2066:	89 2b       	or	r24, r25
    2068:	d1 f4       	brne	.+52     	; 0x209e <number+0x12c>
    206a:	23 96       	adiw	r28, 0x03	; 3
    206c:	d0 93 8f 02 	sts	0x028F, r29	; 0x80028f <ptr+0x1>
    2070:	c0 93 8e 02 	sts	0x028E, r28	; 0x80028e <ptr>
    2074:	0e 94 b9 0f 	call	0x1f72	; 0x1f72 <number>
    2078:	2b ed       	ldi	r18, 0xDB	; 219
    207a:	3f e0       	ldi	r19, 0x0F	; 15
    207c:	49 e4       	ldi	r20, 0x49	; 73
    207e:	50 e4       	ldi	r21, 0x40	; 64
    2080:	0e 94 14 14 	call	0x2828	; 0x2828 <__mulsf3>
    2084:	20 e0       	ldi	r18, 0x00	; 0
    2086:	30 e0       	ldi	r19, 0x00	; 0
    2088:	44 e3       	ldi	r20, 0x34	; 52
    208a:	53 e4       	ldi	r21, 0x43	; 67
    208c:	0e 94 54 12 	call	0x24a8	; 0x24a8 <__divsf3>
    2090:	0e 94 1f 15 	call	0x2a3e	; 0x2a3e <tan>
    2094:	56 2f       	mov	r21, r22
    2096:	47 2f       	mov	r20, r23
    2098:	38 2f       	mov	r19, r24
    209a:	29 2f       	mov	r18, r25
    209c:	e8 c0       	rjmp	.+464    	; 0x226e <number+0x2fc>
	if (strncmp(ptr, "cot", 3) == 0) { ptr += 3; return 1.0 / tan(number() * PI / 180.0); }
    209e:	43 e0       	ldi	r20, 0x03	; 3
    20a0:	50 e0       	ldi	r21, 0x00	; 0
    20a2:	62 e8       	ldi	r22, 0x82	; 130
    20a4:	72 e0       	ldi	r23, 0x02	; 2
    20a6:	ce 01       	movw	r24, r28
    20a8:	0e 94 84 16 	call	0x2d08	; 0x2d08 <strncmp>
    20ac:	89 2b       	or	r24, r25
    20ae:	11 f5       	brne	.+68     	; 0x20f4 <number+0x182>
    20b0:	23 96       	adiw	r28, 0x03	; 3
    20b2:	d0 93 8f 02 	sts	0x028F, r29	; 0x80028f <ptr+0x1>
    20b6:	c0 93 8e 02 	sts	0x028E, r28	; 0x80028e <ptr>
    20ba:	0e 94 b9 0f 	call	0x1f72	; 0x1f72 <number>
    20be:	2b ed       	ldi	r18, 0xDB	; 219
    20c0:	3f e0       	ldi	r19, 0x0F	; 15
    20c2:	49 e4       	ldi	r20, 0x49	; 73
    20c4:	50 e4       	ldi	r21, 0x40	; 64
    20c6:	0e 94 14 14 	call	0x2828	; 0x2828 <__mulsf3>
    20ca:	20 e0       	ldi	r18, 0x00	; 0
    20cc:	30 e0       	ldi	r19, 0x00	; 0
    20ce:	44 e3       	ldi	r20, 0x34	; 52
    20d0:	53 e4       	ldi	r21, 0x43	; 67
    20d2:	0e 94 54 12 	call	0x24a8	; 0x24a8 <__divsf3>
    20d6:	0e 94 1f 15 	call	0x2a3e	; 0x2a3e <tan>
    20da:	9b 01       	movw	r18, r22
    20dc:	ac 01       	movw	r20, r24
    20de:	60 e0       	ldi	r22, 0x00	; 0
    20e0:	70 e0       	ldi	r23, 0x00	; 0
    20e2:	80 e8       	ldi	r24, 0x80	; 128
    20e4:	9f e3       	ldi	r25, 0x3F	; 63
    20e6:	0e 94 54 12 	call	0x24a8	; 0x24a8 <__divsf3>
    20ea:	56 2f       	mov	r21, r22
    20ec:	47 2f       	mov	r20, r23
    20ee:	38 2f       	mov	r19, r24
    20f0:	29 2f       	mov	r18, r25
    20f2:	bd c0       	rjmp	.+378    	; 0x226e <number+0x2fc>
	if (strncmp(ptr, "log", 3) == 0) { ptr += 3; return log10(number()); }
    20f4:	43 e0       	ldi	r20, 0x03	; 3
    20f6:	50 e0       	ldi	r21, 0x00	; 0
    20f8:	66 e8       	ldi	r22, 0x86	; 134
    20fa:	72 e0       	ldi	r23, 0x02	; 2
    20fc:	ce 01       	movw	r24, r28
    20fe:	0e 94 84 16 	call	0x2d08	; 0x2d08 <strncmp>
    2102:	89 2b       	or	r24, r25
    2104:	71 f4       	brne	.+28     	; 0x2122 <number+0x1b0>
    2106:	23 96       	adiw	r28, 0x03	; 3
    2108:	d0 93 8f 02 	sts	0x028F, r29	; 0x80028f <ptr+0x1>
    210c:	c0 93 8e 02 	sts	0x028E, r28	; 0x80028e <ptr>
    2110:	0e 94 b9 0f 	call	0x1f72	; 0x1f72 <number>
    2114:	0e 94 bc 13 	call	0x2778	; 0x2778 <log10>
    2118:	56 2f       	mov	r21, r22
    211a:	47 2f       	mov	r20, r23
    211c:	38 2f       	mov	r19, r24
    211e:	29 2f       	mov	r18, r25
    2120:	a6 c0       	rjmp	.+332    	; 0x226e <number+0x2fc>
	if (*ptr == 'q') { ptr++; return sqrt(number()); }
    2122:	11 37       	cpi	r17, 0x71	; 113
    2124:	71 f4       	brne	.+28     	; 0x2142 <number+0x1d0>
    2126:	21 96       	adiw	r28, 0x01	; 1
    2128:	d0 93 8f 02 	sts	0x028F, r29	; 0x80028f <ptr+0x1>
    212c:	c0 93 8e 02 	sts	0x028E, r28	; 0x80028e <ptr>
    2130:	0e 94 b9 0f 	call	0x1f72	; 0x1f72 <number>
    2134:	0e 94 df 14 	call	0x29be	; 0x29be <sqrt>
    2138:	56 2f       	mov	r21, r22
    213a:	47 2f       	mov	r20, r23
    213c:	38 2f       	mov	r19, r24
    213e:	29 2f       	mov	r18, r25
    2140:	96 c0       	rjmp	.+300    	; 0x226e <number+0x2fc>
	int sign = 1; if (*ptr == '-') { sign = -1; ptr++; }
    2142:	1d 32       	cpi	r17, 0x2D	; 45
    2144:	49 f4       	brne	.+18     	; 0x2158 <number+0x1e6>
    2146:	21 96       	adiw	r28, 0x01	; 1
    2148:	d0 93 8f 02 	sts	0x028F, r29	; 0x80028f <ptr+0x1>
    214c:	c0 93 8e 02 	sts	0x028E, r28	; 0x80028e <ptr>
    2150:	66 24       	eor	r6, r6
    2152:	6a 94       	dec	r6
    2154:	76 2c       	mov	r7, r6
    2156:	03 c0       	rjmp	.+6      	; 0x215e <number+0x1ec>
    2158:	66 24       	eor	r6, r6
    215a:	63 94       	inc	r6
    215c:	71 2c       	mov	r7, r1
    215e:	c1 2c       	mov	r12, r1
    2160:	d1 2c       	mov	r13, r1
    2162:	76 01       	movw	r14, r12
    2164:	24 c0       	rjmp	.+72     	; 0x21ae <number+0x23c>
	while (*ptr >= '0' && *ptr <= '9') r = r * 10 + (*ptr++ - '0');
    2166:	20 e0       	ldi	r18, 0x00	; 0
    2168:	30 e0       	ldi	r19, 0x00	; 0
    216a:	40 e2       	ldi	r20, 0x20	; 32
    216c:	51 e4       	ldi	r21, 0x41	; 65
    216e:	c7 01       	movw	r24, r14
    2170:	b6 01       	movw	r22, r12
    2172:	0e 94 14 14 	call	0x2828	; 0x2828 <__mulsf3>
    2176:	6b 01       	movw	r12, r22
    2178:	7c 01       	movw	r14, r24
    217a:	5e 01       	movw	r10, r28
    217c:	8f ef       	ldi	r24, 0xFF	; 255
    217e:	a8 1a       	sub	r10, r24
    2180:	b8 0a       	sbc	r11, r24
    2182:	b0 92 8f 02 	sts	0x028F, r11	; 0x80028f <ptr+0x1>
    2186:	a0 92 8e 02 	sts	0x028E, r10	; 0x80028e <ptr>
    218a:	61 2f       	mov	r22, r17
    218c:	70 e0       	ldi	r23, 0x00	; 0
    218e:	60 53       	subi	r22, 0x30	; 48
    2190:	71 09       	sbc	r23, r1
    2192:	07 2e       	mov	r0, r23
    2194:	00 0c       	add	r0, r0
    2196:	88 0b       	sbc	r24, r24
    2198:	99 0b       	sbc	r25, r25
    219a:	0e 94 c8 12 	call	0x2590	; 0x2590 <__floatsisf>
    219e:	9b 01       	movw	r18, r22
    21a0:	ac 01       	movw	r20, r24
    21a2:	c7 01       	movw	r24, r14
    21a4:	b6 01       	movw	r22, r12
    21a6:	0e 94 de 11 	call	0x23bc	; 0x23bc <__addsf3>
    21aa:	6b 01       	movw	r12, r22
    21ac:	7c 01       	movw	r14, r24
    21ae:	c0 91 8e 02 	lds	r28, 0x028E	; 0x80028e <ptr>
    21b2:	d0 91 8f 02 	lds	r29, 0x028F	; 0x80028f <ptr+0x1>
    21b6:	18 81       	ld	r17, Y
    21b8:	80 ed       	ldi	r24, 0xD0	; 208
    21ba:	81 0f       	add	r24, r17
    21bc:	8a 30       	cpi	r24, 0x0A	; 10
    21be:	98 f2       	brcs	.-90     	; 0x2166 <number+0x1f4>
	if (*ptr == '.') { ptr++; double w = 0.1; while (*ptr >= '0' && *ptr <= '9') { r += (*ptr++ - '0') * w; w /= 10; } }
    21c0:	1e 32       	cpi	r17, 0x2E	; 46
    21c2:	09 f0       	breq	.+2      	; 0x21c6 <number+0x254>
    21c4:	3f c0       	rjmp	.+126    	; 0x2244 <number+0x2d2>
    21c6:	5e 01       	movw	r10, r28
    21c8:	8f ef       	ldi	r24, 0xFF	; 255
    21ca:	a8 1a       	sub	r10, r24
    21cc:	b8 0a       	sbc	r11, r24
    21ce:	b0 92 8f 02 	sts	0x028F, r11	; 0x80028f <ptr+0x1>
    21d2:	a0 92 8e 02 	sts	0x028E, r10	; 0x80028e <ptr>
    21d6:	0f 2e       	mov	r0, r31
    21d8:	fd ec       	ldi	r31, 0xCD	; 205
    21da:	8f 2e       	mov	r8, r31
    21dc:	fc ec       	ldi	r31, 0xCC	; 204
    21de:	9f 2e       	mov	r9, r31
    21e0:	a9 2c       	mov	r10, r9
    21e2:	fd e3       	ldi	r31, 0x3D	; 61
    21e4:	bf 2e       	mov	r11, r31
    21e6:	f0 2d       	mov	r31, r0
    21e8:	24 c0       	rjmp	.+72     	; 0x2232 <number+0x2c0>
    21ea:	31 96       	adiw	r30, 0x01	; 1
    21ec:	f0 93 8f 02 	sts	0x028F, r31	; 0x80028f <ptr+0x1>
    21f0:	e0 93 8e 02 	sts	0x028E, r30	; 0x80028e <ptr>
    21f4:	70 e0       	ldi	r23, 0x00	; 0
    21f6:	60 53       	subi	r22, 0x30	; 48
    21f8:	71 09       	sbc	r23, r1
    21fa:	07 2e       	mov	r0, r23
    21fc:	00 0c       	add	r0, r0
    21fe:	88 0b       	sbc	r24, r24
    2200:	99 0b       	sbc	r25, r25
    2202:	0e 94 c8 12 	call	0x2590	; 0x2590 <__floatsisf>
    2206:	a5 01       	movw	r20, r10
    2208:	94 01       	movw	r18, r8
    220a:	0e 94 14 14 	call	0x2828	; 0x2828 <__mulsf3>
    220e:	9b 01       	movw	r18, r22
    2210:	ac 01       	movw	r20, r24
    2212:	c7 01       	movw	r24, r14
    2214:	b6 01       	movw	r22, r12
    2216:	0e 94 de 11 	call	0x23bc	; 0x23bc <__addsf3>
    221a:	6b 01       	movw	r12, r22
    221c:	7c 01       	movw	r14, r24
    221e:	20 e0       	ldi	r18, 0x00	; 0
    2220:	30 e0       	ldi	r19, 0x00	; 0
    2222:	40 e2       	ldi	r20, 0x20	; 32
    2224:	51 e4       	ldi	r21, 0x41	; 65
    2226:	c5 01       	movw	r24, r10
    2228:	b4 01       	movw	r22, r8
    222a:	0e 94 54 12 	call	0x24a8	; 0x24a8 <__divsf3>
    222e:	4b 01       	movw	r8, r22
    2230:	5c 01       	movw	r10, r24
    2232:	e0 91 8e 02 	lds	r30, 0x028E	; 0x80028e <ptr>
    2236:	f0 91 8f 02 	lds	r31, 0x028F	; 0x80028f <ptr+0x1>
    223a:	60 81       	ld	r22, Z
    223c:	80 ed       	ldi	r24, 0xD0	; 208
    223e:	86 0f       	add	r24, r22
    2240:	8a 30       	cpi	r24, 0x0A	; 10
    2242:	98 f2       	brcs	.-90     	; 0x21ea <number+0x278>
	return r * sign;
    2244:	b3 01       	movw	r22, r6
    2246:	77 0c       	add	r7, r7
    2248:	88 0b       	sbc	r24, r24
    224a:	99 0b       	sbc	r25, r25
    224c:	0e 94 c8 12 	call	0x2590	; 0x2590 <__floatsisf>
    2250:	9b 01       	movw	r18, r22
    2252:	ac 01       	movw	r20, r24
    2254:	c7 01       	movw	r24, r14
    2256:	b6 01       	movw	r22, r12
    2258:	0e 94 14 14 	call	0x2828	; 0x2828 <__mulsf3>
    225c:	56 2f       	mov	r21, r22
    225e:	47 2f       	mov	r20, r23
    2260:	38 2f       	mov	r19, r24
    2262:	29 2f       	mov	r18, r25
    2264:	04 c0       	rjmp	.+8      	; 0x226e <number+0x2fc>
	return expression();
}

static double number(void) {
	double r = 0;
	if (*ptr == '(') { ptr++; r = expression(); if (*ptr == ')') ptr++; return r; }
    2266:	56 2f       	mov	r21, r22
    2268:	47 2f       	mov	r20, r23
    226a:	38 2f       	mov	r19, r24
    226c:	29 2f       	mov	r18, r25
	if (*ptr == 'q') { ptr++; return sqrt(number()); }
	int sign = 1; if (*ptr == '-') { sign = -1; ptr++; }
	while (*ptr >= '0' && *ptr <= '9') r = r * 10 + (*ptr++ - '0');
	if (*ptr == '.') { ptr++; double w = 0.1; while (*ptr >= '0' && *ptr <= '9') { r += (*ptr++ - '0') * w; w /= 10; } }
	return r * sign;
}
    226e:	65 2f       	mov	r22, r21
    2270:	74 2f       	mov	r23, r20
    2272:	83 2f       	mov	r24, r19
    2274:	92 2f       	mov	r25, r18
    2276:	df 91       	pop	r29
    2278:	cf 91       	pop	r28
    227a:	1f 91       	pop	r17
    227c:	ff 90       	pop	r15
    227e:	ef 90       	pop	r14
    2280:	df 90       	pop	r13
    2282:	cf 90       	pop	r12
    2284:	bf 90       	pop	r11
    2286:	af 90       	pop	r10
    2288:	9f 90       	pop	r9
    228a:	8f 90       	pop	r8
    228c:	7f 90       	pop	r7
    228e:	6f 90       	pop	r6
    2290:	08 95       	ret

00002292 <term>:

static double term(void) {
    2292:	0f 93       	push	r16
    2294:	1f 93       	push	r17
    2296:	cf 93       	push	r28
    2298:	df 93       	push	r29
	double r = number();
    229a:	0e 94 b9 0f 	call	0x1f72	; 0x1f72 <number>
    229e:	06 2f       	mov	r16, r22
    22a0:	17 2f       	mov	r17, r23
    22a2:	d8 2f       	mov	r29, r24
    22a4:	c9 2f       	mov	r28, r25
	while (*ptr == '*' || *ptr == '/' || *ptr == '^') {
    22a6:	37 c0       	rjmp	.+110    	; 0x2316 <term+0x84>
		char o = *ptr++;
    22a8:	31 96       	adiw	r30, 0x01	; 1
    22aa:	f0 93 8f 02 	sts	0x028F, r31	; 0x80028f <ptr+0x1>
    22ae:	e0 93 8e 02 	sts	0x028E, r30	; 0x80028e <ptr>
		if (o == '*') r *= number(); else if (o == '/') r /= number(); else if (o == '^') r = pow(r, number());
    22b2:	2a 32       	cpi	r18, 0x2A	; 42
    22b4:	79 f4       	brne	.+30     	; 0x22d4 <term+0x42>
    22b6:	0e 94 b9 0f 	call	0x1f72	; 0x1f72 <number>
    22ba:	9b 01       	movw	r18, r22
    22bc:	ac 01       	movw	r20, r24
    22be:	60 2f       	mov	r22, r16
    22c0:	71 2f       	mov	r23, r17
    22c2:	8d 2f       	mov	r24, r29
    22c4:	9c 2f       	mov	r25, r28
    22c6:	0e 94 14 14 	call	0x2828	; 0x2828 <__mulsf3>
    22ca:	06 2f       	mov	r16, r22
    22cc:	17 2f       	mov	r17, r23
    22ce:	d8 2f       	mov	r29, r24
    22d0:	c9 2f       	mov	r28, r25
    22d2:	21 c0       	rjmp	.+66     	; 0x2316 <term+0x84>
    22d4:	2f 32       	cpi	r18, 0x2F	; 47
    22d6:	79 f4       	brne	.+30     	; 0x22f6 <term+0x64>
    22d8:	0e 94 b9 0f 	call	0x1f72	; 0x1f72 <number>
    22dc:	9b 01       	movw	r18, r22
    22de:	ac 01       	movw	r20, r24
    22e0:	60 2f       	mov	r22, r16
    22e2:	71 2f       	mov	r23, r17
    22e4:	8d 2f       	mov	r24, r29
    22e6:	9c 2f       	mov	r25, r28
    22e8:	0e 94 54 12 	call	0x24a8	; 0x24a8 <__divsf3>
    22ec:	06 2f       	mov	r16, r22
    22ee:	17 2f       	mov	r17, r23
    22f0:	d8 2f       	mov	r29, r24
    22f2:	c9 2f       	mov	r28, r25
    22f4:	10 c0       	rjmp	.+32     	; 0x2316 <term+0x84>
    22f6:	2e 35       	cpi	r18, 0x5E	; 94
    22f8:	71 f4       	brne	.+28     	; 0x2316 <term+0x84>
    22fa:	0e 94 b9 0f 	call	0x1f72	; 0x1f72 <number>
    22fe:	9b 01       	movw	r18, r22
    2300:	ac 01       	movw	r20, r24
    2302:	60 2f       	mov	r22, r16
    2304:	71 2f       	mov	r23, r17
    2306:	8d 2f       	mov	r24, r29
    2308:	9c 2f       	mov	r25, r28
    230a:	0e 94 81 14 	call	0x2902	; 0x2902 <pow>
    230e:	06 2f       	mov	r16, r22
    2310:	17 2f       	mov	r17, r23
    2312:	d8 2f       	mov	r29, r24
    2314:	c9 2f       	mov	r28, r25
	return r * sign;
}

static double term(void) {
	double r = number();
	while (*ptr == '*' || *ptr == '/' || *ptr == '^') {
    2316:	e0 91 8e 02 	lds	r30, 0x028E	; 0x80028e <ptr>
    231a:	f0 91 8f 02 	lds	r31, 0x028F	; 0x80028f <ptr+0x1>
    231e:	20 81       	ld	r18, Z
    2320:	2a 32       	cpi	r18, 0x2A	; 42
    2322:	11 f2       	breq	.-124    	; 0x22a8 <term+0x16>
    2324:	2f 32       	cpi	r18, 0x2F	; 47
    2326:	09 f4       	brne	.+2      	; 0x232a <term+0x98>
    2328:	bf cf       	rjmp	.-130    	; 0x22a8 <term+0x16>
    232a:	2e 35       	cpi	r18, 0x5E	; 94
    232c:	09 f4       	brne	.+2      	; 0x2330 <term+0x9e>
    232e:	bc cf       	rjmp	.-136    	; 0x22a8 <term+0x16>
		char o = *ptr++;
		if (o == '*') r *= number(); else if (o == '/') r /= number(); else if (o == '^') r = pow(r, number());
	}
	return r;
}
    2330:	60 2f       	mov	r22, r16
    2332:	71 2f       	mov	r23, r17
    2334:	8d 2f       	mov	r24, r29
    2336:	9c 2f       	mov	r25, r28
    2338:	df 91       	pop	r29
    233a:	cf 91       	pop	r28
    233c:	1f 91       	pop	r17
    233e:	0f 91       	pop	r16
    2340:	08 95       	ret

00002342 <expression>:

static double expression(void) {
    2342:	cf 92       	push	r12
    2344:	df 92       	push	r13
    2346:	ef 92       	push	r14
    2348:	ff 92       	push	r15
	double r = term();
    234a:	0e 94 49 11 	call	0x2292	; 0x2292 <term>
    234e:	6b 01       	movw	r12, r22
    2350:	7c 01       	movw	r14, r24
	while (*ptr == '+' || *ptr == '-') {
    2352:	1c c0       	rjmp	.+56     	; 0x238c <expression+0x4a>
		char o = *ptr++;
    2354:	31 96       	adiw	r30, 0x01	; 1
    2356:	f0 93 8f 02 	sts	0x028F, r31	; 0x80028f <ptr+0x1>
    235a:	e0 93 8e 02 	sts	0x028E, r30	; 0x80028e <ptr>
		if (o == '+') r += term(); else r -= term();
    235e:	8b 32       	cpi	r24, 0x2B	; 43
    2360:	59 f4       	brne	.+22     	; 0x2378 <expression+0x36>
    2362:	0e 94 49 11 	call	0x2292	; 0x2292 <term>
    2366:	9b 01       	movw	r18, r22
    2368:	ac 01       	movw	r20, r24
    236a:	c7 01       	movw	r24, r14
    236c:	b6 01       	movw	r22, r12
    236e:	0e 94 de 11 	call	0x23bc	; 0x23bc <__addsf3>
    2372:	6b 01       	movw	r12, r22
    2374:	7c 01       	movw	r14, r24
    2376:	0a c0       	rjmp	.+20     	; 0x238c <expression+0x4a>
    2378:	0e 94 49 11 	call	0x2292	; 0x2292 <term>
    237c:	9b 01       	movw	r18, r22
    237e:	ac 01       	movw	r20, r24
    2380:	c7 01       	movw	r24, r14
    2382:	b6 01       	movw	r22, r12
    2384:	0e 94 dd 11 	call	0x23ba	; 0x23ba <__subsf3>
    2388:	6b 01       	movw	r12, r22
    238a:	7c 01       	movw	r14, r24
	return r;
}

static double expression(void) {
	double r = term();
	while (*ptr == '+' || *ptr == '-') {
    238c:	e0 91 8e 02 	lds	r30, 0x028E	; 0x80028e <ptr>
    2390:	f0 91 8f 02 	lds	r31, 0x028F	; 0x80028f <ptr+0x1>
    2394:	80 81       	ld	r24, Z
    2396:	8b 32       	cpi	r24, 0x2B	; 43
    2398:	e9 f2       	breq	.-70     	; 0x2354 <expression+0x12>
    239a:	8d 32       	cpi	r24, 0x2D	; 45
    239c:	d9 f2       	breq	.-74     	; 0x2354 <expression+0x12>
		char o = *ptr++;
		if (o == '+') r += term(); else r -= term();
	}
	return r;
    239e:	c7 01       	movw	r24, r14
    23a0:	b6 01       	movw	r22, r12
    23a2:	ff 90       	pop	r15
    23a4:	ef 90       	pop	r14
    23a6:	df 90       	pop	r13
    23a8:	cf 90       	pop	r12
    23aa:	08 95       	ret

000023ac <calculate_expression>:
static double expression(void);
static double term(void);
static double number(void);

double calculate_expression(const char* expression_string) {
	ptr = expression_string;
    23ac:	90 93 8f 02 	sts	0x028F, r25	; 0x80028f <ptr+0x1>
    23b0:	80 93 8e 02 	sts	0x028E, r24	; 0x80028e <ptr>
	return expression();
    23b4:	0e 94 a1 11 	call	0x2342	; 0x2342 <expression>
}
    23b8:	08 95       	ret

000023ba <__subsf3>:
    23ba:	50 58       	subi	r21, 0x80	; 128

000023bc <__addsf3>:
    23bc:	bb 27       	eor	r27, r27
    23be:	aa 27       	eor	r26, r26
    23c0:	0e 94 f5 11 	call	0x23ea	; 0x23ea <__addsf3x>
    23c4:	0c 94 69 13 	jmp	0x26d2	; 0x26d2 <__fp_round>
    23c8:	0e 94 30 13 	call	0x2660	; 0x2660 <__fp_pscA>
    23cc:	38 f0       	brcs	.+14     	; 0x23dc <__addsf3+0x20>
    23ce:	0e 94 37 13 	call	0x266e	; 0x266e <__fp_pscB>
    23d2:	20 f0       	brcs	.+8      	; 0x23dc <__addsf3+0x20>
    23d4:	39 f4       	brne	.+14     	; 0x23e4 <__addsf3+0x28>
    23d6:	9f 3f       	cpi	r25, 0xFF	; 255
    23d8:	19 f4       	brne	.+6      	; 0x23e0 <__addsf3+0x24>
    23da:	26 f4       	brtc	.+8      	; 0x23e4 <__addsf3+0x28>
    23dc:	0c 94 2d 13 	jmp	0x265a	; 0x265a <__fp_nan>
    23e0:	0e f4       	brtc	.+2      	; 0x23e4 <__addsf3+0x28>
    23e2:	e0 95       	com	r30
    23e4:	e7 fb       	bst	r30, 7
    23e6:	0c 94 27 13 	jmp	0x264e	; 0x264e <__fp_inf>

000023ea <__addsf3x>:
    23ea:	e9 2f       	mov	r30, r25
    23ec:	0e 94 8e 13 	call	0x271c	; 0x271c <__fp_split3>
    23f0:	58 f3       	brcs	.-42     	; 0x23c8 <__addsf3+0xc>
    23f2:	ba 17       	cp	r27, r26
    23f4:	62 07       	cpc	r22, r18
    23f6:	73 07       	cpc	r23, r19
    23f8:	84 07       	cpc	r24, r20
    23fa:	95 07       	cpc	r25, r21
    23fc:	20 f0       	brcs	.+8      	; 0x2406 <__addsf3x+0x1c>
    23fe:	79 f4       	brne	.+30     	; 0x241e <__addsf3x+0x34>
    2400:	a6 f5       	brtc	.+104    	; 0x246a <__addsf3x+0x80>
    2402:	0c 94 b0 13 	jmp	0x2760	; 0x2760 <__fp_zero>
    2406:	0e f4       	brtc	.+2      	; 0x240a <__addsf3x+0x20>
    2408:	e0 95       	com	r30
    240a:	0b 2e       	mov	r0, r27
    240c:	ba 2f       	mov	r27, r26
    240e:	a0 2d       	mov	r26, r0
    2410:	0b 01       	movw	r0, r22
    2412:	b9 01       	movw	r22, r18
    2414:	90 01       	movw	r18, r0
    2416:	0c 01       	movw	r0, r24
    2418:	ca 01       	movw	r24, r20
    241a:	a0 01       	movw	r20, r0
    241c:	11 24       	eor	r1, r1
    241e:	ff 27       	eor	r31, r31
    2420:	59 1b       	sub	r21, r25
    2422:	99 f0       	breq	.+38     	; 0x244a <__addsf3x+0x60>
    2424:	59 3f       	cpi	r21, 0xF9	; 249
    2426:	50 f4       	brcc	.+20     	; 0x243c <__addsf3x+0x52>
    2428:	50 3e       	cpi	r21, 0xE0	; 224
    242a:	68 f1       	brcs	.+90     	; 0x2486 <__addsf3x+0x9c>
    242c:	1a 16       	cp	r1, r26
    242e:	f0 40       	sbci	r31, 0x00	; 0
    2430:	a2 2f       	mov	r26, r18
    2432:	23 2f       	mov	r18, r19
    2434:	34 2f       	mov	r19, r20
    2436:	44 27       	eor	r20, r20
    2438:	58 5f       	subi	r21, 0xF8	; 248
    243a:	f3 cf       	rjmp	.-26     	; 0x2422 <__addsf3x+0x38>
    243c:	46 95       	lsr	r20
    243e:	37 95       	ror	r19
    2440:	27 95       	ror	r18
    2442:	a7 95       	ror	r26
    2444:	f0 40       	sbci	r31, 0x00	; 0
    2446:	53 95       	inc	r21
    2448:	c9 f7       	brne	.-14     	; 0x243c <__addsf3x+0x52>
    244a:	7e f4       	brtc	.+30     	; 0x246a <__addsf3x+0x80>
    244c:	1f 16       	cp	r1, r31
    244e:	ba 0b       	sbc	r27, r26
    2450:	62 0b       	sbc	r22, r18
    2452:	73 0b       	sbc	r23, r19
    2454:	84 0b       	sbc	r24, r20
    2456:	ba f0       	brmi	.+46     	; 0x2486 <__addsf3x+0x9c>
    2458:	91 50       	subi	r25, 0x01	; 1
    245a:	a1 f0       	breq	.+40     	; 0x2484 <__addsf3x+0x9a>
    245c:	ff 0f       	add	r31, r31
    245e:	bb 1f       	adc	r27, r27
    2460:	66 1f       	adc	r22, r22
    2462:	77 1f       	adc	r23, r23
    2464:	88 1f       	adc	r24, r24
    2466:	c2 f7       	brpl	.-16     	; 0x2458 <__addsf3x+0x6e>
    2468:	0e c0       	rjmp	.+28     	; 0x2486 <__addsf3x+0x9c>
    246a:	ba 0f       	add	r27, r26
    246c:	62 1f       	adc	r22, r18
    246e:	73 1f       	adc	r23, r19
    2470:	84 1f       	adc	r24, r20
    2472:	48 f4       	brcc	.+18     	; 0x2486 <__addsf3x+0x9c>
    2474:	87 95       	ror	r24
    2476:	77 95       	ror	r23
    2478:	67 95       	ror	r22
    247a:	b7 95       	ror	r27
    247c:	f7 95       	ror	r31
    247e:	9e 3f       	cpi	r25, 0xFE	; 254
    2480:	08 f0       	brcs	.+2      	; 0x2484 <__addsf3x+0x9a>
    2482:	b0 cf       	rjmp	.-160    	; 0x23e4 <__addsf3+0x28>
    2484:	93 95       	inc	r25
    2486:	88 0f       	add	r24, r24
    2488:	08 f0       	brcs	.+2      	; 0x248c <__addsf3x+0xa2>
    248a:	99 27       	eor	r25, r25
    248c:	ee 0f       	add	r30, r30
    248e:	97 95       	ror	r25
    2490:	87 95       	ror	r24
    2492:	08 95       	ret

00002494 <__cmpsf2>:
    2494:	0e 94 03 13 	call	0x2606	; 0x2606 <__fp_cmp>
    2498:	08 f4       	brcc	.+2      	; 0x249c <__cmpsf2+0x8>
    249a:	81 e0       	ldi	r24, 0x01	; 1
    249c:	08 95       	ret

0000249e <cos>:
    249e:	0e 94 40 13 	call	0x2680	; 0x2680 <__fp_rempio2>
    24a2:	e3 95       	inc	r30
    24a4:	0c 94 7a 13 	jmp	0x26f4	; 0x26f4 <__fp_sinus>

000024a8 <__divsf3>:
    24a8:	0e 94 68 12 	call	0x24d0	; 0x24d0 <__divsf3x>
    24ac:	0c 94 69 13 	jmp	0x26d2	; 0x26d2 <__fp_round>
    24b0:	0e 94 37 13 	call	0x266e	; 0x266e <__fp_pscB>
    24b4:	58 f0       	brcs	.+22     	; 0x24cc <__divsf3+0x24>
    24b6:	0e 94 30 13 	call	0x2660	; 0x2660 <__fp_pscA>
    24ba:	40 f0       	brcs	.+16     	; 0x24cc <__divsf3+0x24>
    24bc:	29 f4       	brne	.+10     	; 0x24c8 <__divsf3+0x20>
    24be:	5f 3f       	cpi	r21, 0xFF	; 255
    24c0:	29 f0       	breq	.+10     	; 0x24cc <__divsf3+0x24>
    24c2:	0c 94 27 13 	jmp	0x264e	; 0x264e <__fp_inf>
    24c6:	51 11       	cpse	r21, r1
    24c8:	0c 94 b1 13 	jmp	0x2762	; 0x2762 <__fp_szero>
    24cc:	0c 94 2d 13 	jmp	0x265a	; 0x265a <__fp_nan>

000024d0 <__divsf3x>:
    24d0:	0e 94 8e 13 	call	0x271c	; 0x271c <__fp_split3>
    24d4:	68 f3       	brcs	.-38     	; 0x24b0 <__divsf3+0x8>

000024d6 <__divsf3_pse>:
    24d6:	99 23       	and	r25, r25
    24d8:	b1 f3       	breq	.-20     	; 0x24c6 <__divsf3+0x1e>
    24da:	55 23       	and	r21, r21
    24dc:	91 f3       	breq	.-28     	; 0x24c2 <__divsf3+0x1a>
    24de:	95 1b       	sub	r25, r21
    24e0:	55 0b       	sbc	r21, r21
    24e2:	bb 27       	eor	r27, r27
    24e4:	aa 27       	eor	r26, r26
    24e6:	62 17       	cp	r22, r18
    24e8:	73 07       	cpc	r23, r19
    24ea:	84 07       	cpc	r24, r20
    24ec:	38 f0       	brcs	.+14     	; 0x24fc <__divsf3_pse+0x26>
    24ee:	9f 5f       	subi	r25, 0xFF	; 255
    24f0:	5f 4f       	sbci	r21, 0xFF	; 255
    24f2:	22 0f       	add	r18, r18
    24f4:	33 1f       	adc	r19, r19
    24f6:	44 1f       	adc	r20, r20
    24f8:	aa 1f       	adc	r26, r26
    24fa:	a9 f3       	breq	.-22     	; 0x24e6 <__divsf3_pse+0x10>
    24fc:	35 d0       	rcall	.+106    	; 0x2568 <__divsf3_pse+0x92>
    24fe:	0e 2e       	mov	r0, r30
    2500:	3a f0       	brmi	.+14     	; 0x2510 <__divsf3_pse+0x3a>
    2502:	e0 e8       	ldi	r30, 0x80	; 128
    2504:	32 d0       	rcall	.+100    	; 0x256a <__divsf3_pse+0x94>
    2506:	91 50       	subi	r25, 0x01	; 1
    2508:	50 40       	sbci	r21, 0x00	; 0
    250a:	e6 95       	lsr	r30
    250c:	00 1c       	adc	r0, r0
    250e:	ca f7       	brpl	.-14     	; 0x2502 <__divsf3_pse+0x2c>
    2510:	2b d0       	rcall	.+86     	; 0x2568 <__divsf3_pse+0x92>
    2512:	fe 2f       	mov	r31, r30
    2514:	29 d0       	rcall	.+82     	; 0x2568 <__divsf3_pse+0x92>
    2516:	66 0f       	add	r22, r22
    2518:	77 1f       	adc	r23, r23
    251a:	88 1f       	adc	r24, r24
    251c:	bb 1f       	adc	r27, r27
    251e:	26 17       	cp	r18, r22
    2520:	37 07       	cpc	r19, r23
    2522:	48 07       	cpc	r20, r24
    2524:	ab 07       	cpc	r26, r27
    2526:	b0 e8       	ldi	r27, 0x80	; 128
    2528:	09 f0       	breq	.+2      	; 0x252c <__divsf3_pse+0x56>
    252a:	bb 0b       	sbc	r27, r27
    252c:	80 2d       	mov	r24, r0
    252e:	bf 01       	movw	r22, r30
    2530:	ff 27       	eor	r31, r31
    2532:	93 58       	subi	r25, 0x83	; 131
    2534:	5f 4f       	sbci	r21, 0xFF	; 255
    2536:	3a f0       	brmi	.+14     	; 0x2546 <__divsf3_pse+0x70>
    2538:	9e 3f       	cpi	r25, 0xFE	; 254
    253a:	51 05       	cpc	r21, r1
    253c:	78 f0       	brcs	.+30     	; 0x255c <__divsf3_pse+0x86>
    253e:	0c 94 27 13 	jmp	0x264e	; 0x264e <__fp_inf>
    2542:	0c 94 b1 13 	jmp	0x2762	; 0x2762 <__fp_szero>
    2546:	5f 3f       	cpi	r21, 0xFF	; 255
    2548:	e4 f3       	brlt	.-8      	; 0x2542 <__divsf3_pse+0x6c>
    254a:	98 3e       	cpi	r25, 0xE8	; 232
    254c:	d4 f3       	brlt	.-12     	; 0x2542 <__divsf3_pse+0x6c>
    254e:	86 95       	lsr	r24
    2550:	77 95       	ror	r23
    2552:	67 95       	ror	r22
    2554:	b7 95       	ror	r27
    2556:	f7 95       	ror	r31
    2558:	9f 5f       	subi	r25, 0xFF	; 255
    255a:	c9 f7       	brne	.-14     	; 0x254e <__divsf3_pse+0x78>
    255c:	88 0f       	add	r24, r24
    255e:	91 1d       	adc	r25, r1
    2560:	96 95       	lsr	r25
    2562:	87 95       	ror	r24
    2564:	97 f9       	bld	r25, 7
    2566:	08 95       	ret
    2568:	e1 e0       	ldi	r30, 0x01	; 1
    256a:	66 0f       	add	r22, r22
    256c:	77 1f       	adc	r23, r23
    256e:	88 1f       	adc	r24, r24
    2570:	bb 1f       	adc	r27, r27
    2572:	62 17       	cp	r22, r18
    2574:	73 07       	cpc	r23, r19
    2576:	84 07       	cpc	r24, r20
    2578:	ba 07       	cpc	r27, r26
    257a:	20 f0       	brcs	.+8      	; 0x2584 <__divsf3_pse+0xae>
    257c:	62 1b       	sub	r22, r18
    257e:	73 0b       	sbc	r23, r19
    2580:	84 0b       	sbc	r24, r20
    2582:	ba 0b       	sbc	r27, r26
    2584:	ee 1f       	adc	r30, r30
    2586:	88 f7       	brcc	.-30     	; 0x256a <__divsf3_pse+0x94>
    2588:	e0 95       	com	r30
    258a:	08 95       	ret

0000258c <__floatunsisf>:
    258c:	e8 94       	clt
    258e:	09 c0       	rjmp	.+18     	; 0x25a2 <__floatsisf+0x12>

00002590 <__floatsisf>:
    2590:	97 fb       	bst	r25, 7
    2592:	3e f4       	brtc	.+14     	; 0x25a2 <__floatsisf+0x12>
    2594:	90 95       	com	r25
    2596:	80 95       	com	r24
    2598:	70 95       	com	r23
    259a:	61 95       	neg	r22
    259c:	7f 4f       	sbci	r23, 0xFF	; 255
    259e:	8f 4f       	sbci	r24, 0xFF	; 255
    25a0:	9f 4f       	sbci	r25, 0xFF	; 255
    25a2:	99 23       	and	r25, r25
    25a4:	a9 f0       	breq	.+42     	; 0x25d0 <__floatsisf+0x40>
    25a6:	f9 2f       	mov	r31, r25
    25a8:	96 e9       	ldi	r25, 0x96	; 150
    25aa:	bb 27       	eor	r27, r27
    25ac:	93 95       	inc	r25
    25ae:	f6 95       	lsr	r31
    25b0:	87 95       	ror	r24
    25b2:	77 95       	ror	r23
    25b4:	67 95       	ror	r22
    25b6:	b7 95       	ror	r27
    25b8:	f1 11       	cpse	r31, r1
    25ba:	f8 cf       	rjmp	.-16     	; 0x25ac <__floatsisf+0x1c>
    25bc:	fa f4       	brpl	.+62     	; 0x25fc <__floatsisf+0x6c>
    25be:	bb 0f       	add	r27, r27
    25c0:	11 f4       	brne	.+4      	; 0x25c6 <__floatsisf+0x36>
    25c2:	60 ff       	sbrs	r22, 0
    25c4:	1b c0       	rjmp	.+54     	; 0x25fc <__floatsisf+0x6c>
    25c6:	6f 5f       	subi	r22, 0xFF	; 255
    25c8:	7f 4f       	sbci	r23, 0xFF	; 255
    25ca:	8f 4f       	sbci	r24, 0xFF	; 255
    25cc:	9f 4f       	sbci	r25, 0xFF	; 255
    25ce:	16 c0       	rjmp	.+44     	; 0x25fc <__floatsisf+0x6c>
    25d0:	88 23       	and	r24, r24
    25d2:	11 f0       	breq	.+4      	; 0x25d8 <__floatsisf+0x48>
    25d4:	96 e9       	ldi	r25, 0x96	; 150
    25d6:	11 c0       	rjmp	.+34     	; 0x25fa <__floatsisf+0x6a>
    25d8:	77 23       	and	r23, r23
    25da:	21 f0       	breq	.+8      	; 0x25e4 <__floatsisf+0x54>
    25dc:	9e e8       	ldi	r25, 0x8E	; 142
    25de:	87 2f       	mov	r24, r23
    25e0:	76 2f       	mov	r23, r22
    25e2:	05 c0       	rjmp	.+10     	; 0x25ee <__floatsisf+0x5e>
    25e4:	66 23       	and	r22, r22
    25e6:	71 f0       	breq	.+28     	; 0x2604 <__floatsisf+0x74>
    25e8:	96 e8       	ldi	r25, 0x86	; 134
    25ea:	86 2f       	mov	r24, r22
    25ec:	70 e0       	ldi	r23, 0x00	; 0
    25ee:	60 e0       	ldi	r22, 0x00	; 0
    25f0:	2a f0       	brmi	.+10     	; 0x25fc <__floatsisf+0x6c>
    25f2:	9a 95       	dec	r25
    25f4:	66 0f       	add	r22, r22
    25f6:	77 1f       	adc	r23, r23
    25f8:	88 1f       	adc	r24, r24
    25fa:	da f7       	brpl	.-10     	; 0x25f2 <__floatsisf+0x62>
    25fc:	88 0f       	add	r24, r24
    25fe:	96 95       	lsr	r25
    2600:	87 95       	ror	r24
    2602:	97 f9       	bld	r25, 7
    2604:	08 95       	ret

00002606 <__fp_cmp>:
    2606:	99 0f       	add	r25, r25
    2608:	00 08       	sbc	r0, r0
    260a:	55 0f       	add	r21, r21
    260c:	aa 0b       	sbc	r26, r26
    260e:	e0 e8       	ldi	r30, 0x80	; 128
    2610:	fe ef       	ldi	r31, 0xFE	; 254
    2612:	16 16       	cp	r1, r22
    2614:	17 06       	cpc	r1, r23
    2616:	e8 07       	cpc	r30, r24
    2618:	f9 07       	cpc	r31, r25
    261a:	c0 f0       	brcs	.+48     	; 0x264c <__fp_cmp+0x46>
    261c:	12 16       	cp	r1, r18
    261e:	13 06       	cpc	r1, r19
    2620:	e4 07       	cpc	r30, r20
    2622:	f5 07       	cpc	r31, r21
    2624:	98 f0       	brcs	.+38     	; 0x264c <__fp_cmp+0x46>
    2626:	62 1b       	sub	r22, r18
    2628:	73 0b       	sbc	r23, r19
    262a:	84 0b       	sbc	r24, r20
    262c:	95 0b       	sbc	r25, r21
    262e:	39 f4       	brne	.+14     	; 0x263e <__fp_cmp+0x38>
    2630:	0a 26       	eor	r0, r26
    2632:	61 f0       	breq	.+24     	; 0x264c <__fp_cmp+0x46>
    2634:	23 2b       	or	r18, r19
    2636:	24 2b       	or	r18, r20
    2638:	25 2b       	or	r18, r21
    263a:	21 f4       	brne	.+8      	; 0x2644 <__fp_cmp+0x3e>
    263c:	08 95       	ret
    263e:	0a 26       	eor	r0, r26
    2640:	09 f4       	brne	.+2      	; 0x2644 <__fp_cmp+0x3e>
    2642:	a1 40       	sbci	r26, 0x01	; 1
    2644:	a6 95       	lsr	r26
    2646:	8f ef       	ldi	r24, 0xFF	; 255
    2648:	81 1d       	adc	r24, r1
    264a:	81 1d       	adc	r24, r1
    264c:	08 95       	ret

0000264e <__fp_inf>:
    264e:	97 f9       	bld	r25, 7
    2650:	9f 67       	ori	r25, 0x7F	; 127
    2652:	80 e8       	ldi	r24, 0x80	; 128
    2654:	70 e0       	ldi	r23, 0x00	; 0
    2656:	60 e0       	ldi	r22, 0x00	; 0
    2658:	08 95       	ret

0000265a <__fp_nan>:
    265a:	9f ef       	ldi	r25, 0xFF	; 255
    265c:	80 ec       	ldi	r24, 0xC0	; 192
    265e:	08 95       	ret

00002660 <__fp_pscA>:
    2660:	00 24       	eor	r0, r0
    2662:	0a 94       	dec	r0
    2664:	16 16       	cp	r1, r22
    2666:	17 06       	cpc	r1, r23
    2668:	18 06       	cpc	r1, r24
    266a:	09 06       	cpc	r0, r25
    266c:	08 95       	ret

0000266e <__fp_pscB>:
    266e:	00 24       	eor	r0, r0
    2670:	0a 94       	dec	r0
    2672:	12 16       	cp	r1, r18
    2674:	13 06       	cpc	r1, r19
    2676:	14 06       	cpc	r1, r20
    2678:	05 06       	cpc	r0, r21
    267a:	08 95       	ret
    267c:	0c 94 2d 13 	jmp	0x265a	; 0x265a <__fp_nan>

00002680 <__fp_rempio2>:
    2680:	0e 94 96 13 	call	0x272c	; 0x272c <__fp_splitA>
    2684:	d8 f3       	brcs	.-10     	; 0x267c <__fp_pscB+0xe>
    2686:	e8 94       	clt
    2688:	e0 e0       	ldi	r30, 0x00	; 0
    268a:	bb 27       	eor	r27, r27
    268c:	9f 57       	subi	r25, 0x7F	; 127
    268e:	f0 f0       	brcs	.+60     	; 0x26cc <__fp_rempio2+0x4c>
    2690:	2a ed       	ldi	r18, 0xDA	; 218
    2692:	3f e0       	ldi	r19, 0x0F	; 15
    2694:	49 ec       	ldi	r20, 0xC9	; 201
    2696:	06 c0       	rjmp	.+12     	; 0x26a4 <__fp_rempio2+0x24>
    2698:	ee 0f       	add	r30, r30
    269a:	bb 0f       	add	r27, r27
    269c:	66 1f       	adc	r22, r22
    269e:	77 1f       	adc	r23, r23
    26a0:	88 1f       	adc	r24, r24
    26a2:	28 f0       	brcs	.+10     	; 0x26ae <__fp_rempio2+0x2e>
    26a4:	b2 3a       	cpi	r27, 0xA2	; 162
    26a6:	62 07       	cpc	r22, r18
    26a8:	73 07       	cpc	r23, r19
    26aa:	84 07       	cpc	r24, r20
    26ac:	28 f0       	brcs	.+10     	; 0x26b8 <__fp_rempio2+0x38>
    26ae:	b2 5a       	subi	r27, 0xA2	; 162
    26b0:	62 0b       	sbc	r22, r18
    26b2:	73 0b       	sbc	r23, r19
    26b4:	84 0b       	sbc	r24, r20
    26b6:	e3 95       	inc	r30
    26b8:	9a 95       	dec	r25
    26ba:	72 f7       	brpl	.-36     	; 0x2698 <__fp_rempio2+0x18>
    26bc:	80 38       	cpi	r24, 0x80	; 128
    26be:	30 f4       	brcc	.+12     	; 0x26cc <__fp_rempio2+0x4c>
    26c0:	9a 95       	dec	r25
    26c2:	bb 0f       	add	r27, r27
    26c4:	66 1f       	adc	r22, r22
    26c6:	77 1f       	adc	r23, r23
    26c8:	88 1f       	adc	r24, r24
    26ca:	d2 f7       	brpl	.-12     	; 0x26c0 <__fp_rempio2+0x40>
    26cc:	90 48       	sbci	r25, 0x80	; 128
    26ce:	0c 94 80 15 	jmp	0x2b00	; 0x2b00 <__fp_mpack_finite>

000026d2 <__fp_round>:
    26d2:	09 2e       	mov	r0, r25
    26d4:	03 94       	inc	r0
    26d6:	00 0c       	add	r0, r0
    26d8:	11 f4       	brne	.+4      	; 0x26de <__fp_round+0xc>
    26da:	88 23       	and	r24, r24
    26dc:	52 f0       	brmi	.+20     	; 0x26f2 <__fp_round+0x20>
    26de:	bb 0f       	add	r27, r27
    26e0:	40 f4       	brcc	.+16     	; 0x26f2 <__fp_round+0x20>
    26e2:	bf 2b       	or	r27, r31
    26e4:	11 f4       	brne	.+4      	; 0x26ea <__fp_round+0x18>
    26e6:	60 ff       	sbrs	r22, 0
    26e8:	04 c0       	rjmp	.+8      	; 0x26f2 <__fp_round+0x20>
    26ea:	6f 5f       	subi	r22, 0xFF	; 255
    26ec:	7f 4f       	sbci	r23, 0xFF	; 255
    26ee:	8f 4f       	sbci	r24, 0xFF	; 255
    26f0:	9f 4f       	sbci	r25, 0xFF	; 255
    26f2:	08 95       	ret

000026f4 <__fp_sinus>:
    26f4:	ef 93       	push	r30
    26f6:	e0 ff       	sbrs	r30, 0
    26f8:	07 c0       	rjmp	.+14     	; 0x2708 <__fp_sinus+0x14>
    26fa:	a2 ea       	ldi	r26, 0xA2	; 162
    26fc:	2a ed       	ldi	r18, 0xDA	; 218
    26fe:	3f e0       	ldi	r19, 0x0F	; 15
    2700:	49 ec       	ldi	r20, 0xC9	; 201
    2702:	5f eb       	ldi	r21, 0xBF	; 191
    2704:	0e 94 f5 11 	call	0x23ea	; 0x23ea <__addsf3x>
    2708:	0e 94 69 13 	call	0x26d2	; 0x26d2 <__fp_round>
    270c:	0f 90       	pop	r0
    270e:	03 94       	inc	r0
    2710:	01 fc       	sbrc	r0, 1
    2712:	90 58       	subi	r25, 0x80	; 128
    2714:	ec e9       	ldi	r30, 0x9C	; 156
    2716:	f0 e0       	ldi	r31, 0x00	; 0
    2718:	0c 94 ba 15 	jmp	0x2b74	; 0x2b74 <__fp_powsodd>

0000271c <__fp_split3>:
    271c:	57 fd       	sbrc	r21, 7
    271e:	90 58       	subi	r25, 0x80	; 128
    2720:	44 0f       	add	r20, r20
    2722:	55 1f       	adc	r21, r21
    2724:	59 f0       	breq	.+22     	; 0x273c <__fp_splitA+0x10>
    2726:	5f 3f       	cpi	r21, 0xFF	; 255
    2728:	71 f0       	breq	.+28     	; 0x2746 <__fp_splitA+0x1a>
    272a:	47 95       	ror	r20

0000272c <__fp_splitA>:
    272c:	88 0f       	add	r24, r24
    272e:	97 fb       	bst	r25, 7
    2730:	99 1f       	adc	r25, r25
    2732:	61 f0       	breq	.+24     	; 0x274c <__fp_splitA+0x20>
    2734:	9f 3f       	cpi	r25, 0xFF	; 255
    2736:	79 f0       	breq	.+30     	; 0x2756 <__fp_splitA+0x2a>
    2738:	87 95       	ror	r24
    273a:	08 95       	ret
    273c:	12 16       	cp	r1, r18
    273e:	13 06       	cpc	r1, r19
    2740:	14 06       	cpc	r1, r20
    2742:	55 1f       	adc	r21, r21
    2744:	f2 cf       	rjmp	.-28     	; 0x272a <__fp_split3+0xe>
    2746:	46 95       	lsr	r20
    2748:	f1 df       	rcall	.-30     	; 0x272c <__fp_splitA>
    274a:	08 c0       	rjmp	.+16     	; 0x275c <__fp_splitA+0x30>
    274c:	16 16       	cp	r1, r22
    274e:	17 06       	cpc	r1, r23
    2750:	18 06       	cpc	r1, r24
    2752:	99 1f       	adc	r25, r25
    2754:	f1 cf       	rjmp	.-30     	; 0x2738 <__fp_splitA+0xc>
    2756:	86 95       	lsr	r24
    2758:	71 05       	cpc	r23, r1
    275a:	61 05       	cpc	r22, r1
    275c:	08 94       	sec
    275e:	08 95       	ret

00002760 <__fp_zero>:
    2760:	e8 94       	clt

00002762 <__fp_szero>:
    2762:	bb 27       	eor	r27, r27
    2764:	66 27       	eor	r22, r22
    2766:	77 27       	eor	r23, r23
    2768:	cb 01       	movw	r24, r22
    276a:	97 f9       	bld	r25, 7
    276c:	08 95       	ret

0000276e <__gesf2>:
    276e:	0e 94 03 13 	call	0x2606	; 0x2606 <__fp_cmp>
    2772:	08 f4       	brcc	.+2      	; 0x2776 <__gesf2+0x8>
    2774:	8f ef       	ldi	r24, 0xFF	; 255
    2776:	08 95       	ret

00002778 <log10>:
    2778:	0e 94 cc 13 	call	0x2798	; 0x2798 <log>
    277c:	29 ed       	ldi	r18, 0xD9	; 217
    277e:	3b e5       	ldi	r19, 0x5B	; 91
    2780:	4e ed       	ldi	r20, 0xDE	; 222
    2782:	5e e3       	ldi	r21, 0x3E	; 62
    2784:	0c 94 14 14 	jmp	0x2828	; 0x2828 <__mulsf3>
    2788:	16 f0       	brts	.+4      	; 0x278e <log10+0x16>
    278a:	0c 94 7e 15 	jmp	0x2afc	; 0x2afc <__fp_mpack>
    278e:	0c 94 2d 13 	jmp	0x265a	; 0x265a <__fp_nan>
    2792:	68 94       	set
    2794:	0c 94 27 13 	jmp	0x264e	; 0x264e <__fp_inf>

00002798 <log>:
    2798:	0e 94 96 13 	call	0x272c	; 0x272c <__fp_splitA>
    279c:	a8 f3       	brcs	.-22     	; 0x2788 <log10+0x10>
    279e:	99 23       	and	r25, r25
    27a0:	c1 f3       	breq	.-16     	; 0x2792 <log10+0x1a>
    27a2:	ae f3       	brts	.-22     	; 0x278e <log10+0x16>
    27a4:	df 93       	push	r29
    27a6:	cf 93       	push	r28
    27a8:	1f 93       	push	r17
    27aa:	0f 93       	push	r16
    27ac:	ff 92       	push	r15
    27ae:	c9 2f       	mov	r28, r25
    27b0:	dd 27       	eor	r29, r29
    27b2:	88 23       	and	r24, r24
    27b4:	2a f0       	brmi	.+10     	; 0x27c0 <log+0x28>
    27b6:	21 97       	sbiw	r28, 0x01	; 1
    27b8:	66 0f       	add	r22, r22
    27ba:	77 1f       	adc	r23, r23
    27bc:	88 1f       	adc	r24, r24
    27be:	da f7       	brpl	.-10     	; 0x27b6 <log+0x1e>
    27c0:	20 e0       	ldi	r18, 0x00	; 0
    27c2:	30 e0       	ldi	r19, 0x00	; 0
    27c4:	40 e8       	ldi	r20, 0x80	; 128
    27c6:	5f eb       	ldi	r21, 0xBF	; 191
    27c8:	9f e3       	ldi	r25, 0x3F	; 63
    27ca:	88 39       	cpi	r24, 0x98	; 152
    27cc:	20 f0       	brcs	.+8      	; 0x27d6 <log+0x3e>
    27ce:	80 3e       	cpi	r24, 0xE0	; 224
    27d0:	38 f0       	brcs	.+14     	; 0x27e0 <log+0x48>
    27d2:	21 96       	adiw	r28, 0x01	; 1
    27d4:	8f 77       	andi	r24, 0x7F	; 127
    27d6:	0e 94 de 11 	call	0x23bc	; 0x23bc <__addsf3>
    27da:	ea eb       	ldi	r30, 0xBA	; 186
    27dc:	f0 e0       	ldi	r31, 0x00	; 0
    27de:	04 c0       	rjmp	.+8      	; 0x27e8 <log+0x50>
    27e0:	0e 94 de 11 	call	0x23bc	; 0x23bc <__addsf3>
    27e4:	e7 ee       	ldi	r30, 0xE7	; 231
    27e6:	f0 e0       	ldi	r31, 0x00	; 0
    27e8:	0e 94 93 15 	call	0x2b26	; 0x2b26 <__fp_powser>
    27ec:	8b 01       	movw	r16, r22
    27ee:	be 01       	movw	r22, r28
    27f0:	ec 01       	movw	r28, r24
    27f2:	fb 2e       	mov	r15, r27
    27f4:	6f 57       	subi	r22, 0x7F	; 127
    27f6:	71 09       	sbc	r23, r1
    27f8:	75 95       	asr	r23
    27fa:	77 1f       	adc	r23, r23
    27fc:	88 0b       	sbc	r24, r24
    27fe:	99 0b       	sbc	r25, r25
    2800:	0e 94 c8 12 	call	0x2590	; 0x2590 <__floatsisf>
    2804:	28 e1       	ldi	r18, 0x18	; 24
    2806:	32 e7       	ldi	r19, 0x72	; 114
    2808:	41 e3       	ldi	r20, 0x31	; 49
    280a:	5f e3       	ldi	r21, 0x3F	; 63
    280c:	0e 94 27 14 	call	0x284e	; 0x284e <__mulsf3x>
    2810:	af 2d       	mov	r26, r15
    2812:	98 01       	movw	r18, r16
    2814:	ae 01       	movw	r20, r28
    2816:	ff 90       	pop	r15
    2818:	0f 91       	pop	r16
    281a:	1f 91       	pop	r17
    281c:	cf 91       	pop	r28
    281e:	df 91       	pop	r29
    2820:	0e 94 f5 11 	call	0x23ea	; 0x23ea <__addsf3x>
    2824:	0c 94 69 13 	jmp	0x26d2	; 0x26d2 <__fp_round>

00002828 <__mulsf3>:
    2828:	0e 94 27 14 	call	0x284e	; 0x284e <__mulsf3x>
    282c:	0c 94 69 13 	jmp	0x26d2	; 0x26d2 <__fp_round>
    2830:	0e 94 30 13 	call	0x2660	; 0x2660 <__fp_pscA>
    2834:	38 f0       	brcs	.+14     	; 0x2844 <__mulsf3+0x1c>
    2836:	0e 94 37 13 	call	0x266e	; 0x266e <__fp_pscB>
    283a:	20 f0       	brcs	.+8      	; 0x2844 <__mulsf3+0x1c>
    283c:	95 23       	and	r25, r21
    283e:	11 f0       	breq	.+4      	; 0x2844 <__mulsf3+0x1c>
    2840:	0c 94 27 13 	jmp	0x264e	; 0x264e <__fp_inf>
    2844:	0c 94 2d 13 	jmp	0x265a	; 0x265a <__fp_nan>
    2848:	11 24       	eor	r1, r1
    284a:	0c 94 b1 13 	jmp	0x2762	; 0x2762 <__fp_szero>

0000284e <__mulsf3x>:
    284e:	0e 94 8e 13 	call	0x271c	; 0x271c <__fp_split3>
    2852:	70 f3       	brcs	.-36     	; 0x2830 <__mulsf3+0x8>

00002854 <__mulsf3_pse>:
    2854:	95 9f       	mul	r25, r21
    2856:	c1 f3       	breq	.-16     	; 0x2848 <__mulsf3+0x20>
    2858:	95 0f       	add	r25, r21
    285a:	50 e0       	ldi	r21, 0x00	; 0
    285c:	55 1f       	adc	r21, r21
    285e:	62 9f       	mul	r22, r18
    2860:	f0 01       	movw	r30, r0
    2862:	72 9f       	mul	r23, r18
    2864:	bb 27       	eor	r27, r27
    2866:	f0 0d       	add	r31, r0
    2868:	b1 1d       	adc	r27, r1
    286a:	63 9f       	mul	r22, r19
    286c:	aa 27       	eor	r26, r26
    286e:	f0 0d       	add	r31, r0
    2870:	b1 1d       	adc	r27, r1
    2872:	aa 1f       	adc	r26, r26
    2874:	64 9f       	mul	r22, r20
    2876:	66 27       	eor	r22, r22
    2878:	b0 0d       	add	r27, r0
    287a:	a1 1d       	adc	r26, r1
    287c:	66 1f       	adc	r22, r22
    287e:	82 9f       	mul	r24, r18
    2880:	22 27       	eor	r18, r18
    2882:	b0 0d       	add	r27, r0
    2884:	a1 1d       	adc	r26, r1
    2886:	62 1f       	adc	r22, r18
    2888:	73 9f       	mul	r23, r19
    288a:	b0 0d       	add	r27, r0
    288c:	a1 1d       	adc	r26, r1
    288e:	62 1f       	adc	r22, r18
    2890:	83 9f       	mul	r24, r19
    2892:	a0 0d       	add	r26, r0
    2894:	61 1d       	adc	r22, r1
    2896:	22 1f       	adc	r18, r18
    2898:	74 9f       	mul	r23, r20
    289a:	33 27       	eor	r19, r19
    289c:	a0 0d       	add	r26, r0
    289e:	61 1d       	adc	r22, r1
    28a0:	23 1f       	adc	r18, r19
    28a2:	84 9f       	mul	r24, r20
    28a4:	60 0d       	add	r22, r0
    28a6:	21 1d       	adc	r18, r1
    28a8:	82 2f       	mov	r24, r18
    28aa:	76 2f       	mov	r23, r22
    28ac:	6a 2f       	mov	r22, r26
    28ae:	11 24       	eor	r1, r1
    28b0:	9f 57       	subi	r25, 0x7F	; 127
    28b2:	50 40       	sbci	r21, 0x00	; 0
    28b4:	9a f0       	brmi	.+38     	; 0x28dc <__mulsf3_pse+0x88>
    28b6:	f1 f0       	breq	.+60     	; 0x28f4 <__mulsf3_pse+0xa0>
    28b8:	88 23       	and	r24, r24
    28ba:	4a f0       	brmi	.+18     	; 0x28ce <__mulsf3_pse+0x7a>
    28bc:	ee 0f       	add	r30, r30
    28be:	ff 1f       	adc	r31, r31
    28c0:	bb 1f       	adc	r27, r27
    28c2:	66 1f       	adc	r22, r22
    28c4:	77 1f       	adc	r23, r23
    28c6:	88 1f       	adc	r24, r24
    28c8:	91 50       	subi	r25, 0x01	; 1
    28ca:	50 40       	sbci	r21, 0x00	; 0
    28cc:	a9 f7       	brne	.-22     	; 0x28b8 <__mulsf3_pse+0x64>
    28ce:	9e 3f       	cpi	r25, 0xFE	; 254
    28d0:	51 05       	cpc	r21, r1
    28d2:	80 f0       	brcs	.+32     	; 0x28f4 <__mulsf3_pse+0xa0>
    28d4:	0c 94 27 13 	jmp	0x264e	; 0x264e <__fp_inf>
    28d8:	0c 94 b1 13 	jmp	0x2762	; 0x2762 <__fp_szero>
    28dc:	5f 3f       	cpi	r21, 0xFF	; 255
    28de:	e4 f3       	brlt	.-8      	; 0x28d8 <__mulsf3_pse+0x84>
    28e0:	98 3e       	cpi	r25, 0xE8	; 232
    28e2:	d4 f3       	brlt	.-12     	; 0x28d8 <__mulsf3_pse+0x84>
    28e4:	86 95       	lsr	r24
    28e6:	77 95       	ror	r23
    28e8:	67 95       	ror	r22
    28ea:	b7 95       	ror	r27
    28ec:	f7 95       	ror	r31
    28ee:	e7 95       	ror	r30
    28f0:	9f 5f       	subi	r25, 0xFF	; 255
    28f2:	c1 f7       	brne	.-16     	; 0x28e4 <__mulsf3_pse+0x90>
    28f4:	fe 2b       	or	r31, r30
    28f6:	88 0f       	add	r24, r24
    28f8:	91 1d       	adc	r25, r1
    28fa:	96 95       	lsr	r25
    28fc:	87 95       	ror	r24
    28fe:	97 f9       	bld	r25, 7
    2900:	08 95       	ret

00002902 <pow>:
    2902:	fa 01       	movw	r30, r20
    2904:	ee 0f       	add	r30, r30
    2906:	ff 1f       	adc	r31, r31
    2908:	30 96       	adiw	r30, 0x00	; 0
    290a:	21 05       	cpc	r18, r1
    290c:	31 05       	cpc	r19, r1
    290e:	a1 f1       	breq	.+104    	; 0x2978 <pow+0x76>
    2910:	61 15       	cp	r22, r1
    2912:	71 05       	cpc	r23, r1
    2914:	61 f4       	brne	.+24     	; 0x292e <pow+0x2c>
    2916:	80 38       	cpi	r24, 0x80	; 128
    2918:	bf e3       	ldi	r27, 0x3F	; 63
    291a:	9b 07       	cpc	r25, r27
    291c:	49 f1       	breq	.+82     	; 0x2970 <pow+0x6e>
    291e:	68 94       	set
    2920:	90 38       	cpi	r25, 0x80	; 128
    2922:	81 05       	cpc	r24, r1
    2924:	61 f0       	breq	.+24     	; 0x293e <pow+0x3c>
    2926:	80 38       	cpi	r24, 0x80	; 128
    2928:	bf ef       	ldi	r27, 0xFF	; 255
    292a:	9b 07       	cpc	r25, r27
    292c:	41 f0       	breq	.+16     	; 0x293e <pow+0x3c>
    292e:	99 23       	and	r25, r25
    2930:	4a f5       	brpl	.+82     	; 0x2984 <pow+0x82>
    2932:	ff 3f       	cpi	r31, 0xFF	; 255
    2934:	e1 05       	cpc	r30, r1
    2936:	31 05       	cpc	r19, r1
    2938:	21 05       	cpc	r18, r1
    293a:	19 f1       	breq	.+70     	; 0x2982 <pow+0x80>
    293c:	e8 94       	clt
    293e:	08 94       	sec
    2940:	e7 95       	ror	r30
    2942:	d9 01       	movw	r26, r18
    2944:	aa 23       	and	r26, r26
    2946:	29 f4       	brne	.+10     	; 0x2952 <pow+0x50>
    2948:	ab 2f       	mov	r26, r27
    294a:	be 2f       	mov	r27, r30
    294c:	f8 5f       	subi	r31, 0xF8	; 248
    294e:	d0 f3       	brcs	.-12     	; 0x2944 <pow+0x42>
    2950:	10 c0       	rjmp	.+32     	; 0x2972 <pow+0x70>
    2952:	ff 5f       	subi	r31, 0xFF	; 255
    2954:	70 f4       	brcc	.+28     	; 0x2972 <pow+0x70>
    2956:	a6 95       	lsr	r26
    2958:	e0 f7       	brcc	.-8      	; 0x2952 <pow+0x50>
    295a:	f7 39       	cpi	r31, 0x97	; 151
    295c:	50 f0       	brcs	.+20     	; 0x2972 <pow+0x70>
    295e:	19 f0       	breq	.+6      	; 0x2966 <pow+0x64>
    2960:	ff 3a       	cpi	r31, 0xAF	; 175
    2962:	38 f4       	brcc	.+14     	; 0x2972 <pow+0x70>
    2964:	9f 77       	andi	r25, 0x7F	; 127
    2966:	9f 93       	push	r25
    2968:	0d d0       	rcall	.+26     	; 0x2984 <pow+0x82>
    296a:	0f 90       	pop	r0
    296c:	07 fc       	sbrc	r0, 7
    296e:	90 58       	subi	r25, 0x80	; 128
    2970:	08 95       	ret
    2972:	46 f0       	brts	.+16     	; 0x2984 <pow+0x82>
    2974:	0c 94 2d 13 	jmp	0x265a	; 0x265a <__fp_nan>
    2978:	60 e0       	ldi	r22, 0x00	; 0
    297a:	70 e0       	ldi	r23, 0x00	; 0
    297c:	80 e8       	ldi	r24, 0x80	; 128
    297e:	9f e3       	ldi	r25, 0x3F	; 63
    2980:	08 95       	ret
    2982:	4f e7       	ldi	r20, 0x7F	; 127
    2984:	9f 77       	andi	r25, 0x7F	; 127
    2986:	5f 93       	push	r21
    2988:	4f 93       	push	r20
    298a:	3f 93       	push	r19
    298c:	2f 93       	push	r18
    298e:	0e 94 cc 13 	call	0x2798	; 0x2798 <log>
    2992:	2f 91       	pop	r18
    2994:	3f 91       	pop	r19
    2996:	4f 91       	pop	r20
    2998:	5f 91       	pop	r21
    299a:	0e 94 14 14 	call	0x2828	; 0x2828 <__mulsf3>
    299e:	0c 94 4c 15 	jmp	0x2a98	; 0x2a98 <exp>

000029a2 <sin>:
    29a2:	9f 93       	push	r25
    29a4:	0e 94 40 13 	call	0x2680	; 0x2680 <__fp_rempio2>
    29a8:	0f 90       	pop	r0
    29aa:	07 fc       	sbrc	r0, 7
    29ac:	ee 5f       	subi	r30, 0xFE	; 254
    29ae:	0c 94 7a 13 	jmp	0x26f4	; 0x26f4 <__fp_sinus>
    29b2:	19 f4       	brne	.+6      	; 0x29ba <sin+0x18>
    29b4:	16 f4       	brtc	.+4      	; 0x29ba <sin+0x18>
    29b6:	0c 94 2d 13 	jmp	0x265a	; 0x265a <__fp_nan>
    29ba:	0c 94 7e 15 	jmp	0x2afc	; 0x2afc <__fp_mpack>

000029be <sqrt>:
    29be:	0e 94 96 13 	call	0x272c	; 0x272c <__fp_splitA>
    29c2:	b8 f3       	brcs	.-18     	; 0x29b2 <sin+0x10>
    29c4:	99 23       	and	r25, r25
    29c6:	c9 f3       	breq	.-14     	; 0x29ba <sin+0x18>
    29c8:	b6 f3       	brts	.-20     	; 0x29b6 <sin+0x14>
    29ca:	9f 57       	subi	r25, 0x7F	; 127
    29cc:	55 0b       	sbc	r21, r21
    29ce:	87 ff       	sbrs	r24, 7
    29d0:	0e 94 8c 15 	call	0x2b18	; 0x2b18 <__fp_norm2>
    29d4:	00 24       	eor	r0, r0
    29d6:	a0 e6       	ldi	r26, 0x60	; 96
    29d8:	40 ea       	ldi	r20, 0xA0	; 160
    29da:	90 01       	movw	r18, r0
    29dc:	80 58       	subi	r24, 0x80	; 128
    29de:	56 95       	lsr	r21
    29e0:	97 95       	ror	r25
    29e2:	28 f4       	brcc	.+10     	; 0x29ee <sqrt+0x30>
    29e4:	80 5c       	subi	r24, 0xC0	; 192
    29e6:	66 0f       	add	r22, r22
    29e8:	77 1f       	adc	r23, r23
    29ea:	88 1f       	adc	r24, r24
    29ec:	20 f0       	brcs	.+8      	; 0x29f6 <sqrt+0x38>
    29ee:	26 17       	cp	r18, r22
    29f0:	37 07       	cpc	r19, r23
    29f2:	48 07       	cpc	r20, r24
    29f4:	30 f4       	brcc	.+12     	; 0x2a02 <sqrt+0x44>
    29f6:	62 1b       	sub	r22, r18
    29f8:	73 0b       	sbc	r23, r19
    29fa:	84 0b       	sbc	r24, r20
    29fc:	20 29       	or	r18, r0
    29fe:	31 29       	or	r19, r1
    2a00:	4a 2b       	or	r20, r26
    2a02:	a6 95       	lsr	r26
    2a04:	17 94       	ror	r1
    2a06:	07 94       	ror	r0
    2a08:	20 25       	eor	r18, r0
    2a0a:	31 25       	eor	r19, r1
    2a0c:	4a 27       	eor	r20, r26
    2a0e:	58 f7       	brcc	.-42     	; 0x29e6 <sqrt+0x28>
    2a10:	66 0f       	add	r22, r22
    2a12:	77 1f       	adc	r23, r23
    2a14:	88 1f       	adc	r24, r24
    2a16:	20 f0       	brcs	.+8      	; 0x2a20 <sqrt+0x62>
    2a18:	26 17       	cp	r18, r22
    2a1a:	37 07       	cpc	r19, r23
    2a1c:	48 07       	cpc	r20, r24
    2a1e:	30 f4       	brcc	.+12     	; 0x2a2c <sqrt+0x6e>
    2a20:	62 0b       	sbc	r22, r18
    2a22:	73 0b       	sbc	r23, r19
    2a24:	84 0b       	sbc	r24, r20
    2a26:	20 0d       	add	r18, r0
    2a28:	31 1d       	adc	r19, r1
    2a2a:	41 1d       	adc	r20, r1
    2a2c:	a0 95       	com	r26
    2a2e:	81 f7       	brne	.-32     	; 0x2a10 <sqrt+0x52>
    2a30:	b9 01       	movw	r22, r18
    2a32:	84 2f       	mov	r24, r20
    2a34:	91 58       	subi	r25, 0x81	; 129
    2a36:	88 0f       	add	r24, r24
    2a38:	96 95       	lsr	r25
    2a3a:	87 95       	ror	r24
    2a3c:	08 95       	ret

00002a3e <tan>:
    2a3e:	df 93       	push	r29
    2a40:	d9 2f       	mov	r29, r25
    2a42:	0e 94 40 13 	call	0x2680	; 0x2680 <__fp_rempio2>
    2a46:	e6 95       	lsr	r30
    2a48:	d7 95       	ror	r29
    2a4a:	2a ed       	ldi	r18, 0xDA	; 218
    2a4c:	3f e0       	ldi	r19, 0x0F	; 15
    2a4e:	49 e4       	ldi	r20, 0x49	; 73
    2a50:	5f e3       	ldi	r21, 0x3F	; 63
    2a52:	b3 3a       	cpi	r27, 0xA3	; 163
    2a54:	62 07       	cpc	r22, r18
    2a56:	73 07       	cpc	r23, r19
    2a58:	84 07       	cpc	r24, r20
    2a5a:	95 07       	cpc	r25, r21
    2a5c:	d7 95       	ror	r29
    2a5e:	3a f0       	brmi	.+14     	; 0x2a6e <tan+0x30>
    2a60:	a2 ea       	ldi	r26, 0xA2	; 162
    2a62:	49 ec       	ldi	r20, 0xC9	; 201
    2a64:	90 68       	ori	r25, 0x80	; 128
    2a66:	0e 94 f5 11 	call	0x23ea	; 0x23ea <__addsf3x>
    2a6a:	0e 94 69 13 	call	0x26d2	; 0x26d2 <__fp_round>
    2a6e:	e4 e1       	ldi	r30, 0x14	; 20
    2a70:	f1 e0       	ldi	r31, 0x01	; 1
    2a72:	0e 94 ba 15 	call	0x2b74	; 0x2b74 <__fp_powsodd>
    2a76:	dd 0f       	add	r29, r29
    2a78:	13 f0       	brvs	.+4      	; 0x2a7e <tan+0x40>
    2a7a:	0e 94 ce 15 	call	0x2b9c	; 0x2b9c <inverse>
    2a7e:	dd 0f       	add	r29, r29
    2a80:	0b f4       	brvc	.+2      	; 0x2a84 <tan+0x46>
    2a82:	90 58       	subi	r25, 0x80	; 128
    2a84:	df 91       	pop	r29
    2a86:	08 95       	ret
    2a88:	29 f4       	brne	.+10     	; 0x2a94 <tan+0x56>
    2a8a:	16 f0       	brts	.+4      	; 0x2a90 <tan+0x52>
    2a8c:	0c 94 27 13 	jmp	0x264e	; 0x264e <__fp_inf>
    2a90:	0c 94 b0 13 	jmp	0x2760	; 0x2760 <__fp_zero>
    2a94:	0c 94 2d 13 	jmp	0x265a	; 0x265a <__fp_nan>

00002a98 <exp>:
    2a98:	0e 94 96 13 	call	0x272c	; 0x272c <__fp_splitA>
    2a9c:	a8 f3       	brcs	.-22     	; 0x2a88 <tan+0x4a>
    2a9e:	96 38       	cpi	r25, 0x86	; 134
    2aa0:	a0 f7       	brcc	.-24     	; 0x2a8a <tan+0x4c>
    2aa2:	07 f8       	bld	r0, 7
    2aa4:	0f 92       	push	r0
    2aa6:	e8 94       	clt
    2aa8:	2b e3       	ldi	r18, 0x3B	; 59
    2aaa:	3a ea       	ldi	r19, 0xAA	; 170
    2aac:	48 eb       	ldi	r20, 0xB8	; 184
    2aae:	5f e7       	ldi	r21, 0x7F	; 127
    2ab0:	0e 94 2a 14 	call	0x2854	; 0x2854 <__mulsf3_pse>
    2ab4:	0f 92       	push	r0
    2ab6:	0f 92       	push	r0
    2ab8:	0f 92       	push	r0
    2aba:	4d b7       	in	r20, 0x3d	; 61
    2abc:	5e b7       	in	r21, 0x3e	; 62
    2abe:	0f 92       	push	r0
    2ac0:	0e 94 10 16 	call	0x2c20	; 0x2c20 <modf>
    2ac4:	e7 e3       	ldi	r30, 0x37	; 55
    2ac6:	f1 e0       	ldi	r31, 0x01	; 1
    2ac8:	0e 94 93 15 	call	0x2b26	; 0x2b26 <__fp_powser>
    2acc:	4f 91       	pop	r20
    2ace:	5f 91       	pop	r21
    2ad0:	ef 91       	pop	r30
    2ad2:	ff 91       	pop	r31
    2ad4:	e5 95       	asr	r30
    2ad6:	ee 1f       	adc	r30, r30
    2ad8:	ff 1f       	adc	r31, r31
    2ada:	49 f0       	breq	.+18     	; 0x2aee <exp+0x56>
    2adc:	fe 57       	subi	r31, 0x7E	; 126
    2ade:	e0 68       	ori	r30, 0x80	; 128
    2ae0:	44 27       	eor	r20, r20
    2ae2:	ee 0f       	add	r30, r30
    2ae4:	44 1f       	adc	r20, r20
    2ae6:	fa 95       	dec	r31
    2ae8:	e1 f7       	brne	.-8      	; 0x2ae2 <exp+0x4a>
    2aea:	41 95       	neg	r20
    2aec:	55 0b       	sbc	r21, r21
    2aee:	0e 94 da 15 	call	0x2bb4	; 0x2bb4 <ldexp>
    2af2:	0f 90       	pop	r0
    2af4:	07 fe       	sbrs	r0, 7
    2af6:	0c 94 ce 15 	jmp	0x2b9c	; 0x2b9c <inverse>
    2afa:	08 95       	ret

00002afc <__fp_mpack>:
    2afc:	9f 3f       	cpi	r25, 0xFF	; 255
    2afe:	31 f0       	breq	.+12     	; 0x2b0c <__fp_mpack_finite+0xc>

00002b00 <__fp_mpack_finite>:
    2b00:	91 50       	subi	r25, 0x01	; 1
    2b02:	20 f4       	brcc	.+8      	; 0x2b0c <__fp_mpack_finite+0xc>
    2b04:	87 95       	ror	r24
    2b06:	77 95       	ror	r23
    2b08:	67 95       	ror	r22
    2b0a:	b7 95       	ror	r27
    2b0c:	88 0f       	add	r24, r24
    2b0e:	91 1d       	adc	r25, r1
    2b10:	96 95       	lsr	r25
    2b12:	87 95       	ror	r24
    2b14:	97 f9       	bld	r25, 7
    2b16:	08 95       	ret

00002b18 <__fp_norm2>:
    2b18:	91 50       	subi	r25, 0x01	; 1
    2b1a:	50 40       	sbci	r21, 0x00	; 0
    2b1c:	66 0f       	add	r22, r22
    2b1e:	77 1f       	adc	r23, r23
    2b20:	88 1f       	adc	r24, r24
    2b22:	d2 f7       	brpl	.-12     	; 0x2b18 <__fp_norm2>
    2b24:	08 95       	ret

00002b26 <__fp_powser>:
    2b26:	df 93       	push	r29
    2b28:	cf 93       	push	r28
    2b2a:	1f 93       	push	r17
    2b2c:	0f 93       	push	r16
    2b2e:	ff 92       	push	r15
    2b30:	ef 92       	push	r14
    2b32:	df 92       	push	r13
    2b34:	7b 01       	movw	r14, r22
    2b36:	8c 01       	movw	r16, r24
    2b38:	68 94       	set
    2b3a:	06 c0       	rjmp	.+12     	; 0x2b48 <__fp_powser+0x22>
    2b3c:	da 2e       	mov	r13, r26
    2b3e:	ef 01       	movw	r28, r30
    2b40:	0e 94 27 14 	call	0x284e	; 0x284e <__mulsf3x>
    2b44:	fe 01       	movw	r30, r28
    2b46:	e8 94       	clt
    2b48:	a5 91       	lpm	r26, Z+
    2b4a:	25 91       	lpm	r18, Z+
    2b4c:	35 91       	lpm	r19, Z+
    2b4e:	45 91       	lpm	r20, Z+
    2b50:	55 91       	lpm	r21, Z+
    2b52:	a6 f3       	brts	.-24     	; 0x2b3c <__fp_powser+0x16>
    2b54:	ef 01       	movw	r28, r30
    2b56:	0e 94 f5 11 	call	0x23ea	; 0x23ea <__addsf3x>
    2b5a:	fe 01       	movw	r30, r28
    2b5c:	97 01       	movw	r18, r14
    2b5e:	a8 01       	movw	r20, r16
    2b60:	da 94       	dec	r13
    2b62:	69 f7       	brne	.-38     	; 0x2b3e <__fp_powser+0x18>
    2b64:	df 90       	pop	r13
    2b66:	ef 90       	pop	r14
    2b68:	ff 90       	pop	r15
    2b6a:	0f 91       	pop	r16
    2b6c:	1f 91       	pop	r17
    2b6e:	cf 91       	pop	r28
    2b70:	df 91       	pop	r29
    2b72:	08 95       	ret

00002b74 <__fp_powsodd>:
    2b74:	9f 93       	push	r25
    2b76:	8f 93       	push	r24
    2b78:	7f 93       	push	r23
    2b7a:	6f 93       	push	r22
    2b7c:	ff 93       	push	r31
    2b7e:	ef 93       	push	r30
    2b80:	9b 01       	movw	r18, r22
    2b82:	ac 01       	movw	r20, r24
    2b84:	0e 94 14 14 	call	0x2828	; 0x2828 <__mulsf3>
    2b88:	ef 91       	pop	r30
    2b8a:	ff 91       	pop	r31
    2b8c:	0e 94 93 15 	call	0x2b26	; 0x2b26 <__fp_powser>
    2b90:	2f 91       	pop	r18
    2b92:	3f 91       	pop	r19
    2b94:	4f 91       	pop	r20
    2b96:	5f 91       	pop	r21
    2b98:	0c 94 14 14 	jmp	0x2828	; 0x2828 <__mulsf3>

00002b9c <inverse>:
    2b9c:	9b 01       	movw	r18, r22
    2b9e:	ac 01       	movw	r20, r24
    2ba0:	60 e0       	ldi	r22, 0x00	; 0
    2ba2:	70 e0       	ldi	r23, 0x00	; 0
    2ba4:	80 e8       	ldi	r24, 0x80	; 128
    2ba6:	9f e3       	ldi	r25, 0x3F	; 63
    2ba8:	0c 94 54 12 	jmp	0x24a8	; 0x24a8 <__divsf3>
    2bac:	0c 94 27 13 	jmp	0x264e	; 0x264e <__fp_inf>
    2bb0:	0c 94 7e 15 	jmp	0x2afc	; 0x2afc <__fp_mpack>

00002bb4 <ldexp>:
    2bb4:	0e 94 96 13 	call	0x272c	; 0x272c <__fp_splitA>
    2bb8:	d8 f3       	brcs	.-10     	; 0x2bb0 <inverse+0x14>
    2bba:	99 23       	and	r25, r25
    2bbc:	c9 f3       	breq	.-14     	; 0x2bb0 <inverse+0x14>
    2bbe:	94 0f       	add	r25, r20
    2bc0:	51 1d       	adc	r21, r1
    2bc2:	a3 f3       	brvs	.-24     	; 0x2bac <inverse+0x10>
    2bc4:	91 50       	subi	r25, 0x01	; 1
    2bc6:	50 40       	sbci	r21, 0x00	; 0
    2bc8:	94 f0       	brlt	.+36     	; 0x2bee <ldexp+0x3a>
    2bca:	59 f0       	breq	.+22     	; 0x2be2 <ldexp+0x2e>
    2bcc:	88 23       	and	r24, r24
    2bce:	32 f0       	brmi	.+12     	; 0x2bdc <ldexp+0x28>
    2bd0:	66 0f       	add	r22, r22
    2bd2:	77 1f       	adc	r23, r23
    2bd4:	88 1f       	adc	r24, r24
    2bd6:	91 50       	subi	r25, 0x01	; 1
    2bd8:	50 40       	sbci	r21, 0x00	; 0
    2bda:	c1 f7       	brne	.-16     	; 0x2bcc <ldexp+0x18>
    2bdc:	9e 3f       	cpi	r25, 0xFE	; 254
    2bde:	51 05       	cpc	r21, r1
    2be0:	2c f7       	brge	.-54     	; 0x2bac <inverse+0x10>
    2be2:	88 0f       	add	r24, r24
    2be4:	91 1d       	adc	r25, r1
    2be6:	96 95       	lsr	r25
    2be8:	87 95       	ror	r24
    2bea:	97 f9       	bld	r25, 7
    2bec:	08 95       	ret
    2bee:	5f 3f       	cpi	r21, 0xFF	; 255
    2bf0:	ac f0       	brlt	.+42     	; 0x2c1c <ldexp+0x68>
    2bf2:	98 3e       	cpi	r25, 0xE8	; 232
    2bf4:	9c f0       	brlt	.+38     	; 0x2c1c <ldexp+0x68>
    2bf6:	bb 27       	eor	r27, r27
    2bf8:	86 95       	lsr	r24
    2bfa:	77 95       	ror	r23
    2bfc:	67 95       	ror	r22
    2bfe:	b7 95       	ror	r27
    2c00:	08 f4       	brcc	.+2      	; 0x2c04 <ldexp+0x50>
    2c02:	b1 60       	ori	r27, 0x01	; 1
    2c04:	93 95       	inc	r25
    2c06:	c1 f7       	brne	.-16     	; 0x2bf8 <ldexp+0x44>
    2c08:	bb 0f       	add	r27, r27
    2c0a:	58 f7       	brcc	.-42     	; 0x2be2 <ldexp+0x2e>
    2c0c:	11 f4       	brne	.+4      	; 0x2c12 <ldexp+0x5e>
    2c0e:	60 ff       	sbrs	r22, 0
    2c10:	e8 cf       	rjmp	.-48     	; 0x2be2 <ldexp+0x2e>
    2c12:	6f 5f       	subi	r22, 0xFF	; 255
    2c14:	7f 4f       	sbci	r23, 0xFF	; 255
    2c16:	8f 4f       	sbci	r24, 0xFF	; 255
    2c18:	9f 4f       	sbci	r25, 0xFF	; 255
    2c1a:	e3 cf       	rjmp	.-58     	; 0x2be2 <ldexp+0x2e>
    2c1c:	0c 94 b1 13 	jmp	0x2762	; 0x2762 <__fp_szero>

00002c20 <modf>:
    2c20:	fa 01       	movw	r30, r20
    2c22:	dc 01       	movw	r26, r24
    2c24:	aa 0f       	add	r26, r26
    2c26:	bb 1f       	adc	r27, r27
    2c28:	9b 01       	movw	r18, r22
    2c2a:	ac 01       	movw	r20, r24
    2c2c:	bf 57       	subi	r27, 0x7F	; 127
    2c2e:	28 f4       	brcc	.+10     	; 0x2c3a <modf+0x1a>
    2c30:	22 27       	eor	r18, r18
    2c32:	33 27       	eor	r19, r19
    2c34:	44 27       	eor	r20, r20
    2c36:	50 78       	andi	r21, 0x80	; 128
    2c38:	20 c0       	rjmp	.+64     	; 0x2c7a <modf+0x5a>
    2c3a:	b7 51       	subi	r27, 0x17	; 23
    2c3c:	90 f4       	brcc	.+36     	; 0x2c62 <modf+0x42>
    2c3e:	ab 2f       	mov	r26, r27
    2c40:	00 24       	eor	r0, r0
    2c42:	46 95       	lsr	r20
    2c44:	37 95       	ror	r19
    2c46:	27 95       	ror	r18
    2c48:	01 1c       	adc	r0, r1
    2c4a:	a3 95       	inc	r26
    2c4c:	d2 f3       	brmi	.-12     	; 0x2c42 <modf+0x22>
    2c4e:	00 20       	and	r0, r0
    2c50:	71 f0       	breq	.+28     	; 0x2c6e <modf+0x4e>
    2c52:	22 0f       	add	r18, r18
    2c54:	33 1f       	adc	r19, r19
    2c56:	44 1f       	adc	r20, r20
    2c58:	b3 95       	inc	r27
    2c5a:	da f3       	brmi	.-10     	; 0x2c52 <modf+0x32>
    2c5c:	0e d0       	rcall	.+28     	; 0x2c7a <modf+0x5a>
    2c5e:	0c 94 dd 11 	jmp	0x23ba	; 0x23ba <__subsf3>
    2c62:	61 30       	cpi	r22, 0x01	; 1
    2c64:	71 05       	cpc	r23, r1
    2c66:	a0 e8       	ldi	r26, 0x80	; 128
    2c68:	8a 07       	cpc	r24, r26
    2c6a:	b9 46       	sbci	r27, 0x69	; 105
    2c6c:	30 f4       	brcc	.+12     	; 0x2c7a <modf+0x5a>
    2c6e:	9b 01       	movw	r18, r22
    2c70:	ac 01       	movw	r20, r24
    2c72:	66 27       	eor	r22, r22
    2c74:	77 27       	eor	r23, r23
    2c76:	88 27       	eor	r24, r24
    2c78:	90 78       	andi	r25, 0x80	; 128
    2c7a:	30 96       	adiw	r30, 0x00	; 0
    2c7c:	21 f0       	breq	.+8      	; 0x2c86 <modf+0x66>
    2c7e:	20 83       	st	Z, r18
    2c80:	31 83       	std	Z+1, r19	; 0x01
    2c82:	42 83       	std	Z+2, r20	; 0x02
    2c84:	53 83       	std	Z+3, r21	; 0x03
    2c86:	08 95       	ret

00002c88 <__tablejump2__>:
    2c88:	ee 0f       	add	r30, r30
    2c8a:	ff 1f       	adc	r31, r31
    2c8c:	05 90       	lpm	r0, Z+
    2c8e:	f4 91       	lpm	r31, Z
    2c90:	e0 2d       	mov	r30, r0
    2c92:	09 94       	ijmp

00002c94 <dtostrf>:
    2c94:	ef 92       	push	r14
    2c96:	0f 93       	push	r16
    2c98:	1f 93       	push	r17
    2c9a:	cf 93       	push	r28
    2c9c:	df 93       	push	r29
    2c9e:	e8 01       	movw	r28, r16
    2ca0:	47 fd       	sbrc	r20, 7
    2ca2:	02 c0       	rjmp	.+4      	; 0x2ca8 <dtostrf+0x14>
    2ca4:	34 e0       	ldi	r19, 0x04	; 4
    2ca6:	01 c0       	rjmp	.+2      	; 0x2caa <dtostrf+0x16>
    2ca8:	34 e1       	ldi	r19, 0x14	; 20
    2caa:	04 2e       	mov	r0, r20
    2cac:	00 0c       	add	r0, r0
    2cae:	55 0b       	sbc	r21, r21
    2cb0:	57 ff       	sbrs	r21, 7
    2cb2:	03 c0       	rjmp	.+6      	; 0x2cba <dtostrf+0x26>
    2cb4:	51 95       	neg	r21
    2cb6:	41 95       	neg	r20
    2cb8:	51 09       	sbc	r21, r1
    2cba:	e3 2e       	mov	r14, r19
    2cbc:	02 2f       	mov	r16, r18
    2cbe:	24 2f       	mov	r18, r20
    2cc0:	ae 01       	movw	r20, r28
    2cc2:	0e 94 95 18 	call	0x312a	; 0x312a <dtoa_prf>
    2cc6:	ce 01       	movw	r24, r28
    2cc8:	df 91       	pop	r29
    2cca:	cf 91       	pop	r28
    2ccc:	1f 91       	pop	r17
    2cce:	0f 91       	pop	r16
    2cd0:	ef 90       	pop	r14
    2cd2:	08 95       	ret

00002cd4 <atof>:
    2cd4:	66 27       	eor	r22, r22
    2cd6:	77 27       	eor	r23, r23
    2cd8:	0c 94 ef 19 	jmp	0x33de	; 0x33de <strtod>

00002cdc <strcat>:
    2cdc:	fb 01       	movw	r30, r22
    2cde:	dc 01       	movw	r26, r24
    2ce0:	0d 90       	ld	r0, X+
    2ce2:	00 20       	and	r0, r0
    2ce4:	e9 f7       	brne	.-6      	; 0x2ce0 <strcat+0x4>
    2ce6:	11 97       	sbiw	r26, 0x01	; 1
    2ce8:	01 90       	ld	r0, Z+
    2cea:	0d 92       	st	X+, r0
    2cec:	00 20       	and	r0, r0
    2cee:	e1 f7       	brne	.-8      	; 0x2ce8 <strcat+0xc>
    2cf0:	08 95       	ret

00002cf2 <strchr>:
    2cf2:	fc 01       	movw	r30, r24
    2cf4:	81 91       	ld	r24, Z+
    2cf6:	86 17       	cp	r24, r22
    2cf8:	21 f0       	breq	.+8      	; 0x2d02 <strchr+0x10>
    2cfa:	88 23       	and	r24, r24
    2cfc:	d9 f7       	brne	.-10     	; 0x2cf4 <strchr+0x2>
    2cfe:	99 27       	eor	r25, r25
    2d00:	08 95       	ret
    2d02:	31 97       	sbiw	r30, 0x01	; 1
    2d04:	cf 01       	movw	r24, r30
    2d06:	08 95       	ret

00002d08 <strncmp>:
    2d08:	fb 01       	movw	r30, r22
    2d0a:	dc 01       	movw	r26, r24
    2d0c:	41 50       	subi	r20, 0x01	; 1
    2d0e:	50 40       	sbci	r21, 0x00	; 0
    2d10:	30 f0       	brcs	.+12     	; 0x2d1e <strncmp+0x16>
    2d12:	8d 91       	ld	r24, X+
    2d14:	01 90       	ld	r0, Z+
    2d16:	80 19       	sub	r24, r0
    2d18:	19 f4       	brne	.+6      	; 0x2d20 <strncmp+0x18>
    2d1a:	00 20       	and	r0, r0
    2d1c:	b9 f7       	brne	.-18     	; 0x2d0c <strncmp+0x4>
    2d1e:	88 1b       	sub	r24, r24
    2d20:	99 0b       	sbc	r25, r25
    2d22:	08 95       	ret

00002d24 <sprintf>:
    2d24:	ae e0       	ldi	r26, 0x0E	; 14
    2d26:	b0 e0       	ldi	r27, 0x00	; 0
    2d28:	e8 e9       	ldi	r30, 0x98	; 152
    2d2a:	f6 e1       	ldi	r31, 0x16	; 22
    2d2c:	0c 94 02 1d 	jmp	0x3a04	; 0x3a04 <__prologue_saves__+0x1c>
    2d30:	0d 89       	ldd	r16, Y+21	; 0x15
    2d32:	1e 89       	ldd	r17, Y+22	; 0x16
    2d34:	86 e0       	ldi	r24, 0x06	; 6
    2d36:	8c 83       	std	Y+4, r24	; 0x04
    2d38:	1a 83       	std	Y+2, r17	; 0x02
    2d3a:	09 83       	std	Y+1, r16	; 0x01
    2d3c:	8f ef       	ldi	r24, 0xFF	; 255
    2d3e:	9f e7       	ldi	r25, 0x7F	; 127
    2d40:	9e 83       	std	Y+6, r25	; 0x06
    2d42:	8d 83       	std	Y+5, r24	; 0x05
    2d44:	ae 01       	movw	r20, r28
    2d46:	47 5e       	subi	r20, 0xE7	; 231
    2d48:	5f 4f       	sbci	r21, 0xFF	; 255
    2d4a:	6f 89       	ldd	r22, Y+23	; 0x17
    2d4c:	78 8d       	ldd	r23, Y+24	; 0x18
    2d4e:	ce 01       	movw	r24, r28
    2d50:	01 96       	adiw	r24, 0x01	; 1
    2d52:	0e 94 b4 16 	call	0x2d68	; 0x2d68 <vfprintf>
    2d56:	ef 81       	ldd	r30, Y+7	; 0x07
    2d58:	f8 85       	ldd	r31, Y+8	; 0x08
    2d5a:	e0 0f       	add	r30, r16
    2d5c:	f1 1f       	adc	r31, r17
    2d5e:	10 82       	st	Z, r1
    2d60:	2e 96       	adiw	r28, 0x0e	; 14
    2d62:	e4 e0       	ldi	r30, 0x04	; 4
    2d64:	0c 94 1e 1d 	jmp	0x3a3c	; 0x3a3c <__epilogue_restores__+0x1c>

00002d68 <vfprintf>:
    2d68:	ab e0       	ldi	r26, 0x0B	; 11
    2d6a:	b0 e0       	ldi	r27, 0x00	; 0
    2d6c:	ea eb       	ldi	r30, 0xBA	; 186
    2d6e:	f6 e1       	ldi	r31, 0x16	; 22
    2d70:	0c 94 f4 1c 	jmp	0x39e8	; 0x39e8 <__prologue_saves__>
    2d74:	6c 01       	movw	r12, r24
    2d76:	7b 01       	movw	r14, r22
    2d78:	8a 01       	movw	r16, r20
    2d7a:	fc 01       	movw	r30, r24
    2d7c:	17 82       	std	Z+7, r1	; 0x07
    2d7e:	16 82       	std	Z+6, r1	; 0x06
    2d80:	83 81       	ldd	r24, Z+3	; 0x03
    2d82:	81 ff       	sbrs	r24, 1
    2d84:	cc c1       	rjmp	.+920    	; 0x311e <vfprintf+0x3b6>
    2d86:	ce 01       	movw	r24, r28
    2d88:	01 96       	adiw	r24, 0x01	; 1
    2d8a:	3c 01       	movw	r6, r24
    2d8c:	f6 01       	movw	r30, r12
    2d8e:	93 81       	ldd	r25, Z+3	; 0x03
    2d90:	f7 01       	movw	r30, r14
    2d92:	93 fd       	sbrc	r25, 3
    2d94:	85 91       	lpm	r24, Z+
    2d96:	93 ff       	sbrs	r25, 3
    2d98:	81 91       	ld	r24, Z+
    2d9a:	7f 01       	movw	r14, r30
    2d9c:	88 23       	and	r24, r24
    2d9e:	09 f4       	brne	.+2      	; 0x2da2 <vfprintf+0x3a>
    2da0:	ba c1       	rjmp	.+884    	; 0x3116 <vfprintf+0x3ae>
    2da2:	85 32       	cpi	r24, 0x25	; 37
    2da4:	39 f4       	brne	.+14     	; 0x2db4 <vfprintf+0x4c>
    2da6:	93 fd       	sbrc	r25, 3
    2da8:	85 91       	lpm	r24, Z+
    2daa:	93 ff       	sbrs	r25, 3
    2dac:	81 91       	ld	r24, Z+
    2dae:	7f 01       	movw	r14, r30
    2db0:	85 32       	cpi	r24, 0x25	; 37
    2db2:	29 f4       	brne	.+10     	; 0x2dbe <vfprintf+0x56>
    2db4:	b6 01       	movw	r22, r12
    2db6:	90 e0       	ldi	r25, 0x00	; 0
    2db8:	0e 94 4c 1c 	call	0x3898	; 0x3898 <fputc>
    2dbc:	e7 cf       	rjmp	.-50     	; 0x2d8c <vfprintf+0x24>
    2dbe:	91 2c       	mov	r9, r1
    2dc0:	21 2c       	mov	r2, r1
    2dc2:	31 2c       	mov	r3, r1
    2dc4:	ff e1       	ldi	r31, 0x1F	; 31
    2dc6:	f3 15       	cp	r31, r3
    2dc8:	d8 f0       	brcs	.+54     	; 0x2e00 <vfprintf+0x98>
    2dca:	8b 32       	cpi	r24, 0x2B	; 43
    2dcc:	79 f0       	breq	.+30     	; 0x2dec <vfprintf+0x84>
    2dce:	38 f4       	brcc	.+14     	; 0x2dde <vfprintf+0x76>
    2dd0:	80 32       	cpi	r24, 0x20	; 32
    2dd2:	79 f0       	breq	.+30     	; 0x2df2 <vfprintf+0x8a>
    2dd4:	83 32       	cpi	r24, 0x23	; 35
    2dd6:	a1 f4       	brne	.+40     	; 0x2e00 <vfprintf+0x98>
    2dd8:	23 2d       	mov	r18, r3
    2dda:	20 61       	ori	r18, 0x10	; 16
    2ddc:	1d c0       	rjmp	.+58     	; 0x2e18 <vfprintf+0xb0>
    2dde:	8d 32       	cpi	r24, 0x2D	; 45
    2de0:	61 f0       	breq	.+24     	; 0x2dfa <vfprintf+0x92>
    2de2:	80 33       	cpi	r24, 0x30	; 48
    2de4:	69 f4       	brne	.+26     	; 0x2e00 <vfprintf+0x98>
    2de6:	23 2d       	mov	r18, r3
    2de8:	21 60       	ori	r18, 0x01	; 1
    2dea:	16 c0       	rjmp	.+44     	; 0x2e18 <vfprintf+0xb0>
    2dec:	83 2d       	mov	r24, r3
    2dee:	82 60       	ori	r24, 0x02	; 2
    2df0:	38 2e       	mov	r3, r24
    2df2:	e3 2d       	mov	r30, r3
    2df4:	e4 60       	ori	r30, 0x04	; 4
    2df6:	3e 2e       	mov	r3, r30
    2df8:	2a c0       	rjmp	.+84     	; 0x2e4e <vfprintf+0xe6>
    2dfa:	f3 2d       	mov	r31, r3
    2dfc:	f8 60       	ori	r31, 0x08	; 8
    2dfe:	1d c0       	rjmp	.+58     	; 0x2e3a <vfprintf+0xd2>
    2e00:	37 fc       	sbrc	r3, 7
    2e02:	2d c0       	rjmp	.+90     	; 0x2e5e <vfprintf+0xf6>
    2e04:	20 ed       	ldi	r18, 0xD0	; 208
    2e06:	28 0f       	add	r18, r24
    2e08:	2a 30       	cpi	r18, 0x0A	; 10
    2e0a:	40 f0       	brcs	.+16     	; 0x2e1c <vfprintf+0xb4>
    2e0c:	8e 32       	cpi	r24, 0x2E	; 46
    2e0e:	b9 f4       	brne	.+46     	; 0x2e3e <vfprintf+0xd6>
    2e10:	36 fc       	sbrc	r3, 6
    2e12:	81 c1       	rjmp	.+770    	; 0x3116 <vfprintf+0x3ae>
    2e14:	23 2d       	mov	r18, r3
    2e16:	20 64       	ori	r18, 0x40	; 64
    2e18:	32 2e       	mov	r3, r18
    2e1a:	19 c0       	rjmp	.+50     	; 0x2e4e <vfprintf+0xe6>
    2e1c:	36 fe       	sbrs	r3, 6
    2e1e:	06 c0       	rjmp	.+12     	; 0x2e2c <vfprintf+0xc4>
    2e20:	8a e0       	ldi	r24, 0x0A	; 10
    2e22:	98 9e       	mul	r9, r24
    2e24:	20 0d       	add	r18, r0
    2e26:	11 24       	eor	r1, r1
    2e28:	92 2e       	mov	r9, r18
    2e2a:	11 c0       	rjmp	.+34     	; 0x2e4e <vfprintf+0xe6>
    2e2c:	ea e0       	ldi	r30, 0x0A	; 10
    2e2e:	2e 9e       	mul	r2, r30
    2e30:	20 0d       	add	r18, r0
    2e32:	11 24       	eor	r1, r1
    2e34:	22 2e       	mov	r2, r18
    2e36:	f3 2d       	mov	r31, r3
    2e38:	f0 62       	ori	r31, 0x20	; 32
    2e3a:	3f 2e       	mov	r3, r31
    2e3c:	08 c0       	rjmp	.+16     	; 0x2e4e <vfprintf+0xe6>
    2e3e:	8c 36       	cpi	r24, 0x6C	; 108
    2e40:	21 f4       	brne	.+8      	; 0x2e4a <vfprintf+0xe2>
    2e42:	83 2d       	mov	r24, r3
    2e44:	80 68       	ori	r24, 0x80	; 128
    2e46:	38 2e       	mov	r3, r24
    2e48:	02 c0       	rjmp	.+4      	; 0x2e4e <vfprintf+0xe6>
    2e4a:	88 36       	cpi	r24, 0x68	; 104
    2e4c:	41 f4       	brne	.+16     	; 0x2e5e <vfprintf+0xf6>
    2e4e:	f7 01       	movw	r30, r14
    2e50:	93 fd       	sbrc	r25, 3
    2e52:	85 91       	lpm	r24, Z+
    2e54:	93 ff       	sbrs	r25, 3
    2e56:	81 91       	ld	r24, Z+
    2e58:	7f 01       	movw	r14, r30
    2e5a:	81 11       	cpse	r24, r1
    2e5c:	b3 cf       	rjmp	.-154    	; 0x2dc4 <vfprintf+0x5c>
    2e5e:	98 2f       	mov	r25, r24
    2e60:	9f 7d       	andi	r25, 0xDF	; 223
    2e62:	95 54       	subi	r25, 0x45	; 69
    2e64:	93 30       	cpi	r25, 0x03	; 3
    2e66:	28 f4       	brcc	.+10     	; 0x2e72 <vfprintf+0x10a>
    2e68:	0c 5f       	subi	r16, 0xFC	; 252
    2e6a:	1f 4f       	sbci	r17, 0xFF	; 255
    2e6c:	9f e3       	ldi	r25, 0x3F	; 63
    2e6e:	99 83       	std	Y+1, r25	; 0x01
    2e70:	0d c0       	rjmp	.+26     	; 0x2e8c <vfprintf+0x124>
    2e72:	83 36       	cpi	r24, 0x63	; 99
    2e74:	31 f0       	breq	.+12     	; 0x2e82 <vfprintf+0x11a>
    2e76:	83 37       	cpi	r24, 0x73	; 115
    2e78:	71 f0       	breq	.+28     	; 0x2e96 <vfprintf+0x12e>
    2e7a:	83 35       	cpi	r24, 0x53	; 83
    2e7c:	09 f0       	breq	.+2      	; 0x2e80 <vfprintf+0x118>
    2e7e:	59 c0       	rjmp	.+178    	; 0x2f32 <vfprintf+0x1ca>
    2e80:	21 c0       	rjmp	.+66     	; 0x2ec4 <vfprintf+0x15c>
    2e82:	f8 01       	movw	r30, r16
    2e84:	80 81       	ld	r24, Z
    2e86:	89 83       	std	Y+1, r24	; 0x01
    2e88:	0e 5f       	subi	r16, 0xFE	; 254
    2e8a:	1f 4f       	sbci	r17, 0xFF	; 255
    2e8c:	88 24       	eor	r8, r8
    2e8e:	83 94       	inc	r8
    2e90:	91 2c       	mov	r9, r1
    2e92:	53 01       	movw	r10, r6
    2e94:	13 c0       	rjmp	.+38     	; 0x2ebc <vfprintf+0x154>
    2e96:	28 01       	movw	r4, r16
    2e98:	f2 e0       	ldi	r31, 0x02	; 2
    2e9a:	4f 0e       	add	r4, r31
    2e9c:	51 1c       	adc	r5, r1
    2e9e:	f8 01       	movw	r30, r16
    2ea0:	a0 80       	ld	r10, Z
    2ea2:	b1 80       	ldd	r11, Z+1	; 0x01
    2ea4:	36 fe       	sbrs	r3, 6
    2ea6:	03 c0       	rjmp	.+6      	; 0x2eae <vfprintf+0x146>
    2ea8:	69 2d       	mov	r22, r9
    2eaa:	70 e0       	ldi	r23, 0x00	; 0
    2eac:	02 c0       	rjmp	.+4      	; 0x2eb2 <vfprintf+0x14a>
    2eae:	6f ef       	ldi	r22, 0xFF	; 255
    2eb0:	7f ef       	ldi	r23, 0xFF	; 255
    2eb2:	c5 01       	movw	r24, r10
    2eb4:	0e 94 41 1c 	call	0x3882	; 0x3882 <strnlen>
    2eb8:	4c 01       	movw	r8, r24
    2eba:	82 01       	movw	r16, r4
    2ebc:	f3 2d       	mov	r31, r3
    2ebe:	ff 77       	andi	r31, 0x7F	; 127
    2ec0:	3f 2e       	mov	r3, r31
    2ec2:	16 c0       	rjmp	.+44     	; 0x2ef0 <vfprintf+0x188>
    2ec4:	28 01       	movw	r4, r16
    2ec6:	22 e0       	ldi	r18, 0x02	; 2
    2ec8:	42 0e       	add	r4, r18
    2eca:	51 1c       	adc	r5, r1
    2ecc:	f8 01       	movw	r30, r16
    2ece:	a0 80       	ld	r10, Z
    2ed0:	b1 80       	ldd	r11, Z+1	; 0x01
    2ed2:	36 fe       	sbrs	r3, 6
    2ed4:	03 c0       	rjmp	.+6      	; 0x2edc <vfprintf+0x174>
    2ed6:	69 2d       	mov	r22, r9
    2ed8:	70 e0       	ldi	r23, 0x00	; 0
    2eda:	02 c0       	rjmp	.+4      	; 0x2ee0 <vfprintf+0x178>
    2edc:	6f ef       	ldi	r22, 0xFF	; 255
    2ede:	7f ef       	ldi	r23, 0xFF	; 255
    2ee0:	c5 01       	movw	r24, r10
    2ee2:	0e 94 36 1c 	call	0x386c	; 0x386c <strnlen_P>
    2ee6:	4c 01       	movw	r8, r24
    2ee8:	f3 2d       	mov	r31, r3
    2eea:	f0 68       	ori	r31, 0x80	; 128
    2eec:	3f 2e       	mov	r3, r31
    2eee:	82 01       	movw	r16, r4
    2ef0:	33 fc       	sbrc	r3, 3
    2ef2:	1b c0       	rjmp	.+54     	; 0x2f2a <vfprintf+0x1c2>
    2ef4:	82 2d       	mov	r24, r2
    2ef6:	90 e0       	ldi	r25, 0x00	; 0
    2ef8:	88 16       	cp	r8, r24
    2efa:	99 06       	cpc	r9, r25
    2efc:	b0 f4       	brcc	.+44     	; 0x2f2a <vfprintf+0x1c2>
    2efe:	b6 01       	movw	r22, r12
    2f00:	80 e2       	ldi	r24, 0x20	; 32
    2f02:	90 e0       	ldi	r25, 0x00	; 0
    2f04:	0e 94 4c 1c 	call	0x3898	; 0x3898 <fputc>
    2f08:	2a 94       	dec	r2
    2f0a:	f4 cf       	rjmp	.-24     	; 0x2ef4 <vfprintf+0x18c>
    2f0c:	f5 01       	movw	r30, r10
    2f0e:	37 fc       	sbrc	r3, 7
    2f10:	85 91       	lpm	r24, Z+
    2f12:	37 fe       	sbrs	r3, 7
    2f14:	81 91       	ld	r24, Z+
    2f16:	5f 01       	movw	r10, r30
    2f18:	b6 01       	movw	r22, r12
    2f1a:	90 e0       	ldi	r25, 0x00	; 0
    2f1c:	0e 94 4c 1c 	call	0x3898	; 0x3898 <fputc>
    2f20:	21 10       	cpse	r2, r1
    2f22:	2a 94       	dec	r2
    2f24:	21 e0       	ldi	r18, 0x01	; 1
    2f26:	82 1a       	sub	r8, r18
    2f28:	91 08       	sbc	r9, r1
    2f2a:	81 14       	cp	r8, r1
    2f2c:	91 04       	cpc	r9, r1
    2f2e:	71 f7       	brne	.-36     	; 0x2f0c <vfprintf+0x1a4>
    2f30:	e8 c0       	rjmp	.+464    	; 0x3102 <vfprintf+0x39a>
    2f32:	84 36       	cpi	r24, 0x64	; 100
    2f34:	11 f0       	breq	.+4      	; 0x2f3a <vfprintf+0x1d2>
    2f36:	89 36       	cpi	r24, 0x69	; 105
    2f38:	41 f5       	brne	.+80     	; 0x2f8a <vfprintf+0x222>
    2f3a:	f8 01       	movw	r30, r16
    2f3c:	37 fe       	sbrs	r3, 7
    2f3e:	07 c0       	rjmp	.+14     	; 0x2f4e <vfprintf+0x1e6>
    2f40:	60 81       	ld	r22, Z
    2f42:	71 81       	ldd	r23, Z+1	; 0x01
    2f44:	82 81       	ldd	r24, Z+2	; 0x02
    2f46:	93 81       	ldd	r25, Z+3	; 0x03
    2f48:	0c 5f       	subi	r16, 0xFC	; 252
    2f4a:	1f 4f       	sbci	r17, 0xFF	; 255
    2f4c:	08 c0       	rjmp	.+16     	; 0x2f5e <vfprintf+0x1f6>
    2f4e:	60 81       	ld	r22, Z
    2f50:	71 81       	ldd	r23, Z+1	; 0x01
    2f52:	07 2e       	mov	r0, r23
    2f54:	00 0c       	add	r0, r0
    2f56:	88 0b       	sbc	r24, r24
    2f58:	99 0b       	sbc	r25, r25
    2f5a:	0e 5f       	subi	r16, 0xFE	; 254
    2f5c:	1f 4f       	sbci	r17, 0xFF	; 255
    2f5e:	f3 2d       	mov	r31, r3
    2f60:	ff 76       	andi	r31, 0x6F	; 111
    2f62:	3f 2e       	mov	r3, r31
    2f64:	97 ff       	sbrs	r25, 7
    2f66:	09 c0       	rjmp	.+18     	; 0x2f7a <vfprintf+0x212>
    2f68:	90 95       	com	r25
    2f6a:	80 95       	com	r24
    2f6c:	70 95       	com	r23
    2f6e:	61 95       	neg	r22
    2f70:	7f 4f       	sbci	r23, 0xFF	; 255
    2f72:	8f 4f       	sbci	r24, 0xFF	; 255
    2f74:	9f 4f       	sbci	r25, 0xFF	; 255
    2f76:	f0 68       	ori	r31, 0x80	; 128
    2f78:	3f 2e       	mov	r3, r31
    2f7a:	2a e0       	ldi	r18, 0x0A	; 10
    2f7c:	30 e0       	ldi	r19, 0x00	; 0
    2f7e:	a3 01       	movw	r20, r6
    2f80:	0e 94 88 1c 	call	0x3910	; 0x3910 <__ultoa_invert>
    2f84:	88 2e       	mov	r8, r24
    2f86:	86 18       	sub	r8, r6
    2f88:	45 c0       	rjmp	.+138    	; 0x3014 <vfprintf+0x2ac>
    2f8a:	85 37       	cpi	r24, 0x75	; 117
    2f8c:	31 f4       	brne	.+12     	; 0x2f9a <vfprintf+0x232>
    2f8e:	23 2d       	mov	r18, r3
    2f90:	2f 7e       	andi	r18, 0xEF	; 239
    2f92:	b2 2e       	mov	r11, r18
    2f94:	2a e0       	ldi	r18, 0x0A	; 10
    2f96:	30 e0       	ldi	r19, 0x00	; 0
    2f98:	25 c0       	rjmp	.+74     	; 0x2fe4 <vfprintf+0x27c>
    2f9a:	93 2d       	mov	r25, r3
    2f9c:	99 7f       	andi	r25, 0xF9	; 249
    2f9e:	b9 2e       	mov	r11, r25
    2fa0:	8f 36       	cpi	r24, 0x6F	; 111
    2fa2:	c1 f0       	breq	.+48     	; 0x2fd4 <vfprintf+0x26c>
    2fa4:	18 f4       	brcc	.+6      	; 0x2fac <vfprintf+0x244>
    2fa6:	88 35       	cpi	r24, 0x58	; 88
    2fa8:	79 f0       	breq	.+30     	; 0x2fc8 <vfprintf+0x260>
    2faa:	b5 c0       	rjmp	.+362    	; 0x3116 <vfprintf+0x3ae>
    2fac:	80 37       	cpi	r24, 0x70	; 112
    2fae:	19 f0       	breq	.+6      	; 0x2fb6 <vfprintf+0x24e>
    2fb0:	88 37       	cpi	r24, 0x78	; 120
    2fb2:	21 f0       	breq	.+8      	; 0x2fbc <vfprintf+0x254>
    2fb4:	b0 c0       	rjmp	.+352    	; 0x3116 <vfprintf+0x3ae>
    2fb6:	e9 2f       	mov	r30, r25
    2fb8:	e0 61       	ori	r30, 0x10	; 16
    2fba:	be 2e       	mov	r11, r30
    2fbc:	b4 fe       	sbrs	r11, 4
    2fbe:	0d c0       	rjmp	.+26     	; 0x2fda <vfprintf+0x272>
    2fc0:	fb 2d       	mov	r31, r11
    2fc2:	f4 60       	ori	r31, 0x04	; 4
    2fc4:	bf 2e       	mov	r11, r31
    2fc6:	09 c0       	rjmp	.+18     	; 0x2fda <vfprintf+0x272>
    2fc8:	34 fe       	sbrs	r3, 4
    2fca:	0a c0       	rjmp	.+20     	; 0x2fe0 <vfprintf+0x278>
    2fcc:	29 2f       	mov	r18, r25
    2fce:	26 60       	ori	r18, 0x06	; 6
    2fd0:	b2 2e       	mov	r11, r18
    2fd2:	06 c0       	rjmp	.+12     	; 0x2fe0 <vfprintf+0x278>
    2fd4:	28 e0       	ldi	r18, 0x08	; 8
    2fd6:	30 e0       	ldi	r19, 0x00	; 0
    2fd8:	05 c0       	rjmp	.+10     	; 0x2fe4 <vfprintf+0x27c>
    2fda:	20 e1       	ldi	r18, 0x10	; 16
    2fdc:	30 e0       	ldi	r19, 0x00	; 0
    2fde:	02 c0       	rjmp	.+4      	; 0x2fe4 <vfprintf+0x27c>
    2fe0:	20 e1       	ldi	r18, 0x10	; 16
    2fe2:	32 e0       	ldi	r19, 0x02	; 2
    2fe4:	f8 01       	movw	r30, r16
    2fe6:	b7 fe       	sbrs	r11, 7
    2fe8:	07 c0       	rjmp	.+14     	; 0x2ff8 <vfprintf+0x290>
    2fea:	60 81       	ld	r22, Z
    2fec:	71 81       	ldd	r23, Z+1	; 0x01
    2fee:	82 81       	ldd	r24, Z+2	; 0x02
    2ff0:	93 81       	ldd	r25, Z+3	; 0x03
    2ff2:	0c 5f       	subi	r16, 0xFC	; 252
    2ff4:	1f 4f       	sbci	r17, 0xFF	; 255
    2ff6:	06 c0       	rjmp	.+12     	; 0x3004 <vfprintf+0x29c>
    2ff8:	60 81       	ld	r22, Z
    2ffa:	71 81       	ldd	r23, Z+1	; 0x01
    2ffc:	80 e0       	ldi	r24, 0x00	; 0
    2ffe:	90 e0       	ldi	r25, 0x00	; 0
    3000:	0e 5f       	subi	r16, 0xFE	; 254
    3002:	1f 4f       	sbci	r17, 0xFF	; 255
    3004:	a3 01       	movw	r20, r6
    3006:	0e 94 88 1c 	call	0x3910	; 0x3910 <__ultoa_invert>
    300a:	88 2e       	mov	r8, r24
    300c:	86 18       	sub	r8, r6
    300e:	fb 2d       	mov	r31, r11
    3010:	ff 77       	andi	r31, 0x7F	; 127
    3012:	3f 2e       	mov	r3, r31
    3014:	36 fe       	sbrs	r3, 6
    3016:	0d c0       	rjmp	.+26     	; 0x3032 <vfprintf+0x2ca>
    3018:	23 2d       	mov	r18, r3
    301a:	2e 7f       	andi	r18, 0xFE	; 254
    301c:	a2 2e       	mov	r10, r18
    301e:	89 14       	cp	r8, r9
    3020:	58 f4       	brcc	.+22     	; 0x3038 <vfprintf+0x2d0>
    3022:	34 fe       	sbrs	r3, 4
    3024:	0b c0       	rjmp	.+22     	; 0x303c <vfprintf+0x2d4>
    3026:	32 fc       	sbrc	r3, 2
    3028:	09 c0       	rjmp	.+18     	; 0x303c <vfprintf+0x2d4>
    302a:	83 2d       	mov	r24, r3
    302c:	8e 7e       	andi	r24, 0xEE	; 238
    302e:	a8 2e       	mov	r10, r24
    3030:	05 c0       	rjmp	.+10     	; 0x303c <vfprintf+0x2d4>
    3032:	b8 2c       	mov	r11, r8
    3034:	a3 2c       	mov	r10, r3
    3036:	03 c0       	rjmp	.+6      	; 0x303e <vfprintf+0x2d6>
    3038:	b8 2c       	mov	r11, r8
    303a:	01 c0       	rjmp	.+2      	; 0x303e <vfprintf+0x2d6>
    303c:	b9 2c       	mov	r11, r9
    303e:	a4 fe       	sbrs	r10, 4
    3040:	0f c0       	rjmp	.+30     	; 0x3060 <vfprintf+0x2f8>
    3042:	fe 01       	movw	r30, r28
    3044:	e8 0d       	add	r30, r8
    3046:	f1 1d       	adc	r31, r1
    3048:	80 81       	ld	r24, Z
    304a:	80 33       	cpi	r24, 0x30	; 48
    304c:	21 f4       	brne	.+8      	; 0x3056 <vfprintf+0x2ee>
    304e:	9a 2d       	mov	r25, r10
    3050:	99 7e       	andi	r25, 0xE9	; 233
    3052:	a9 2e       	mov	r10, r25
    3054:	09 c0       	rjmp	.+18     	; 0x3068 <vfprintf+0x300>
    3056:	a2 fe       	sbrs	r10, 2
    3058:	06 c0       	rjmp	.+12     	; 0x3066 <vfprintf+0x2fe>
    305a:	b3 94       	inc	r11
    305c:	b3 94       	inc	r11
    305e:	04 c0       	rjmp	.+8      	; 0x3068 <vfprintf+0x300>
    3060:	8a 2d       	mov	r24, r10
    3062:	86 78       	andi	r24, 0x86	; 134
    3064:	09 f0       	breq	.+2      	; 0x3068 <vfprintf+0x300>
    3066:	b3 94       	inc	r11
    3068:	a3 fc       	sbrc	r10, 3
    306a:	11 c0       	rjmp	.+34     	; 0x308e <vfprintf+0x326>
    306c:	a0 fe       	sbrs	r10, 0
    306e:	06 c0       	rjmp	.+12     	; 0x307c <vfprintf+0x314>
    3070:	b2 14       	cp	r11, r2
    3072:	88 f4       	brcc	.+34     	; 0x3096 <vfprintf+0x32e>
    3074:	28 0c       	add	r2, r8
    3076:	92 2c       	mov	r9, r2
    3078:	9b 18       	sub	r9, r11
    307a:	0e c0       	rjmp	.+28     	; 0x3098 <vfprintf+0x330>
    307c:	b2 14       	cp	r11, r2
    307e:	60 f4       	brcc	.+24     	; 0x3098 <vfprintf+0x330>
    3080:	b6 01       	movw	r22, r12
    3082:	80 e2       	ldi	r24, 0x20	; 32
    3084:	90 e0       	ldi	r25, 0x00	; 0
    3086:	0e 94 4c 1c 	call	0x3898	; 0x3898 <fputc>
    308a:	b3 94       	inc	r11
    308c:	f7 cf       	rjmp	.-18     	; 0x307c <vfprintf+0x314>
    308e:	b2 14       	cp	r11, r2
    3090:	18 f4       	brcc	.+6      	; 0x3098 <vfprintf+0x330>
    3092:	2b 18       	sub	r2, r11
    3094:	02 c0       	rjmp	.+4      	; 0x309a <vfprintf+0x332>
    3096:	98 2c       	mov	r9, r8
    3098:	21 2c       	mov	r2, r1
    309a:	a4 fe       	sbrs	r10, 4
    309c:	10 c0       	rjmp	.+32     	; 0x30be <vfprintf+0x356>
    309e:	b6 01       	movw	r22, r12
    30a0:	80 e3       	ldi	r24, 0x30	; 48
    30a2:	90 e0       	ldi	r25, 0x00	; 0
    30a4:	0e 94 4c 1c 	call	0x3898	; 0x3898 <fputc>
    30a8:	a2 fe       	sbrs	r10, 2
    30aa:	17 c0       	rjmp	.+46     	; 0x30da <vfprintf+0x372>
    30ac:	a1 fc       	sbrc	r10, 1
    30ae:	03 c0       	rjmp	.+6      	; 0x30b6 <vfprintf+0x34e>
    30b0:	88 e7       	ldi	r24, 0x78	; 120
    30b2:	90 e0       	ldi	r25, 0x00	; 0
    30b4:	02 c0       	rjmp	.+4      	; 0x30ba <vfprintf+0x352>
    30b6:	88 e5       	ldi	r24, 0x58	; 88
    30b8:	90 e0       	ldi	r25, 0x00	; 0
    30ba:	b6 01       	movw	r22, r12
    30bc:	0c c0       	rjmp	.+24     	; 0x30d6 <vfprintf+0x36e>
    30be:	8a 2d       	mov	r24, r10
    30c0:	86 78       	andi	r24, 0x86	; 134
    30c2:	59 f0       	breq	.+22     	; 0x30da <vfprintf+0x372>
    30c4:	a1 fe       	sbrs	r10, 1
    30c6:	02 c0       	rjmp	.+4      	; 0x30cc <vfprintf+0x364>
    30c8:	8b e2       	ldi	r24, 0x2B	; 43
    30ca:	01 c0       	rjmp	.+2      	; 0x30ce <vfprintf+0x366>
    30cc:	80 e2       	ldi	r24, 0x20	; 32
    30ce:	a7 fc       	sbrc	r10, 7
    30d0:	8d e2       	ldi	r24, 0x2D	; 45
    30d2:	b6 01       	movw	r22, r12
    30d4:	90 e0       	ldi	r25, 0x00	; 0
    30d6:	0e 94 4c 1c 	call	0x3898	; 0x3898 <fputc>
    30da:	89 14       	cp	r8, r9
    30dc:	38 f4       	brcc	.+14     	; 0x30ec <vfprintf+0x384>
    30de:	b6 01       	movw	r22, r12
    30e0:	80 e3       	ldi	r24, 0x30	; 48
    30e2:	90 e0       	ldi	r25, 0x00	; 0
    30e4:	0e 94 4c 1c 	call	0x3898	; 0x3898 <fputc>
    30e8:	9a 94       	dec	r9
    30ea:	f7 cf       	rjmp	.-18     	; 0x30da <vfprintf+0x372>
    30ec:	8a 94       	dec	r8
    30ee:	f3 01       	movw	r30, r6
    30f0:	e8 0d       	add	r30, r8
    30f2:	f1 1d       	adc	r31, r1
    30f4:	80 81       	ld	r24, Z
    30f6:	b6 01       	movw	r22, r12
    30f8:	90 e0       	ldi	r25, 0x00	; 0
    30fa:	0e 94 4c 1c 	call	0x3898	; 0x3898 <fputc>
    30fe:	81 10       	cpse	r8, r1
    3100:	f5 cf       	rjmp	.-22     	; 0x30ec <vfprintf+0x384>
    3102:	22 20       	and	r2, r2
    3104:	09 f4       	brne	.+2      	; 0x3108 <vfprintf+0x3a0>
    3106:	42 ce       	rjmp	.-892    	; 0x2d8c <vfprintf+0x24>
    3108:	b6 01       	movw	r22, r12
    310a:	80 e2       	ldi	r24, 0x20	; 32
    310c:	90 e0       	ldi	r25, 0x00	; 0
    310e:	0e 94 4c 1c 	call	0x3898	; 0x3898 <fputc>
    3112:	2a 94       	dec	r2
    3114:	f6 cf       	rjmp	.-20     	; 0x3102 <vfprintf+0x39a>
    3116:	f6 01       	movw	r30, r12
    3118:	86 81       	ldd	r24, Z+6	; 0x06
    311a:	97 81       	ldd	r25, Z+7	; 0x07
    311c:	02 c0       	rjmp	.+4      	; 0x3122 <vfprintf+0x3ba>
    311e:	8f ef       	ldi	r24, 0xFF	; 255
    3120:	9f ef       	ldi	r25, 0xFF	; 255
    3122:	2b 96       	adiw	r28, 0x0b	; 11
    3124:	e2 e1       	ldi	r30, 0x12	; 18
    3126:	0c 94 10 1d 	jmp	0x3a20	; 0x3a20 <__epilogue_restores__>

0000312a <dtoa_prf>:
    312a:	a9 e0       	ldi	r26, 0x09	; 9
    312c:	b0 e0       	ldi	r27, 0x00	; 0
    312e:	eb e9       	ldi	r30, 0x9B	; 155
    3130:	f8 e1       	ldi	r31, 0x18	; 24
    3132:	0c 94 fa 1c 	jmp	0x39f4	; 0x39f4 <__prologue_saves__+0xc>
    3136:	6a 01       	movw	r12, r20
    3138:	12 2f       	mov	r17, r18
    313a:	b0 2e       	mov	r11, r16
    313c:	2b e3       	ldi	r18, 0x3B	; 59
    313e:	20 17       	cp	r18, r16
    3140:	20 f0       	brcs	.+8      	; 0x314a <dtoa_prf+0x20>
    3142:	ff 24       	eor	r15, r15
    3144:	f3 94       	inc	r15
    3146:	f0 0e       	add	r15, r16
    3148:	02 c0       	rjmp	.+4      	; 0x314e <dtoa_prf+0x24>
    314a:	2c e3       	ldi	r18, 0x3C	; 60
    314c:	f2 2e       	mov	r15, r18
    314e:	0f 2d       	mov	r16, r15
    3150:	27 e0       	ldi	r18, 0x07	; 7
    3152:	ae 01       	movw	r20, r28
    3154:	4f 5f       	subi	r20, 0xFF	; 255
    3156:	5f 4f       	sbci	r21, 0xFF	; 255
    3158:	0e 94 3d 1b 	call	0x367a	; 0x367a <__ftoa_engine>
    315c:	bc 01       	movw	r22, r24
    315e:	49 81       	ldd	r20, Y+1	; 0x01
    3160:	84 2f       	mov	r24, r20
    3162:	89 70       	andi	r24, 0x09	; 9
    3164:	81 30       	cpi	r24, 0x01	; 1
    3166:	31 f0       	breq	.+12     	; 0x3174 <dtoa_prf+0x4a>
    3168:	e1 fc       	sbrc	r14, 1
    316a:	06 c0       	rjmp	.+12     	; 0x3178 <dtoa_prf+0x4e>
    316c:	e0 fe       	sbrs	r14, 0
    316e:	06 c0       	rjmp	.+12     	; 0x317c <dtoa_prf+0x52>
    3170:	90 e2       	ldi	r25, 0x20	; 32
    3172:	05 c0       	rjmp	.+10     	; 0x317e <dtoa_prf+0x54>
    3174:	9d e2       	ldi	r25, 0x2D	; 45
    3176:	03 c0       	rjmp	.+6      	; 0x317e <dtoa_prf+0x54>
    3178:	9b e2       	ldi	r25, 0x2B	; 43
    317a:	01 c0       	rjmp	.+2      	; 0x317e <dtoa_prf+0x54>
    317c:	90 e0       	ldi	r25, 0x00	; 0
    317e:	5e 2d       	mov	r21, r14
    3180:	50 71       	andi	r21, 0x10	; 16
    3182:	43 ff       	sbrs	r20, 3
    3184:	3c c0       	rjmp	.+120    	; 0x31fe <dtoa_prf+0xd4>
    3186:	91 11       	cpse	r25, r1
    3188:	02 c0       	rjmp	.+4      	; 0x318e <dtoa_prf+0x64>
    318a:	83 e0       	ldi	r24, 0x03	; 3
    318c:	01 c0       	rjmp	.+2      	; 0x3190 <dtoa_prf+0x66>
    318e:	84 e0       	ldi	r24, 0x04	; 4
    3190:	81 17       	cp	r24, r17
    3192:	18 f4       	brcc	.+6      	; 0x319a <dtoa_prf+0x70>
    3194:	21 2f       	mov	r18, r17
    3196:	28 1b       	sub	r18, r24
    3198:	01 c0       	rjmp	.+2      	; 0x319c <dtoa_prf+0x72>
    319a:	20 e0       	ldi	r18, 0x00	; 0
    319c:	51 11       	cpse	r21, r1
    319e:	0b c0       	rjmp	.+22     	; 0x31b6 <dtoa_prf+0x8c>
    31a0:	f6 01       	movw	r30, r12
    31a2:	82 2f       	mov	r24, r18
    31a4:	30 e2       	ldi	r19, 0x20	; 32
    31a6:	88 23       	and	r24, r24
    31a8:	19 f0       	breq	.+6      	; 0x31b0 <dtoa_prf+0x86>
    31aa:	31 93       	st	Z+, r19
    31ac:	81 50       	subi	r24, 0x01	; 1
    31ae:	fb cf       	rjmp	.-10     	; 0x31a6 <dtoa_prf+0x7c>
    31b0:	c2 0e       	add	r12, r18
    31b2:	d1 1c       	adc	r13, r1
    31b4:	20 e0       	ldi	r18, 0x00	; 0
    31b6:	99 23       	and	r25, r25
    31b8:	29 f0       	breq	.+10     	; 0x31c4 <dtoa_prf+0x9a>
    31ba:	d6 01       	movw	r26, r12
    31bc:	9c 93       	st	X, r25
    31be:	f6 01       	movw	r30, r12
    31c0:	31 96       	adiw	r30, 0x01	; 1
    31c2:	6f 01       	movw	r12, r30
    31c4:	c6 01       	movw	r24, r12
    31c6:	03 96       	adiw	r24, 0x03	; 3
    31c8:	e2 fe       	sbrs	r14, 2
    31ca:	0a c0       	rjmp	.+20     	; 0x31e0 <dtoa_prf+0xb6>
    31cc:	3e e4       	ldi	r19, 0x4E	; 78
    31ce:	d6 01       	movw	r26, r12
    31d0:	3c 93       	st	X, r19
    31d2:	41 e4       	ldi	r20, 0x41	; 65
    31d4:	11 96       	adiw	r26, 0x01	; 1
    31d6:	4c 93       	st	X, r20
    31d8:	11 97       	sbiw	r26, 0x01	; 1
    31da:	12 96       	adiw	r26, 0x02	; 2
    31dc:	3c 93       	st	X, r19
    31de:	06 c0       	rjmp	.+12     	; 0x31ec <dtoa_prf+0xc2>
    31e0:	3e e6       	ldi	r19, 0x6E	; 110
    31e2:	f6 01       	movw	r30, r12
    31e4:	30 83       	st	Z, r19
    31e6:	41 e6       	ldi	r20, 0x61	; 97
    31e8:	41 83       	std	Z+1, r20	; 0x01
    31ea:	32 83       	std	Z+2, r19	; 0x02
    31ec:	fc 01       	movw	r30, r24
    31ee:	32 2f       	mov	r19, r18
    31f0:	40 e2       	ldi	r20, 0x20	; 32
    31f2:	33 23       	and	r19, r19
    31f4:	09 f4       	brne	.+2      	; 0x31f8 <dtoa_prf+0xce>
    31f6:	42 c0       	rjmp	.+132    	; 0x327c <dtoa_prf+0x152>
    31f8:	41 93       	st	Z+, r20
    31fa:	31 50       	subi	r19, 0x01	; 1
    31fc:	fa cf       	rjmp	.-12     	; 0x31f2 <dtoa_prf+0xc8>
    31fe:	42 ff       	sbrs	r20, 2
    3200:	44 c0       	rjmp	.+136    	; 0x328a <dtoa_prf+0x160>
    3202:	91 11       	cpse	r25, r1
    3204:	02 c0       	rjmp	.+4      	; 0x320a <dtoa_prf+0xe0>
    3206:	83 e0       	ldi	r24, 0x03	; 3
    3208:	01 c0       	rjmp	.+2      	; 0x320c <dtoa_prf+0xe2>
    320a:	84 e0       	ldi	r24, 0x04	; 4
    320c:	81 17       	cp	r24, r17
    320e:	18 f4       	brcc	.+6      	; 0x3216 <dtoa_prf+0xec>
    3210:	21 2f       	mov	r18, r17
    3212:	28 1b       	sub	r18, r24
    3214:	01 c0       	rjmp	.+2      	; 0x3218 <dtoa_prf+0xee>
    3216:	20 e0       	ldi	r18, 0x00	; 0
    3218:	51 11       	cpse	r21, r1
    321a:	0b c0       	rjmp	.+22     	; 0x3232 <dtoa_prf+0x108>
    321c:	f6 01       	movw	r30, r12
    321e:	82 2f       	mov	r24, r18
    3220:	30 e2       	ldi	r19, 0x20	; 32
    3222:	88 23       	and	r24, r24
    3224:	19 f0       	breq	.+6      	; 0x322c <dtoa_prf+0x102>
    3226:	31 93       	st	Z+, r19
    3228:	81 50       	subi	r24, 0x01	; 1
    322a:	fb cf       	rjmp	.-10     	; 0x3222 <dtoa_prf+0xf8>
    322c:	c2 0e       	add	r12, r18
    322e:	d1 1c       	adc	r13, r1
    3230:	20 e0       	ldi	r18, 0x00	; 0
    3232:	99 23       	and	r25, r25
    3234:	29 f0       	breq	.+10     	; 0x3240 <dtoa_prf+0x116>
    3236:	d6 01       	movw	r26, r12
    3238:	9c 93       	st	X, r25
    323a:	f6 01       	movw	r30, r12
    323c:	31 96       	adiw	r30, 0x01	; 1
    323e:	6f 01       	movw	r12, r30
    3240:	c6 01       	movw	r24, r12
    3242:	03 96       	adiw	r24, 0x03	; 3
    3244:	e2 fe       	sbrs	r14, 2
    3246:	0b c0       	rjmp	.+22     	; 0x325e <dtoa_prf+0x134>
    3248:	39 e4       	ldi	r19, 0x49	; 73
    324a:	d6 01       	movw	r26, r12
    324c:	3c 93       	st	X, r19
    324e:	3e e4       	ldi	r19, 0x4E	; 78
    3250:	11 96       	adiw	r26, 0x01	; 1
    3252:	3c 93       	st	X, r19
    3254:	11 97       	sbiw	r26, 0x01	; 1
    3256:	36 e4       	ldi	r19, 0x46	; 70
    3258:	12 96       	adiw	r26, 0x02	; 2
    325a:	3c 93       	st	X, r19
    325c:	07 c0       	rjmp	.+14     	; 0x326c <dtoa_prf+0x142>
    325e:	39 e6       	ldi	r19, 0x69	; 105
    3260:	f6 01       	movw	r30, r12
    3262:	30 83       	st	Z, r19
    3264:	3e e6       	ldi	r19, 0x6E	; 110
    3266:	31 83       	std	Z+1, r19	; 0x01
    3268:	36 e6       	ldi	r19, 0x66	; 102
    326a:	32 83       	std	Z+2, r19	; 0x02
    326c:	fc 01       	movw	r30, r24
    326e:	32 2f       	mov	r19, r18
    3270:	40 e2       	ldi	r20, 0x20	; 32
    3272:	33 23       	and	r19, r19
    3274:	19 f0       	breq	.+6      	; 0x327c <dtoa_prf+0x152>
    3276:	41 93       	st	Z+, r20
    3278:	31 50       	subi	r19, 0x01	; 1
    327a:	fb cf       	rjmp	.-10     	; 0x3272 <dtoa_prf+0x148>
    327c:	fc 01       	movw	r30, r24
    327e:	e2 0f       	add	r30, r18
    3280:	f1 1d       	adc	r31, r1
    3282:	10 82       	st	Z, r1
    3284:	8e ef       	ldi	r24, 0xFE	; 254
    3286:	9f ef       	ldi	r25, 0xFF	; 255
    3288:	a6 c0       	rjmp	.+332    	; 0x33d6 <dtoa_prf+0x2ac>
    328a:	21 e0       	ldi	r18, 0x01	; 1
    328c:	30 e0       	ldi	r19, 0x00	; 0
    328e:	91 11       	cpse	r25, r1
    3290:	02 c0       	rjmp	.+4      	; 0x3296 <dtoa_prf+0x16c>
    3292:	20 e0       	ldi	r18, 0x00	; 0
    3294:	30 e0       	ldi	r19, 0x00	; 0
    3296:	16 16       	cp	r1, r22
    3298:	17 06       	cpc	r1, r23
    329a:	1c f4       	brge	.+6      	; 0x32a2 <dtoa_prf+0x178>
    329c:	fb 01       	movw	r30, r22
    329e:	31 96       	adiw	r30, 0x01	; 1
    32a0:	02 c0       	rjmp	.+4      	; 0x32a6 <dtoa_prf+0x17c>
    32a2:	e1 e0       	ldi	r30, 0x01	; 1
    32a4:	f0 e0       	ldi	r31, 0x00	; 0
    32a6:	2e 0f       	add	r18, r30
    32a8:	3f 1f       	adc	r19, r31
    32aa:	bb 20       	and	r11, r11
    32ac:	21 f0       	breq	.+8      	; 0x32b6 <dtoa_prf+0x18c>
    32ae:	eb 2d       	mov	r30, r11
    32b0:	f0 e0       	ldi	r31, 0x00	; 0
    32b2:	31 96       	adiw	r30, 0x01	; 1
    32b4:	02 c0       	rjmp	.+4      	; 0x32ba <dtoa_prf+0x190>
    32b6:	e0 e0       	ldi	r30, 0x00	; 0
    32b8:	f0 e0       	ldi	r31, 0x00	; 0
    32ba:	2e 0f       	add	r18, r30
    32bc:	3f 1f       	adc	r19, r31
    32be:	e1 2f       	mov	r30, r17
    32c0:	f0 e0       	ldi	r31, 0x00	; 0
    32c2:	2e 17       	cp	r18, r30
    32c4:	3f 07       	cpc	r19, r31
    32c6:	1c f4       	brge	.+6      	; 0x32ce <dtoa_prf+0x1a4>
    32c8:	12 1b       	sub	r17, r18
    32ca:	21 2f       	mov	r18, r17
    32cc:	01 c0       	rjmp	.+2      	; 0x32d0 <dtoa_prf+0x1a6>
    32ce:	20 e0       	ldi	r18, 0x00	; 0
    32d0:	8e 2d       	mov	r24, r14
    32d2:	88 71       	andi	r24, 0x18	; 24
    32d4:	59 f4       	brne	.+22     	; 0x32ec <dtoa_prf+0x1c2>
    32d6:	f6 01       	movw	r30, r12
    32d8:	82 2f       	mov	r24, r18
    32da:	30 e2       	ldi	r19, 0x20	; 32
    32dc:	88 23       	and	r24, r24
    32de:	19 f0       	breq	.+6      	; 0x32e6 <dtoa_prf+0x1bc>
    32e0:	31 93       	st	Z+, r19
    32e2:	81 50       	subi	r24, 0x01	; 1
    32e4:	fb cf       	rjmp	.-10     	; 0x32dc <dtoa_prf+0x1b2>
    32e6:	c2 0e       	add	r12, r18
    32e8:	d1 1c       	adc	r13, r1
    32ea:	20 e0       	ldi	r18, 0x00	; 0
    32ec:	99 23       	and	r25, r25
    32ee:	29 f0       	breq	.+10     	; 0x32fa <dtoa_prf+0x1d0>
    32f0:	d6 01       	movw	r26, r12
    32f2:	9c 93       	st	X, r25
    32f4:	f6 01       	movw	r30, r12
    32f6:	31 96       	adiw	r30, 0x01	; 1
    32f8:	6f 01       	movw	r12, r30
    32fa:	51 11       	cpse	r21, r1
    32fc:	0b c0       	rjmp	.+22     	; 0x3314 <dtoa_prf+0x1ea>
    32fe:	f6 01       	movw	r30, r12
    3300:	82 2f       	mov	r24, r18
    3302:	90 e3       	ldi	r25, 0x30	; 48
    3304:	88 23       	and	r24, r24
    3306:	19 f0       	breq	.+6      	; 0x330e <dtoa_prf+0x1e4>
    3308:	91 93       	st	Z+, r25
    330a:	81 50       	subi	r24, 0x01	; 1
    330c:	fb cf       	rjmp	.-10     	; 0x3304 <dtoa_prf+0x1da>
    330e:	c2 0e       	add	r12, r18
    3310:	d1 1c       	adc	r13, r1
    3312:	20 e0       	ldi	r18, 0x00	; 0
    3314:	0f 2d       	mov	r16, r15
    3316:	06 0f       	add	r16, r22
    3318:	9a 81       	ldd	r25, Y+2	; 0x02
    331a:	34 2f       	mov	r19, r20
    331c:	30 71       	andi	r19, 0x10	; 16
    331e:	44 ff       	sbrs	r20, 4
    3320:	03 c0       	rjmp	.+6      	; 0x3328 <dtoa_prf+0x1fe>
    3322:	91 33       	cpi	r25, 0x31	; 49
    3324:	09 f4       	brne	.+2      	; 0x3328 <dtoa_prf+0x1fe>
    3326:	01 50       	subi	r16, 0x01	; 1
    3328:	10 16       	cp	r1, r16
    332a:	24 f4       	brge	.+8      	; 0x3334 <dtoa_prf+0x20a>
    332c:	09 30       	cpi	r16, 0x09	; 9
    332e:	18 f0       	brcs	.+6      	; 0x3336 <dtoa_prf+0x20c>
    3330:	08 e0       	ldi	r16, 0x08	; 8
    3332:	01 c0       	rjmp	.+2      	; 0x3336 <dtoa_prf+0x20c>
    3334:	01 e0       	ldi	r16, 0x01	; 1
    3336:	ab 01       	movw	r20, r22
    3338:	77 ff       	sbrs	r23, 7
    333a:	02 c0       	rjmp	.+4      	; 0x3340 <dtoa_prf+0x216>
    333c:	40 e0       	ldi	r20, 0x00	; 0
    333e:	50 e0       	ldi	r21, 0x00	; 0
    3340:	fb 01       	movw	r30, r22
    3342:	e4 1b       	sub	r30, r20
    3344:	f5 0b       	sbc	r31, r21
    3346:	a1 e0       	ldi	r26, 0x01	; 1
    3348:	b0 e0       	ldi	r27, 0x00	; 0
    334a:	ac 0f       	add	r26, r28
    334c:	bd 1f       	adc	r27, r29
    334e:	ea 0f       	add	r30, r26
    3350:	fb 1f       	adc	r31, r27
    3352:	8e e2       	ldi	r24, 0x2E	; 46
    3354:	a8 2e       	mov	r10, r24
    3356:	4b 01       	movw	r8, r22
    3358:	80 1a       	sub	r8, r16
    335a:	91 08       	sbc	r9, r1
    335c:	0b 2d       	mov	r16, r11
    335e:	10 e0       	ldi	r17, 0x00	; 0
    3360:	11 95       	neg	r17
    3362:	01 95       	neg	r16
    3364:	11 09       	sbc	r17, r1
    3366:	4f 3f       	cpi	r20, 0xFF	; 255
    3368:	bf ef       	ldi	r27, 0xFF	; 255
    336a:	5b 07       	cpc	r21, r27
    336c:	21 f4       	brne	.+8      	; 0x3376 <dtoa_prf+0x24c>
    336e:	d6 01       	movw	r26, r12
    3370:	ac 92       	st	X, r10
    3372:	11 96       	adiw	r26, 0x01	; 1
    3374:	6d 01       	movw	r12, r26
    3376:	64 17       	cp	r22, r20
    3378:	75 07       	cpc	r23, r21
    337a:	2c f0       	brlt	.+10     	; 0x3386 <dtoa_prf+0x25c>
    337c:	84 16       	cp	r8, r20
    337e:	95 06       	cpc	r9, r21
    3380:	14 f4       	brge	.+4      	; 0x3386 <dtoa_prf+0x25c>
    3382:	81 81       	ldd	r24, Z+1	; 0x01
    3384:	01 c0       	rjmp	.+2      	; 0x3388 <dtoa_prf+0x25e>
    3386:	80 e3       	ldi	r24, 0x30	; 48
    3388:	41 50       	subi	r20, 0x01	; 1
    338a:	51 09       	sbc	r21, r1
    338c:	31 96       	adiw	r30, 0x01	; 1
    338e:	d6 01       	movw	r26, r12
    3390:	11 96       	adiw	r26, 0x01	; 1
    3392:	7d 01       	movw	r14, r26
    3394:	40 17       	cp	r20, r16
    3396:	51 07       	cpc	r21, r17
    3398:	24 f0       	brlt	.+8      	; 0x33a2 <dtoa_prf+0x278>
    339a:	d6 01       	movw	r26, r12
    339c:	8c 93       	st	X, r24
    339e:	67 01       	movw	r12, r14
    33a0:	e2 cf       	rjmp	.-60     	; 0x3366 <dtoa_prf+0x23c>
    33a2:	64 17       	cp	r22, r20
    33a4:	75 07       	cpc	r23, r21
    33a6:	39 f4       	brne	.+14     	; 0x33b6 <dtoa_prf+0x28c>
    33a8:	96 33       	cpi	r25, 0x36	; 54
    33aa:	20 f4       	brcc	.+8      	; 0x33b4 <dtoa_prf+0x28a>
    33ac:	95 33       	cpi	r25, 0x35	; 53
    33ae:	19 f4       	brne	.+6      	; 0x33b6 <dtoa_prf+0x28c>
    33b0:	31 11       	cpse	r19, r1
    33b2:	01 c0       	rjmp	.+2      	; 0x33b6 <dtoa_prf+0x28c>
    33b4:	81 e3       	ldi	r24, 0x31	; 49
    33b6:	f6 01       	movw	r30, r12
    33b8:	80 83       	st	Z, r24
    33ba:	f7 01       	movw	r30, r14
    33bc:	82 2f       	mov	r24, r18
    33be:	90 e2       	ldi	r25, 0x20	; 32
    33c0:	88 23       	and	r24, r24
    33c2:	19 f0       	breq	.+6      	; 0x33ca <dtoa_prf+0x2a0>
    33c4:	91 93       	st	Z+, r25
    33c6:	81 50       	subi	r24, 0x01	; 1
    33c8:	fb cf       	rjmp	.-10     	; 0x33c0 <dtoa_prf+0x296>
    33ca:	f7 01       	movw	r30, r14
    33cc:	e2 0f       	add	r30, r18
    33ce:	f1 1d       	adc	r31, r1
    33d0:	10 82       	st	Z, r1
    33d2:	80 e0       	ldi	r24, 0x00	; 0
    33d4:	90 e0       	ldi	r25, 0x00	; 0
    33d6:	29 96       	adiw	r28, 0x09	; 9
    33d8:	ec e0       	ldi	r30, 0x0C	; 12
    33da:	0c 94 16 1d 	jmp	0x3a2c	; 0x3a2c <__epilogue_restores__+0xc>

000033de <strtod>:
    33de:	a0 e0       	ldi	r26, 0x00	; 0
    33e0:	b0 e0       	ldi	r27, 0x00	; 0
    33e2:	e5 ef       	ldi	r30, 0xF5	; 245
    33e4:	f9 e1       	ldi	r31, 0x19	; 25
    33e6:	0c 94 fa 1c 	jmp	0x39f4	; 0x39f4 <__prologue_saves__+0xc>
    33ea:	ec 01       	movw	r28, r24
    33ec:	6b 01       	movw	r12, r22
    33ee:	61 15       	cp	r22, r1
    33f0:	71 05       	cpc	r23, r1
    33f2:	19 f0       	breq	.+6      	; 0x33fa <strtod+0x1c>
    33f4:	fb 01       	movw	r30, r22
    33f6:	91 83       	std	Z+1, r25	; 0x01
    33f8:	80 83       	st	Z, r24
    33fa:	7e 01       	movw	r14, r28
    33fc:	ff ef       	ldi	r31, 0xFF	; 255
    33fe:	ef 1a       	sub	r14, r31
    3400:	ff 0a       	sbc	r15, r31
    3402:	08 81       	ld	r16, Y
    3404:	80 2f       	mov	r24, r16
    3406:	90 e0       	ldi	r25, 0x00	; 0
    3408:	0e 94 15 1c 	call	0x382a	; 0x382a <isspace>
    340c:	89 2b       	or	r24, r25
    340e:	11 f0       	breq	.+4      	; 0x3414 <strtod+0x36>
    3410:	e7 01       	movw	r28, r14
    3412:	f3 cf       	rjmp	.-26     	; 0x33fa <strtod+0x1c>
    3414:	0d 32       	cpi	r16, 0x2D	; 45
    3416:	39 f4       	brne	.+14     	; 0x3426 <strtod+0x48>
    3418:	7e 01       	movw	r14, r28
    341a:	82 e0       	ldi	r24, 0x02	; 2
    341c:	e8 0e       	add	r14, r24
    341e:	f1 1c       	adc	r15, r1
    3420:	09 81       	ldd	r16, Y+1	; 0x01
    3422:	11 e0       	ldi	r17, 0x01	; 1
    3424:	08 c0       	rjmp	.+16     	; 0x3436 <strtod+0x58>
    3426:	0b 32       	cpi	r16, 0x2B	; 43
    3428:	29 f4       	brne	.+10     	; 0x3434 <strtod+0x56>
    342a:	7e 01       	movw	r14, r28
    342c:	92 e0       	ldi	r25, 0x02	; 2
    342e:	e9 0e       	add	r14, r25
    3430:	f1 1c       	adc	r15, r1
    3432:	09 81       	ldd	r16, Y+1	; 0x01
    3434:	10 e0       	ldi	r17, 0x00	; 0
    3436:	e7 01       	movw	r28, r14
    3438:	21 97       	sbiw	r28, 0x01	; 1
    343a:	43 e0       	ldi	r20, 0x03	; 3
    343c:	50 e0       	ldi	r21, 0x00	; 0
    343e:	68 e6       	ldi	r22, 0x68	; 104
    3440:	71 e0       	ldi	r23, 0x01	; 1
    3442:	ce 01       	movw	r24, r28
    3444:	0e 94 1e 1c 	call	0x383c	; 0x383c <strncasecmp_P>
    3448:	89 2b       	or	r24, r25
    344a:	c1 f4       	brne	.+48     	; 0x347c <strtod+0x9e>
    344c:	23 96       	adiw	r28, 0x03	; 3
    344e:	45 e0       	ldi	r20, 0x05	; 5
    3450:	50 e0       	ldi	r21, 0x00	; 0
    3452:	63 e6       	ldi	r22, 0x63	; 99
    3454:	71 e0       	ldi	r23, 0x01	; 1
    3456:	ce 01       	movw	r24, r28
    3458:	0e 94 1e 1c 	call	0x383c	; 0x383c <strncasecmp_P>
    345c:	89 2b       	or	r24, r25
    345e:	09 f4       	brne	.+2      	; 0x3462 <strtod+0x84>
    3460:	25 96       	adiw	r28, 0x05	; 5
    3462:	c1 14       	cp	r12, r1
    3464:	d1 04       	cpc	r13, r1
    3466:	19 f0       	breq	.+6      	; 0x346e <strtod+0x90>
    3468:	f6 01       	movw	r30, r12
    346a:	d1 83       	std	Z+1, r29	; 0x01
    346c:	c0 83       	st	Z, r28
    346e:	11 11       	cpse	r17, r1
    3470:	f6 c0       	rjmp	.+492    	; 0x365e <strtod+0x280>
    3472:	60 e0       	ldi	r22, 0x00	; 0
    3474:	70 e0       	ldi	r23, 0x00	; 0
    3476:	80 e8       	ldi	r24, 0x80	; 128
    3478:	9f e7       	ldi	r25, 0x7F	; 127
    347a:	fa c0       	rjmp	.+500    	; 0x3670 <strtod+0x292>
    347c:	43 e0       	ldi	r20, 0x03	; 3
    347e:	50 e0       	ldi	r21, 0x00	; 0
    3480:	60 e6       	ldi	r22, 0x60	; 96
    3482:	71 e0       	ldi	r23, 0x01	; 1
    3484:	ce 01       	movw	r24, r28
    3486:	0e 94 1e 1c 	call	0x383c	; 0x383c <strncasecmp_P>
    348a:	89 2b       	or	r24, r25
    348c:	59 f4       	brne	.+22     	; 0x34a4 <strtod+0xc6>
    348e:	c1 14       	cp	r12, r1
    3490:	d1 04       	cpc	r13, r1
    3492:	09 f4       	brne	.+2      	; 0x3496 <strtod+0xb8>
    3494:	e9 c0       	rjmp	.+466    	; 0x3668 <strtod+0x28a>
    3496:	f2 e0       	ldi	r31, 0x02	; 2
    3498:	ef 0e       	add	r14, r31
    349a:	f1 1c       	adc	r15, r1
    349c:	f6 01       	movw	r30, r12
    349e:	f1 82       	std	Z+1, r15	; 0x01
    34a0:	e0 82       	st	Z, r14
    34a2:	e2 c0       	rjmp	.+452    	; 0x3668 <strtod+0x28a>
    34a4:	20 e0       	ldi	r18, 0x00	; 0
    34a6:	30 e0       	ldi	r19, 0x00	; 0
    34a8:	a9 01       	movw	r20, r18
    34aa:	c0 e0       	ldi	r28, 0x00	; 0
    34ac:	d0 e0       	ldi	r29, 0x00	; 0
    34ae:	f7 01       	movw	r30, r14
    34b0:	80 ed       	ldi	r24, 0xD0	; 208
    34b2:	a8 2e       	mov	r10, r24
    34b4:	a0 0e       	add	r10, r16
    34b6:	89 e0       	ldi	r24, 0x09	; 9
    34b8:	8a 15       	cp	r24, r10
    34ba:	30 f1       	brcs	.+76     	; 0x3508 <strtod+0x12a>
    34bc:	91 2f       	mov	r25, r17
    34be:	92 60       	ori	r25, 0x02	; 2
    34c0:	b9 2e       	mov	r11, r25
    34c2:	81 2f       	mov	r24, r17
    34c4:	88 70       	andi	r24, 0x08	; 8
    34c6:	12 ff       	sbrs	r17, 2
    34c8:	04 c0       	rjmp	.+8      	; 0x34d2 <strtod+0xf4>
    34ca:	81 11       	cpse	r24, r1
    34cc:	24 c0       	rjmp	.+72     	; 0x3516 <strtod+0x138>
    34ce:	21 96       	adiw	r28, 0x01	; 1
    34d0:	22 c0       	rjmp	.+68     	; 0x3516 <strtod+0x138>
    34d2:	81 11       	cpse	r24, r1
    34d4:	21 97       	sbiw	r28, 0x01	; 1
    34d6:	a5 e0       	ldi	r26, 0x05	; 5
    34d8:	b0 e0       	ldi	r27, 0x00	; 0
    34da:	0e 94 e9 1c 	call	0x39d2	; 0x39d2 <__muluhisi3>
    34de:	dc 01       	movw	r26, r24
    34e0:	cb 01       	movw	r24, r22
    34e2:	88 0f       	add	r24, r24
    34e4:	99 1f       	adc	r25, r25
    34e6:	aa 1f       	adc	r26, r26
    34e8:	bb 1f       	adc	r27, r27
    34ea:	9c 01       	movw	r18, r24
    34ec:	ad 01       	movw	r20, r26
    34ee:	2a 0d       	add	r18, r10
    34f0:	31 1d       	adc	r19, r1
    34f2:	41 1d       	adc	r20, r1
    34f4:	51 1d       	adc	r21, r1
    34f6:	28 39       	cpi	r18, 0x98	; 152
    34f8:	89 e9       	ldi	r24, 0x99	; 153
    34fa:	38 07       	cpc	r19, r24
    34fc:	48 07       	cpc	r20, r24
    34fe:	89 e1       	ldi	r24, 0x19	; 25
    3500:	58 07       	cpc	r21, r24
    3502:	48 f0       	brcs	.+18     	; 0x3516 <strtod+0x138>
    3504:	16 60       	ori	r17, 0x06	; 6
    3506:	06 c0       	rjmp	.+12     	; 0x3514 <strtod+0x136>
    3508:	9e ef       	ldi	r25, 0xFE	; 254
    350a:	a9 12       	cpse	r10, r25
    350c:	0a c0       	rjmp	.+20     	; 0x3522 <strtod+0x144>
    350e:	13 fd       	sbrc	r17, 3
    3510:	40 c0       	rjmp	.+128    	; 0x3592 <strtod+0x1b4>
    3512:	18 60       	ori	r17, 0x08	; 8
    3514:	b1 2e       	mov	r11, r17
    3516:	8f ef       	ldi	r24, 0xFF	; 255
    3518:	e8 1a       	sub	r14, r24
    351a:	f8 0a       	sbc	r15, r24
    351c:	00 81       	ld	r16, Z
    351e:	1b 2d       	mov	r17, r11
    3520:	c6 cf       	rjmp	.-116    	; 0x34ae <strtod+0xd0>
    3522:	80 2f       	mov	r24, r16
    3524:	8f 7d       	andi	r24, 0xDF	; 223
    3526:	85 34       	cpi	r24, 0x45	; 69
    3528:	a1 f5       	brne	.+104    	; 0x3592 <strtod+0x1b4>
    352a:	80 81       	ld	r24, Z
    352c:	8d 32       	cpi	r24, 0x2D	; 45
    352e:	11 f4       	brne	.+4      	; 0x3534 <strtod+0x156>
    3530:	10 61       	ori	r17, 0x10	; 16
    3532:	06 c0       	rjmp	.+12     	; 0x3540 <strtod+0x162>
    3534:	8b 32       	cpi	r24, 0x2B	; 43
    3536:	21 f0       	breq	.+8      	; 0x3540 <strtod+0x162>
    3538:	31 96       	adiw	r30, 0x01	; 1
    353a:	61 e0       	ldi	r22, 0x01	; 1
    353c:	70 e0       	ldi	r23, 0x00	; 0
    353e:	04 c0       	rjmp	.+8      	; 0x3548 <strtod+0x16a>
    3540:	81 81       	ldd	r24, Z+1	; 0x01
    3542:	32 96       	adiw	r30, 0x02	; 2
    3544:	62 e0       	ldi	r22, 0x02	; 2
    3546:	70 e0       	ldi	r23, 0x00	; 0
    3548:	80 53       	subi	r24, 0x30	; 48
    354a:	8a 30       	cpi	r24, 0x0A	; 10
    354c:	18 f0       	brcs	.+6      	; 0x3554 <strtod+0x176>
    354e:	e6 1b       	sub	r30, r22
    3550:	f7 0b       	sbc	r31, r23
    3552:	1f c0       	rjmp	.+62     	; 0x3592 <strtod+0x1b4>
    3554:	60 e0       	ldi	r22, 0x00	; 0
    3556:	70 e0       	ldi	r23, 0x00	; 0
    3558:	60 38       	cpi	r22, 0x80	; 128
    355a:	9c e0       	ldi	r25, 0x0C	; 12
    355c:	79 07       	cpc	r23, r25
    355e:	5c f4       	brge	.+22     	; 0x3576 <strtod+0x198>
    3560:	db 01       	movw	r26, r22
    3562:	aa 0f       	add	r26, r26
    3564:	bb 1f       	adc	r27, r27
    3566:	aa 0f       	add	r26, r26
    3568:	bb 1f       	adc	r27, r27
    356a:	6a 0f       	add	r22, r26
    356c:	7b 1f       	adc	r23, r27
    356e:	66 0f       	add	r22, r22
    3570:	77 1f       	adc	r23, r23
    3572:	68 0f       	add	r22, r24
    3574:	71 1d       	adc	r23, r1
    3576:	31 96       	adiw	r30, 0x01	; 1
    3578:	df 01       	movw	r26, r30
    357a:	11 97       	sbiw	r26, 0x01	; 1
    357c:	8c 91       	ld	r24, X
    357e:	80 53       	subi	r24, 0x30	; 48
    3580:	8a 30       	cpi	r24, 0x0A	; 10
    3582:	50 f3       	brcs	.-44     	; 0x3558 <strtod+0x17a>
    3584:	14 ff       	sbrs	r17, 4
    3586:	03 c0       	rjmp	.+6      	; 0x358e <strtod+0x1b0>
    3588:	71 95       	neg	r23
    358a:	61 95       	neg	r22
    358c:	71 09       	sbc	r23, r1
    358e:	c6 0f       	add	r28, r22
    3590:	d7 1f       	adc	r29, r23
    3592:	11 ff       	sbrs	r17, 1
    3594:	08 c0       	rjmp	.+16     	; 0x35a6 <strtod+0x1c8>
    3596:	c1 14       	cp	r12, r1
    3598:	d1 04       	cpc	r13, r1
    359a:	29 f0       	breq	.+10     	; 0x35a6 <strtod+0x1c8>
    359c:	cf 01       	movw	r24, r30
    359e:	01 97       	sbiw	r24, 0x01	; 1
    35a0:	f6 01       	movw	r30, r12
    35a2:	91 83       	std	Z+1, r25	; 0x01
    35a4:	80 83       	st	Z, r24
    35a6:	ca 01       	movw	r24, r20
    35a8:	b9 01       	movw	r22, r18
    35aa:	0e 94 c6 12 	call	0x258c	; 0x258c <__floatunsisf>
    35ae:	21 2f       	mov	r18, r17
    35b0:	23 70       	andi	r18, 0x03	; 3
    35b2:	23 30       	cpi	r18, 0x03	; 3
    35b4:	19 f0       	breq	.+6      	; 0x35bc <strtod+0x1de>
    35b6:	4b 01       	movw	r8, r22
    35b8:	5c 01       	movw	r10, r24
    35ba:	06 c0       	rjmp	.+12     	; 0x35c8 <strtod+0x1ea>
    35bc:	4b 01       	movw	r8, r22
    35be:	5c 01       	movw	r10, r24
    35c0:	b7 fa       	bst	r11, 7
    35c2:	b0 94       	com	r11
    35c4:	b7 f8       	bld	r11, 7
    35c6:	b0 94       	com	r11
    35c8:	20 e0       	ldi	r18, 0x00	; 0
    35ca:	30 e0       	ldi	r19, 0x00	; 0
    35cc:	a9 01       	movw	r20, r18
    35ce:	c5 01       	movw	r24, r10
    35d0:	b4 01       	movw	r22, r8
    35d2:	0e 94 4a 12 	call	0x2494	; 0x2494 <__cmpsf2>
    35d6:	88 23       	and	r24, r24
    35d8:	09 f4       	brne	.+2      	; 0x35dc <strtod+0x1fe>
    35da:	3e c0       	rjmp	.+124    	; 0x3658 <strtod+0x27a>
    35dc:	d7 ff       	sbrs	r29, 7
    35de:	06 c0       	rjmp	.+12     	; 0x35ec <strtod+0x20e>
    35e0:	d1 95       	neg	r29
    35e2:	c1 95       	neg	r28
    35e4:	d1 09       	sbc	r29, r1
    35e6:	0f e7       	ldi	r16, 0x7F	; 127
    35e8:	11 e0       	ldi	r17, 0x01	; 1
    35ea:	02 c0       	rjmp	.+4      	; 0x35f0 <strtod+0x212>
    35ec:	07 e9       	ldi	r16, 0x97	; 151
    35ee:	11 e0       	ldi	r17, 0x01	; 1
    35f0:	68 01       	movw	r12, r16
    35f2:	f8 e1       	ldi	r31, 0x18	; 24
    35f4:	cf 1a       	sub	r12, r31
    35f6:	d1 08       	sbc	r13, r1
    35f8:	90 e2       	ldi	r25, 0x20	; 32
    35fa:	e9 2e       	mov	r14, r25
    35fc:	f1 2c       	mov	r15, r1
    35fe:	ce 15       	cp	r28, r14
    3600:	df 05       	cpc	r29, r15
    3602:	74 f0       	brlt	.+28     	; 0x3620 <strtod+0x242>
    3604:	f8 01       	movw	r30, r16
    3606:	25 91       	lpm	r18, Z+
    3608:	35 91       	lpm	r19, Z+
    360a:	45 91       	lpm	r20, Z+
    360c:	54 91       	lpm	r21, Z
    360e:	c5 01       	movw	r24, r10
    3610:	b4 01       	movw	r22, r8
    3612:	0e 94 14 14 	call	0x2828	; 0x2828 <__mulsf3>
    3616:	4b 01       	movw	r8, r22
    3618:	5c 01       	movw	r10, r24
    361a:	ce 19       	sub	r28, r14
    361c:	df 09       	sbc	r29, r15
    361e:	ef cf       	rjmp	.-34     	; 0x35fe <strtod+0x220>
    3620:	04 50       	subi	r16, 0x04	; 4
    3622:	11 09       	sbc	r17, r1
    3624:	f5 94       	asr	r15
    3626:	e7 94       	ror	r14
    3628:	0c 15       	cp	r16, r12
    362a:	1d 05       	cpc	r17, r13
    362c:	41 f7       	brne	.-48     	; 0x35fe <strtod+0x220>
    362e:	8a 2d       	mov	r24, r10
    3630:	88 0f       	add	r24, r24
    3632:	8b 2d       	mov	r24, r11
    3634:	88 1f       	adc	r24, r24
    3636:	8f 3f       	cpi	r24, 0xFF	; 255
    3638:	49 f0       	breq	.+18     	; 0x364c <strtod+0x26e>
    363a:	20 e0       	ldi	r18, 0x00	; 0
    363c:	30 e0       	ldi	r19, 0x00	; 0
    363e:	a9 01       	movw	r20, r18
    3640:	c5 01       	movw	r24, r10
    3642:	b4 01       	movw	r22, r8
    3644:	0e 94 4a 12 	call	0x2494	; 0x2494 <__cmpsf2>
    3648:	81 11       	cpse	r24, r1
    364a:	06 c0       	rjmp	.+12     	; 0x3658 <strtod+0x27a>
    364c:	82 e2       	ldi	r24, 0x22	; 34
    364e:	90 e0       	ldi	r25, 0x00	; 0
    3650:	90 93 91 02 	sts	0x0291, r25	; 0x800291 <errno+0x1>
    3654:	80 93 90 02 	sts	0x0290, r24	; 0x800290 <errno>
    3658:	c5 01       	movw	r24, r10
    365a:	b4 01       	movw	r22, r8
    365c:	09 c0       	rjmp	.+18     	; 0x3670 <strtod+0x292>
    365e:	60 e0       	ldi	r22, 0x00	; 0
    3660:	70 e0       	ldi	r23, 0x00	; 0
    3662:	80 e8       	ldi	r24, 0x80	; 128
    3664:	9f ef       	ldi	r25, 0xFF	; 255
    3666:	04 c0       	rjmp	.+8      	; 0x3670 <strtod+0x292>
    3668:	60 e0       	ldi	r22, 0x00	; 0
    366a:	70 e0       	ldi	r23, 0x00	; 0
    366c:	80 ec       	ldi	r24, 0xC0	; 192
    366e:	9f e7       	ldi	r25, 0x7F	; 127
    3670:	cd b7       	in	r28, 0x3d	; 61
    3672:	de b7       	in	r29, 0x3e	; 62
    3674:	ec e0       	ldi	r30, 0x0C	; 12
    3676:	0c 94 16 1d 	jmp	0x3a2c	; 0x3a2c <__epilogue_restores__+0xc>

0000367a <__ftoa_engine>:
    367a:	28 30       	cpi	r18, 0x08	; 8
    367c:	08 f0       	brcs	.+2      	; 0x3680 <__ftoa_engine+0x6>
    367e:	27 e0       	ldi	r18, 0x07	; 7
    3680:	33 27       	eor	r19, r19
    3682:	da 01       	movw	r26, r20
    3684:	99 0f       	add	r25, r25
    3686:	31 1d       	adc	r19, r1
    3688:	87 fd       	sbrc	r24, 7
    368a:	91 60       	ori	r25, 0x01	; 1
    368c:	00 96       	adiw	r24, 0x00	; 0
    368e:	61 05       	cpc	r22, r1
    3690:	71 05       	cpc	r23, r1
    3692:	39 f4       	brne	.+14     	; 0x36a2 <__ftoa_engine+0x28>
    3694:	32 60       	ori	r19, 0x02	; 2
    3696:	2e 5f       	subi	r18, 0xFE	; 254
    3698:	3d 93       	st	X+, r19
    369a:	30 e3       	ldi	r19, 0x30	; 48
    369c:	2a 95       	dec	r18
    369e:	e1 f7       	brne	.-8      	; 0x3698 <__ftoa_engine+0x1e>
    36a0:	08 95       	ret
    36a2:	9f 3f       	cpi	r25, 0xFF	; 255
    36a4:	30 f0       	brcs	.+12     	; 0x36b2 <__ftoa_engine+0x38>
    36a6:	80 38       	cpi	r24, 0x80	; 128
    36a8:	71 05       	cpc	r23, r1
    36aa:	61 05       	cpc	r22, r1
    36ac:	09 f0       	breq	.+2      	; 0x36b0 <__ftoa_engine+0x36>
    36ae:	3c 5f       	subi	r19, 0xFC	; 252
    36b0:	3c 5f       	subi	r19, 0xFC	; 252
    36b2:	3d 93       	st	X+, r19
    36b4:	91 30       	cpi	r25, 0x01	; 1
    36b6:	08 f0       	brcs	.+2      	; 0x36ba <__ftoa_engine+0x40>
    36b8:	80 68       	ori	r24, 0x80	; 128
    36ba:	91 1d       	adc	r25, r1
    36bc:	df 93       	push	r29
    36be:	cf 93       	push	r28
    36c0:	1f 93       	push	r17
    36c2:	0f 93       	push	r16
    36c4:	ff 92       	push	r15
    36c6:	ef 92       	push	r14
    36c8:	19 2f       	mov	r17, r25
    36ca:	98 7f       	andi	r25, 0xF8	; 248
    36cc:	96 95       	lsr	r25
    36ce:	e9 2f       	mov	r30, r25
    36d0:	96 95       	lsr	r25
    36d2:	96 95       	lsr	r25
    36d4:	e9 0f       	add	r30, r25
    36d6:	ff 27       	eor	r31, r31
    36d8:	eb 50       	subi	r30, 0x0B	; 11
    36da:	fe 4f       	sbci	r31, 0xFE	; 254
    36dc:	99 27       	eor	r25, r25
    36de:	33 27       	eor	r19, r19
    36e0:	ee 24       	eor	r14, r14
    36e2:	ff 24       	eor	r15, r15
    36e4:	a7 01       	movw	r20, r14
    36e6:	e7 01       	movw	r28, r14
    36e8:	05 90       	lpm	r0, Z+
    36ea:	08 94       	sec
    36ec:	07 94       	ror	r0
    36ee:	28 f4       	brcc	.+10     	; 0x36fa <__ftoa_engine+0x80>
    36f0:	36 0f       	add	r19, r22
    36f2:	e7 1e       	adc	r14, r23
    36f4:	f8 1e       	adc	r15, r24
    36f6:	49 1f       	adc	r20, r25
    36f8:	51 1d       	adc	r21, r1
    36fa:	66 0f       	add	r22, r22
    36fc:	77 1f       	adc	r23, r23
    36fe:	88 1f       	adc	r24, r24
    3700:	99 1f       	adc	r25, r25
    3702:	06 94       	lsr	r0
    3704:	a1 f7       	brne	.-24     	; 0x36ee <__ftoa_engine+0x74>
    3706:	05 90       	lpm	r0, Z+
    3708:	07 94       	ror	r0
    370a:	28 f4       	brcc	.+10     	; 0x3716 <__ftoa_engine+0x9c>
    370c:	e7 0e       	add	r14, r23
    370e:	f8 1e       	adc	r15, r24
    3710:	49 1f       	adc	r20, r25
    3712:	56 1f       	adc	r21, r22
    3714:	c1 1d       	adc	r28, r1
    3716:	77 0f       	add	r23, r23
    3718:	88 1f       	adc	r24, r24
    371a:	99 1f       	adc	r25, r25
    371c:	66 1f       	adc	r22, r22
    371e:	06 94       	lsr	r0
    3720:	a1 f7       	brne	.-24     	; 0x370a <__ftoa_engine+0x90>
    3722:	05 90       	lpm	r0, Z+
    3724:	07 94       	ror	r0
    3726:	28 f4       	brcc	.+10     	; 0x3732 <__ftoa_engine+0xb8>
    3728:	f8 0e       	add	r15, r24
    372a:	49 1f       	adc	r20, r25
    372c:	56 1f       	adc	r21, r22
    372e:	c7 1f       	adc	r28, r23
    3730:	d1 1d       	adc	r29, r1
    3732:	88 0f       	add	r24, r24
    3734:	99 1f       	adc	r25, r25
    3736:	66 1f       	adc	r22, r22
    3738:	77 1f       	adc	r23, r23
    373a:	06 94       	lsr	r0
    373c:	a1 f7       	brne	.-24     	; 0x3726 <__ftoa_engine+0xac>
    373e:	05 90       	lpm	r0, Z+
    3740:	07 94       	ror	r0
    3742:	20 f4       	brcc	.+8      	; 0x374c <__ftoa_engine+0xd2>
    3744:	49 0f       	add	r20, r25
    3746:	56 1f       	adc	r21, r22
    3748:	c7 1f       	adc	r28, r23
    374a:	d8 1f       	adc	r29, r24
    374c:	99 0f       	add	r25, r25
    374e:	66 1f       	adc	r22, r22
    3750:	77 1f       	adc	r23, r23
    3752:	88 1f       	adc	r24, r24
    3754:	06 94       	lsr	r0
    3756:	a9 f7       	brne	.-22     	; 0x3742 <__ftoa_engine+0xc8>
    3758:	84 91       	lpm	r24, Z
    375a:	10 95       	com	r17
    375c:	17 70       	andi	r17, 0x07	; 7
    375e:	41 f0       	breq	.+16     	; 0x3770 <__ftoa_engine+0xf6>
    3760:	d6 95       	lsr	r29
    3762:	c7 95       	ror	r28
    3764:	57 95       	ror	r21
    3766:	47 95       	ror	r20
    3768:	f7 94       	ror	r15
    376a:	e7 94       	ror	r14
    376c:	1a 95       	dec	r17
    376e:	c1 f7       	brne	.-16     	; 0x3760 <__ftoa_engine+0xe6>
    3770:	eb e9       	ldi	r30, 0x9B	; 155
    3772:	f1 e0       	ldi	r31, 0x01	; 1
    3774:	68 94       	set
    3776:	15 90       	lpm	r1, Z+
    3778:	15 91       	lpm	r17, Z+
    377a:	35 91       	lpm	r19, Z+
    377c:	65 91       	lpm	r22, Z+
    377e:	95 91       	lpm	r25, Z+
    3780:	05 90       	lpm	r0, Z+
    3782:	7f e2       	ldi	r23, 0x2F	; 47
    3784:	73 95       	inc	r23
    3786:	e1 18       	sub	r14, r1
    3788:	f1 0a       	sbc	r15, r17
    378a:	43 0b       	sbc	r20, r19
    378c:	56 0b       	sbc	r21, r22
    378e:	c9 0b       	sbc	r28, r25
    3790:	d0 09       	sbc	r29, r0
    3792:	c0 f7       	brcc	.-16     	; 0x3784 <__ftoa_engine+0x10a>
    3794:	e1 0c       	add	r14, r1
    3796:	f1 1e       	adc	r15, r17
    3798:	43 1f       	adc	r20, r19
    379a:	56 1f       	adc	r21, r22
    379c:	c9 1f       	adc	r28, r25
    379e:	d0 1d       	adc	r29, r0
    37a0:	7e f4       	brtc	.+30     	; 0x37c0 <__ftoa_engine+0x146>
    37a2:	70 33       	cpi	r23, 0x30	; 48
    37a4:	11 f4       	brne	.+4      	; 0x37aa <__ftoa_engine+0x130>
    37a6:	8a 95       	dec	r24
    37a8:	e6 cf       	rjmp	.-52     	; 0x3776 <__ftoa_engine+0xfc>
    37aa:	e8 94       	clt
    37ac:	01 50       	subi	r16, 0x01	; 1
    37ae:	30 f0       	brcs	.+12     	; 0x37bc <__ftoa_engine+0x142>
    37b0:	08 0f       	add	r16, r24
    37b2:	0a f4       	brpl	.+2      	; 0x37b6 <__ftoa_engine+0x13c>
    37b4:	00 27       	eor	r16, r16
    37b6:	02 17       	cp	r16, r18
    37b8:	08 f4       	brcc	.+2      	; 0x37bc <__ftoa_engine+0x142>
    37ba:	20 2f       	mov	r18, r16
    37bc:	23 95       	inc	r18
    37be:	02 2f       	mov	r16, r18
    37c0:	7a 33       	cpi	r23, 0x3A	; 58
    37c2:	28 f0       	brcs	.+10     	; 0x37ce <__ftoa_engine+0x154>
    37c4:	79 e3       	ldi	r23, 0x39	; 57
    37c6:	7d 93       	st	X+, r23
    37c8:	2a 95       	dec	r18
    37ca:	e9 f7       	brne	.-6      	; 0x37c6 <__ftoa_engine+0x14c>
    37cc:	10 c0       	rjmp	.+32     	; 0x37ee <__ftoa_engine+0x174>
    37ce:	7d 93       	st	X+, r23
    37d0:	2a 95       	dec	r18
    37d2:	89 f6       	brne	.-94     	; 0x3776 <__ftoa_engine+0xfc>
    37d4:	06 94       	lsr	r0
    37d6:	97 95       	ror	r25
    37d8:	67 95       	ror	r22
    37da:	37 95       	ror	r19
    37dc:	17 95       	ror	r17
    37de:	17 94       	ror	r1
    37e0:	e1 18       	sub	r14, r1
    37e2:	f1 0a       	sbc	r15, r17
    37e4:	43 0b       	sbc	r20, r19
    37e6:	56 0b       	sbc	r21, r22
    37e8:	c9 0b       	sbc	r28, r25
    37ea:	d0 09       	sbc	r29, r0
    37ec:	98 f0       	brcs	.+38     	; 0x3814 <__ftoa_engine+0x19a>
    37ee:	23 95       	inc	r18
    37f0:	7e 91       	ld	r23, -X
    37f2:	73 95       	inc	r23
    37f4:	7a 33       	cpi	r23, 0x3A	; 58
    37f6:	08 f0       	brcs	.+2      	; 0x37fa <__ftoa_engine+0x180>
    37f8:	70 e3       	ldi	r23, 0x30	; 48
    37fa:	7c 93       	st	X, r23
    37fc:	20 13       	cpse	r18, r16
    37fe:	b8 f7       	brcc	.-18     	; 0x37ee <__ftoa_engine+0x174>
    3800:	7e 91       	ld	r23, -X
    3802:	70 61       	ori	r23, 0x10	; 16
    3804:	7d 93       	st	X+, r23
    3806:	30 f0       	brcs	.+12     	; 0x3814 <__ftoa_engine+0x19a>
    3808:	83 95       	inc	r24
    380a:	71 e3       	ldi	r23, 0x31	; 49
    380c:	7d 93       	st	X+, r23
    380e:	70 e3       	ldi	r23, 0x30	; 48
    3810:	2a 95       	dec	r18
    3812:	e1 f7       	brne	.-8      	; 0x380c <__ftoa_engine+0x192>
    3814:	11 24       	eor	r1, r1
    3816:	ef 90       	pop	r14
    3818:	ff 90       	pop	r15
    381a:	0f 91       	pop	r16
    381c:	1f 91       	pop	r17
    381e:	cf 91       	pop	r28
    3820:	df 91       	pop	r29
    3822:	99 27       	eor	r25, r25
    3824:	87 fd       	sbrc	r24, 7
    3826:	90 95       	com	r25
    3828:	08 95       	ret

0000382a <isspace>:
    382a:	91 11       	cpse	r25, r1
    382c:	0c 94 e6 1c 	jmp	0x39cc	; 0x39cc <__ctype_isfalse>
    3830:	80 32       	cpi	r24, 0x20	; 32
    3832:	19 f0       	breq	.+6      	; 0x383a <isspace+0x10>
    3834:	89 50       	subi	r24, 0x09	; 9
    3836:	85 50       	subi	r24, 0x05	; 5
    3838:	c8 f7       	brcc	.-14     	; 0x382c <isspace+0x2>
    383a:	08 95       	ret

0000383c <strncasecmp_P>:
    383c:	fb 01       	movw	r30, r22
    383e:	dc 01       	movw	r26, r24
    3840:	41 50       	subi	r20, 0x01	; 1
    3842:	50 40       	sbci	r21, 0x00	; 0
    3844:	88 f0       	brcs	.+34     	; 0x3868 <strncasecmp_P+0x2c>
    3846:	8d 91       	ld	r24, X+
    3848:	81 34       	cpi	r24, 0x41	; 65
    384a:	1c f0       	brlt	.+6      	; 0x3852 <strncasecmp_P+0x16>
    384c:	8b 35       	cpi	r24, 0x5B	; 91
    384e:	0c f4       	brge	.+2      	; 0x3852 <strncasecmp_P+0x16>
    3850:	80 5e       	subi	r24, 0xE0	; 224
    3852:	65 91       	lpm	r22, Z+
    3854:	61 34       	cpi	r22, 0x41	; 65
    3856:	1c f0       	brlt	.+6      	; 0x385e <strncasecmp_P+0x22>
    3858:	6b 35       	cpi	r22, 0x5B	; 91
    385a:	0c f4       	brge	.+2      	; 0x385e <strncasecmp_P+0x22>
    385c:	60 5e       	subi	r22, 0xE0	; 224
    385e:	86 1b       	sub	r24, r22
    3860:	61 11       	cpse	r22, r1
    3862:	71 f3       	breq	.-36     	; 0x3840 <strncasecmp_P+0x4>
    3864:	99 0b       	sbc	r25, r25
    3866:	08 95       	ret
    3868:	88 1b       	sub	r24, r24
    386a:	fc cf       	rjmp	.-8      	; 0x3864 <strncasecmp_P+0x28>

0000386c <strnlen_P>:
    386c:	fc 01       	movw	r30, r24
    386e:	05 90       	lpm	r0, Z+
    3870:	61 50       	subi	r22, 0x01	; 1
    3872:	70 40       	sbci	r23, 0x00	; 0
    3874:	01 10       	cpse	r0, r1
    3876:	d8 f7       	brcc	.-10     	; 0x386e <strnlen_P+0x2>
    3878:	80 95       	com	r24
    387a:	90 95       	com	r25
    387c:	8e 0f       	add	r24, r30
    387e:	9f 1f       	adc	r25, r31
    3880:	08 95       	ret

00003882 <strnlen>:
    3882:	fc 01       	movw	r30, r24
    3884:	61 50       	subi	r22, 0x01	; 1
    3886:	70 40       	sbci	r23, 0x00	; 0
    3888:	01 90       	ld	r0, Z+
    388a:	01 10       	cpse	r0, r1
    388c:	d8 f7       	brcc	.-10     	; 0x3884 <strnlen+0x2>
    388e:	80 95       	com	r24
    3890:	90 95       	com	r25
    3892:	8e 0f       	add	r24, r30
    3894:	9f 1f       	adc	r25, r31
    3896:	08 95       	ret

00003898 <fputc>:
    3898:	0f 93       	push	r16
    389a:	1f 93       	push	r17
    389c:	cf 93       	push	r28
    389e:	df 93       	push	r29
    38a0:	fb 01       	movw	r30, r22
    38a2:	23 81       	ldd	r18, Z+3	; 0x03
    38a4:	21 fd       	sbrc	r18, 1
    38a6:	03 c0       	rjmp	.+6      	; 0x38ae <fputc+0x16>
    38a8:	8f ef       	ldi	r24, 0xFF	; 255
    38aa:	9f ef       	ldi	r25, 0xFF	; 255
    38ac:	2c c0       	rjmp	.+88     	; 0x3906 <fputc+0x6e>
    38ae:	22 ff       	sbrs	r18, 2
    38b0:	16 c0       	rjmp	.+44     	; 0x38de <fputc+0x46>
    38b2:	46 81       	ldd	r20, Z+6	; 0x06
    38b4:	57 81       	ldd	r21, Z+7	; 0x07
    38b6:	24 81       	ldd	r18, Z+4	; 0x04
    38b8:	35 81       	ldd	r19, Z+5	; 0x05
    38ba:	42 17       	cp	r20, r18
    38bc:	53 07       	cpc	r21, r19
    38be:	44 f4       	brge	.+16     	; 0x38d0 <fputc+0x38>
    38c0:	a0 81       	ld	r26, Z
    38c2:	b1 81       	ldd	r27, Z+1	; 0x01
    38c4:	9d 01       	movw	r18, r26
    38c6:	2f 5f       	subi	r18, 0xFF	; 255
    38c8:	3f 4f       	sbci	r19, 0xFF	; 255
    38ca:	31 83       	std	Z+1, r19	; 0x01
    38cc:	20 83       	st	Z, r18
    38ce:	8c 93       	st	X, r24
    38d0:	26 81       	ldd	r18, Z+6	; 0x06
    38d2:	37 81       	ldd	r19, Z+7	; 0x07
    38d4:	2f 5f       	subi	r18, 0xFF	; 255
    38d6:	3f 4f       	sbci	r19, 0xFF	; 255
    38d8:	37 83       	std	Z+7, r19	; 0x07
    38da:	26 83       	std	Z+6, r18	; 0x06
    38dc:	14 c0       	rjmp	.+40     	; 0x3906 <fputc+0x6e>
    38de:	8b 01       	movw	r16, r22
    38e0:	ec 01       	movw	r28, r24
    38e2:	fb 01       	movw	r30, r22
    38e4:	00 84       	ldd	r0, Z+8	; 0x08
    38e6:	f1 85       	ldd	r31, Z+9	; 0x09
    38e8:	e0 2d       	mov	r30, r0
    38ea:	09 95       	icall
    38ec:	89 2b       	or	r24, r25
    38ee:	e1 f6       	brne	.-72     	; 0x38a8 <fputc+0x10>
    38f0:	d8 01       	movw	r26, r16
    38f2:	16 96       	adiw	r26, 0x06	; 6
    38f4:	8d 91       	ld	r24, X+
    38f6:	9c 91       	ld	r25, X
    38f8:	17 97       	sbiw	r26, 0x07	; 7
    38fa:	01 96       	adiw	r24, 0x01	; 1
    38fc:	17 96       	adiw	r26, 0x07	; 7
    38fe:	9c 93       	st	X, r25
    3900:	8e 93       	st	-X, r24
    3902:	16 97       	sbiw	r26, 0x06	; 6
    3904:	ce 01       	movw	r24, r28
    3906:	df 91       	pop	r29
    3908:	cf 91       	pop	r28
    390a:	1f 91       	pop	r17
    390c:	0f 91       	pop	r16
    390e:	08 95       	ret

00003910 <__ultoa_invert>:
    3910:	fa 01       	movw	r30, r20
    3912:	aa 27       	eor	r26, r26
    3914:	28 30       	cpi	r18, 0x08	; 8
    3916:	51 f1       	breq	.+84     	; 0x396c <__ultoa_invert+0x5c>
    3918:	20 31       	cpi	r18, 0x10	; 16
    391a:	81 f1       	breq	.+96     	; 0x397c <__ultoa_invert+0x6c>
    391c:	e8 94       	clt
    391e:	6f 93       	push	r22
    3920:	6e 7f       	andi	r22, 0xFE	; 254
    3922:	6e 5f       	subi	r22, 0xFE	; 254
    3924:	7f 4f       	sbci	r23, 0xFF	; 255
    3926:	8f 4f       	sbci	r24, 0xFF	; 255
    3928:	9f 4f       	sbci	r25, 0xFF	; 255
    392a:	af 4f       	sbci	r26, 0xFF	; 255
    392c:	b1 e0       	ldi	r27, 0x01	; 1
    392e:	3e d0       	rcall	.+124    	; 0x39ac <__ultoa_invert+0x9c>
    3930:	b4 e0       	ldi	r27, 0x04	; 4
    3932:	3c d0       	rcall	.+120    	; 0x39ac <__ultoa_invert+0x9c>
    3934:	67 0f       	add	r22, r23
    3936:	78 1f       	adc	r23, r24
    3938:	89 1f       	adc	r24, r25
    393a:	9a 1f       	adc	r25, r26
    393c:	a1 1d       	adc	r26, r1
    393e:	68 0f       	add	r22, r24
    3940:	79 1f       	adc	r23, r25
    3942:	8a 1f       	adc	r24, r26
    3944:	91 1d       	adc	r25, r1
    3946:	a1 1d       	adc	r26, r1
    3948:	6a 0f       	add	r22, r26
    394a:	71 1d       	adc	r23, r1
    394c:	81 1d       	adc	r24, r1
    394e:	91 1d       	adc	r25, r1
    3950:	a1 1d       	adc	r26, r1
    3952:	20 d0       	rcall	.+64     	; 0x3994 <__ultoa_invert+0x84>
    3954:	09 f4       	brne	.+2      	; 0x3958 <__ultoa_invert+0x48>
    3956:	68 94       	set
    3958:	3f 91       	pop	r19
    395a:	2a e0       	ldi	r18, 0x0A	; 10
    395c:	26 9f       	mul	r18, r22
    395e:	11 24       	eor	r1, r1
    3960:	30 19       	sub	r19, r0
    3962:	30 5d       	subi	r19, 0xD0	; 208
    3964:	31 93       	st	Z+, r19
    3966:	de f6       	brtc	.-74     	; 0x391e <__ultoa_invert+0xe>
    3968:	cf 01       	movw	r24, r30
    396a:	08 95       	ret
    396c:	46 2f       	mov	r20, r22
    396e:	47 70       	andi	r20, 0x07	; 7
    3970:	40 5d       	subi	r20, 0xD0	; 208
    3972:	41 93       	st	Z+, r20
    3974:	b3 e0       	ldi	r27, 0x03	; 3
    3976:	0f d0       	rcall	.+30     	; 0x3996 <__ultoa_invert+0x86>
    3978:	c9 f7       	brne	.-14     	; 0x396c <__ultoa_invert+0x5c>
    397a:	f6 cf       	rjmp	.-20     	; 0x3968 <__ultoa_invert+0x58>
    397c:	46 2f       	mov	r20, r22
    397e:	4f 70       	andi	r20, 0x0F	; 15
    3980:	40 5d       	subi	r20, 0xD0	; 208
    3982:	4a 33       	cpi	r20, 0x3A	; 58
    3984:	18 f0       	brcs	.+6      	; 0x398c <__ultoa_invert+0x7c>
    3986:	49 5d       	subi	r20, 0xD9	; 217
    3988:	31 fd       	sbrc	r19, 1
    398a:	40 52       	subi	r20, 0x20	; 32
    398c:	41 93       	st	Z+, r20
    398e:	02 d0       	rcall	.+4      	; 0x3994 <__ultoa_invert+0x84>
    3990:	a9 f7       	brne	.-22     	; 0x397c <__ultoa_invert+0x6c>
    3992:	ea cf       	rjmp	.-44     	; 0x3968 <__ultoa_invert+0x58>
    3994:	b4 e0       	ldi	r27, 0x04	; 4
    3996:	a6 95       	lsr	r26
    3998:	97 95       	ror	r25
    399a:	87 95       	ror	r24
    399c:	77 95       	ror	r23
    399e:	67 95       	ror	r22
    39a0:	ba 95       	dec	r27
    39a2:	c9 f7       	brne	.-14     	; 0x3996 <__ultoa_invert+0x86>
    39a4:	00 97       	sbiw	r24, 0x00	; 0
    39a6:	61 05       	cpc	r22, r1
    39a8:	71 05       	cpc	r23, r1
    39aa:	08 95       	ret
    39ac:	9b 01       	movw	r18, r22
    39ae:	ac 01       	movw	r20, r24
    39b0:	0a 2e       	mov	r0, r26
    39b2:	06 94       	lsr	r0
    39b4:	57 95       	ror	r21
    39b6:	47 95       	ror	r20
    39b8:	37 95       	ror	r19
    39ba:	27 95       	ror	r18
    39bc:	ba 95       	dec	r27
    39be:	c9 f7       	brne	.-14     	; 0x39b2 <__ultoa_invert+0xa2>
    39c0:	62 0f       	add	r22, r18
    39c2:	73 1f       	adc	r23, r19
    39c4:	84 1f       	adc	r24, r20
    39c6:	95 1f       	adc	r25, r21
    39c8:	a0 1d       	adc	r26, r0
    39ca:	08 95       	ret

000039cc <__ctype_isfalse>:
    39cc:	99 27       	eor	r25, r25
    39ce:	88 27       	eor	r24, r24

000039d0 <__ctype_istrue>:
    39d0:	08 95       	ret

000039d2 <__muluhisi3>:
    39d2:	0e 94 2b 1d 	call	0x3a56	; 0x3a56 <__umulhisi3>
    39d6:	a5 9f       	mul	r26, r21
    39d8:	90 0d       	add	r25, r0
    39da:	b4 9f       	mul	r27, r20
    39dc:	90 0d       	add	r25, r0
    39de:	a4 9f       	mul	r26, r20
    39e0:	80 0d       	add	r24, r0
    39e2:	91 1d       	adc	r25, r1
    39e4:	11 24       	eor	r1, r1
    39e6:	08 95       	ret

000039e8 <__prologue_saves__>:
    39e8:	2f 92       	push	r2
    39ea:	3f 92       	push	r3
    39ec:	4f 92       	push	r4
    39ee:	5f 92       	push	r5
    39f0:	6f 92       	push	r6
    39f2:	7f 92       	push	r7
    39f4:	8f 92       	push	r8
    39f6:	9f 92       	push	r9
    39f8:	af 92       	push	r10
    39fa:	bf 92       	push	r11
    39fc:	cf 92       	push	r12
    39fe:	df 92       	push	r13
    3a00:	ef 92       	push	r14
    3a02:	ff 92       	push	r15
    3a04:	0f 93       	push	r16
    3a06:	1f 93       	push	r17
    3a08:	cf 93       	push	r28
    3a0a:	df 93       	push	r29
    3a0c:	cd b7       	in	r28, 0x3d	; 61
    3a0e:	de b7       	in	r29, 0x3e	; 62
    3a10:	ca 1b       	sub	r28, r26
    3a12:	db 0b       	sbc	r29, r27
    3a14:	0f b6       	in	r0, 0x3f	; 63
    3a16:	f8 94       	cli
    3a18:	de bf       	out	0x3e, r29	; 62
    3a1a:	0f be       	out	0x3f, r0	; 63
    3a1c:	cd bf       	out	0x3d, r28	; 61
    3a1e:	09 94       	ijmp

00003a20 <__epilogue_restores__>:
    3a20:	2a 88       	ldd	r2, Y+18	; 0x12
    3a22:	39 88       	ldd	r3, Y+17	; 0x11
    3a24:	48 88       	ldd	r4, Y+16	; 0x10
    3a26:	5f 84       	ldd	r5, Y+15	; 0x0f
    3a28:	6e 84       	ldd	r6, Y+14	; 0x0e
    3a2a:	7d 84       	ldd	r7, Y+13	; 0x0d
    3a2c:	8c 84       	ldd	r8, Y+12	; 0x0c
    3a2e:	9b 84       	ldd	r9, Y+11	; 0x0b
    3a30:	aa 84       	ldd	r10, Y+10	; 0x0a
    3a32:	b9 84       	ldd	r11, Y+9	; 0x09
    3a34:	c8 84       	ldd	r12, Y+8	; 0x08
    3a36:	df 80       	ldd	r13, Y+7	; 0x07
    3a38:	ee 80       	ldd	r14, Y+6	; 0x06
    3a3a:	fd 80       	ldd	r15, Y+5	; 0x05
    3a3c:	0c 81       	ldd	r16, Y+4	; 0x04
    3a3e:	1b 81       	ldd	r17, Y+3	; 0x03
    3a40:	aa 81       	ldd	r26, Y+2	; 0x02
    3a42:	b9 81       	ldd	r27, Y+1	; 0x01
    3a44:	ce 0f       	add	r28, r30
    3a46:	d1 1d       	adc	r29, r1
    3a48:	0f b6       	in	r0, 0x3f	; 63
    3a4a:	f8 94       	cli
    3a4c:	de bf       	out	0x3e, r29	; 62
    3a4e:	0f be       	out	0x3f, r0	; 63
    3a50:	cd bf       	out	0x3d, r28	; 61
    3a52:	ed 01       	movw	r28, r26
    3a54:	08 95       	ret

00003a56 <__umulhisi3>:
    3a56:	a2 9f       	mul	r26, r18
    3a58:	b0 01       	movw	r22, r0
    3a5a:	b3 9f       	mul	r27, r19
    3a5c:	c0 01       	movw	r24, r0
    3a5e:	a3 9f       	mul	r26, r19
    3a60:	70 0d       	add	r23, r0
    3a62:	81 1d       	adc	r24, r1
    3a64:	11 24       	eor	r1, r1
    3a66:	91 1d       	adc	r25, r1
    3a68:	b2 9f       	mul	r27, r18
    3a6a:	70 0d       	add	r23, r0
    3a6c:	81 1d       	adc	r24, r1
    3a6e:	11 24       	eor	r1, r1
    3a70:	91 1d       	adc	r25, r1
    3a72:	08 95       	ret

00003a74 <_exit>:
    3a74:	f8 94       	cli

00003a76 <__stop_program>:
    3a76:	ff cf       	rjmp	.-2      	; 0x3a76 <__stop_program>
